user_id,country,channel,plan,device,signup_date,session_time,price,converted,step,revenue
1,Norway,Direct,Premium,Tablet,2024-01-01 00:00:00,10,300,1,completed,300
2,Denmark,Paid,Premium,Tablet,2024-01-01 00:01:00,9,300,0,signup,0
3,Norway,Paid,Pro,Mobile,2024-01-01 00:02:00,8,500,1,completed,500
4,Norway,Organic,Premium,Tablet,2024-01-01 00:03:00,6,300,0,form_started,0
5,Denmark,Paid,Pro,Mobile,2024-01-01 00:04:00,10,500,1,completed,500
6,Denmark,Paid,Pro,Tablet,2024-01-01 00:05:00,17,500,1,completed,500
7,Norway,Direct,Basic,Tablet,2024-01-01 00:06:00,5,100,0,signup,0
8,Sweden,Paid,Pro,Tablet,2024-01-01 00:07:00,14,500,0,signup,0
9,Norway,Direct,Premium,Desktop,2024-01-01 00:08:00,17,300,1,completed,300
10,Norway,Paid,Premium,Desktop,2024-01-01 00:09:00,11,300,1,completed,300
11,Norway,Paid,Pro,Mobile,2024-01-01 00:10:00,4,500,0,signup,0
12,Norway,Paid,Basic,Tablet,2024-01-01 00:11:00,17,100,1,completed,100
13,Denmark,Organic,Pro,Mobile,2024-01-01 00:12:00,2,500,0,signup,0
14,Norway,Direct,Pro,Mobile,2024-01-01 00:13:00,1,500,0,form_started,0
15,Sweden,Organic,Premium,Tablet,2024-01-01 00:14:00,18,300,0,form_started,0
16,Denmark,Paid,Basic,Desktop,2024-01-01 00:15:00,7,100,0,form_started,0
17,Sweden,Organic,Basic,Desktop,2024-01-01 00:16:00,6,100,0,signup,0
18,Sweden,Direct,Basic,Mobile,2024-01-01 00:17:00,6,100,0,form_started,0
19,Sweden,Paid,Basic,Desktop,2024-01-01 00:18:00,14,100,1,completed,100
20,Sweden,Organic,Premium,Tablet,2024-01-01 00:19:00,12,300,0,form_started,0
21,Denmark,Organic,Basic,Tablet,2024-01-01 00:20:00,14,100,0,signup,0
22,Denmark,Direct,Basic,Desktop,2024-01-01 00:21:00,14,100,1,completed,100
23,Sweden,Organic,Basic,Desktop,2024-01-01 00:22:00,12,100,0,form_started,0
24,Sweden,Direct,Premium,Mobile,2024-01-01 00:23:00,9,300,0,signup,0
25,Denmark,Paid,Premium,Desktop,2024-01-01 00:24:00,9,300,1,completed,300
26,Denmark,Paid,Basic,Mobile,2024-01-01 00:25:00,2,100,1,completed,100
27,Denmark,Organic,Premium,Tablet,2024-01-01 00:26:00,18,300,0,form_started,0
28,Norway,Paid,Pro,Tablet,2024-01-01 00:27:00,5,500,0,signup,0
29,Norway,Paid,Basic,Tablet,2024-01-01 00:28:00,12,100,0,form_started,0
30,Norway,Organic,Premium,Desktop,2024-01-01 00:29:00,14,300,1,completed,300
31,Sweden,Paid,Basic,Desktop,2024-01-01 00:30:00,13,100,0,form_started,0
32,Norway,Organic,Basic,Desktop,2024-01-01 00:31:00,3,100,0,signup,0
33,Sweden,Direct,Premium,Mobile,2024-01-01 00:32:00,15,300,1,completed,300
34,Sweden,Direct,Pro,Mobile,2024-01-01 00:33:00,15,500,0,form_started,0
35,Norway,Direct,Basic,Mobile,2024-01-01 00:34:00,3,100,0,signup,0
36,Sweden,Organic,Pro,Tablet,2024-01-01 00:35:00,19,500,0,form_started,0
37,Norway,Organic,Premium,Mobile,2024-01-01 00:36:00,15,300,0,signup,0
38,Norway,Paid,Basic,Desktop,2024-01-01 00:37:00,19,100,1,completed,100
39,Denmark,Paid,Premium,Desktop,2024-01-01 00:38:00,8,300,0,form_started,0
40,Norway,Paid,Premium,Tablet,2024-01-01 00:39:00,13,300,0,form_started,0
41,Denmark,Paid,Premium,Desktop,2024-01-01 00:40:00,10,300,0,form_started,0
42,Norway,Paid,Premium,Desktop,2024-01-01 00:41:00,2,300,0,signup,0
43,Norway,Organic,Basic,Desktop,2024-01-01 00:42:00,11,100,1,completed,100
44,Denmark,Organic,Pro,Mobile,2024-01-01 00:43:00,19,500,1,completed,500
45,Denmark,Direct,Pro,Mobile,2024-01-01 00:44:00,9,500,0,signup,0
46,Norway,Direct,Basic,Desktop,2024-01-01 00:45:00,9,100,0,signup,0
47,Sweden,Direct,Basic,Desktop,2024-01-01 00:46:00,6,100,0,form_started,0
48,Denmark,Direct,Pro,Desktop,2024-01-01 00:47:00,10,500,0,signup,0
49,Sweden,Organic,Pro,Desktop,2024-01-01 00:48:00,8,500,1,completed,500
50,Sweden,Organic,Basic,Mobile,2024-01-01 00:49:00,15,100,1,completed,100
51,Sweden,Organic,Premium,Tablet,2024-01-01 00:50:00,6,300,0,signup,0
52,Denmark,Paid,Basic,Desktop,2024-01-01 00:51:00,7,100,0,form_started,0
53,Sweden,Paid,Pro,Mobile,2024-01-01 00:52:00,17,500,0,signup,0
54,Denmark,Direct,Premium,Desktop,2024-01-01 00:53:00,4,300,0,signup,0
55,Sweden,Paid,Pro,Tablet,2024-01-01 00:54:00,8,500,0,signup,0
56,Norway,Organic,Premium,Mobile,2024-01-01 00:55:00,13,300,0,form_started,0
57,Norway,Direct,Pro,Mobile,2024-01-01 00:56:00,14,500,0,signup,0
58,Denmark,Direct,Premium,Tablet,2024-01-01 00:57:00,18,300,0,signup,0
59,Norway,Paid,Basic,Tablet,2024-01-01 00:58:00,17,100,0,signup,0
60,Norway,Direct,Basic,Mobile,2024-01-01 00:59:00,18,100,1,completed,100
61,Sweden,Paid,Premium,Tablet,2024-01-01 01:00:00,14,300,1,completed,300
62,Denmark,Paid,Premium,Desktop,2024-01-01 01:01:00,11,300,0,form_started,0
63,Sweden,Direct,Basic,Tablet,2024-01-01 01:02:00,10,100,0,signup,0
64,Sweden,Paid,Basic,Tablet,2024-01-01 01:03:00,13,100,0,form_started,0
65,Sweden,Paid,Premium,Mobile,2024-01-01 01:04:00,16,300,1,completed,300
66,Sweden,Paid,Premium,Tablet,2024-01-01 01:05:00,14,300,1,completed,300
67,Sweden,Paid,Basic,Mobile,2024-01-01 01:06:00,3,100,1,completed,100
68,Sweden,Direct,Pro,Desktop,2024-01-01 01:07:00,18,500,1,completed,500
69,Sweden,Organic,Basic,Tablet,2024-01-01 01:08:00,6,100,0,signup,0
70,Denmark,Organic,Premium,Tablet,2024-01-01 01:09:00,3,300,0,form_started,0
71,Norway,Paid,Premium,Mobile,2024-01-01 01:10:00,19,300,0,signup,0
72,Sweden,Paid,Pro,Mobile,2024-01-01 01:11:00,3,500,0,signup,0
73,Sweden,Paid,Basic,Tablet,2024-01-01 01:12:00,12,100,0,form_started,0
74,Sweden,Organic,Premium,Mobile,2024-01-01 01:13:00,8,300,1,completed,300
75,Sweden,Paid,Basic,Tablet,2024-01-01 01:14:00,5,100,1,completed,100
76,Sweden,Direct,Premium,Desktop,2024-01-01 01:15:00,17,300,0,form_started,0
77,Sweden,Direct,Pro,Tablet,2024-01-01 01:16:00,10,500,1,completed,500
78,Norway,Direct,Basic,Desktop,2024-01-01 01:17:00,17,100,0,signup,0
79,Norway,Organic,Basic,Desktop,2024-01-01 01:18:00,9,100,1,completed,100
80,Sweden,Paid,Pro,Mobile,2024-01-01 01:19:00,13,500,1,completed,500
81,Norway,Paid,Premium,Mobile,2024-01-01 01:20:00,10,300,0,signup,0
82,Denmark,Paid,Premium,Mobile,2024-01-01 01:21:00,8,300,0,signup,0
83,Sweden,Organic,Basic,Mobile,2024-01-01 01:22:00,7,100,0,signup,0
84,Denmark,Organic,Pro,Tablet,2024-01-01 01:23:00,2,500,1,completed,500
85,Denmark,Organic,Basic,Desktop,2024-01-01 01:24:00,2,100,0,signup,0
86,Sweden,Organic,Basic,Tablet,2024-01-01 01:25:00,4,100,1,completed,100
87,Norway,Direct,Premium,Desktop,2024-01-01 01:26:00,9,300,0,signup,0
88,Denmark,Organic,Premium,Desktop,2024-01-01 01:27:00,14,300,1,completed,300
89,Sweden,Organic,Premium,Desktop,2024-01-01 01:28:00,11,300,1,completed,300
90,Denmark,Organic,Premium,Tablet,2024-01-01 01:29:00,7,300,1,completed,300
91,Denmark,Paid,Premium,Mobile,2024-01-01 01:30:00,19,300,0,form_started,0
92,Denmark,Paid,Pro,Tablet,2024-01-01 01:31:00,4,500,0,form_started,0
93,Denmark,Paid,Basic,Desktop,2024-01-01 01:32:00,2,100,0,form_started,0
94,Norway,Direct,Pro,Tablet,2024-01-01 01:33:00,19,500,0,form_started,0
95,Denmark,Direct,Basic,Desktop,2024-01-01 01:34:00,18,100,0,signup,0
96,Denmark,Organic,Premium,Mobile,2024-01-01 01:35:00,7,300,0,form_started,0
97,Denmark,Paid,Pro,Mobile,2024-01-01 01:36:00,11,500,1,completed,500
98,Norway,Direct,Basic,Tablet,2024-01-01 01:37:00,10,100,0,form_started,0
99,Denmark,Paid,Premium,Mobile,2024-01-01 01:38:00,11,300,1,completed,300
100,Denmark,Direct,Premium,Desktop,2024-01-01 01:39:00,9,300,0,form_started,0
101,Norway,Direct,Pro,Desktop,2024-01-01 01:40:00,3,500,0,form_started,0
102,Norway,Organic,Pro,Mobile,2024-01-01 01:41:00,5,500,0,signup,0
103,Norway,Organic,Pro,Mobile,2024-01-01 01:42:00,1,500,0,form_started,0
104,Denmark,Direct,Premium,Mobile,2024-01-01 01:43:00,1,300,0,form_started,0
105,Norway,Organic,Basic,Tablet,2024-01-01 01:44:00,5,100,0,signup,0
106,Norway,Direct,Basic,Tablet,2024-01-01 01:45:00,19,100,1,completed,100
107,Denmark,Direct,Pro,Desktop,2024-01-01 01:46:00,6,500,0,signup,0
108,Norway,Paid,Basic,Tablet,2024-01-01 01:47:00,3,100,0,form_started,0
109,Denmark,Organic,Premium,Tablet,2024-01-01 01:48:00,13,300,0,form_started,0
110,Sweden,Organic,Basic,Desktop,2024-01-01 01:49:00,17,100,1,completed,100
111,Norway,Organic,Premium,Desktop,2024-01-01 01:50:00,3,300,1,completed,300
112,Sweden,Paid,Pro,Mobile,2024-01-01 01:51:00,3,500,1,completed,500
113,Denmark,Paid,Basic,Mobile,2024-01-01 01:52:00,13,100,0,form_started,0
114,Norway,Paid,Premium,Tablet,2024-01-01 01:53:00,2,300,0,signup,0
115,Denmark,Organic,Pro,Desktop,2024-01-01 01:54:00,3,500,0,form_started,0
116,Sweden,Organic,Pro,Tablet,2024-01-01 01:55:00,16,500,1,completed,500
117,Denmark,Organic,Pro,Tablet,2024-01-01 01:56:00,12,500,0,signup,0
118,Norway,Paid,Pro,Desktop,2024-01-01 01:57:00,9,500,0,signup,0
119,Norway,Paid,Basic,Desktop,2024-01-01 01:58:00,16,100,0,form_started,0
120,Sweden,Direct,Premium,Desktop,2024-01-01 01:59:00,4,300,0,form_started,0
121,Denmark,Paid,Basic,Desktop,2024-01-01 02:00:00,18,100,0,signup,0
122,Norway,Direct,Premium,Tablet,2024-01-01 02:01:00,1,300,0,signup,0
123,Sweden,Organic,Pro,Tablet,2024-01-01 02:02:00,7,500,0,signup,0
124,Norway,Paid,Basic,Tablet,2024-01-01 02:03:00,12,100,1,completed,100
125,Norway,Organic,Pro,Desktop,2024-01-01 02:04:00,8,500,0,signup,0
126,Denmark,Organic,Premium,Mobile,2024-01-01 02:05:00,8,300,0,signup,0
127,Norway,Organic,Pro,Tablet,2024-01-01 02:06:00,9,500,0,signup,0
128,Denmark,Organic,Basic,Mobile,2024-01-01 02:07:00,14,100,1,completed,100
129,Norway,Paid,Basic,Mobile,2024-01-01 02:08:00,5,100,0,form_started,0
130,Sweden,Organic,Premium,Mobile,2024-01-01 02:09:00,2,300,0,form_started,0
131,Norway,Direct,Premium,Desktop,2024-01-01 02:10:00,10,300,0,form_started,0
132,Denmark,Paid,Basic,Desktop,2024-01-01 02:11:00,9,100,0,form_started,0
133,Denmark,Organic,Basic,Tablet,2024-01-01 02:12:00,7,100,0,signup,0
134,Sweden,Paid,Basic,Tablet,2024-01-01 02:13:00,18,100,0,signup,0
135,Norway,Direct,Basic,Desktop,2024-01-01 02:14:00,12,100,1,completed,100
136,Norway,Organic,Premium,Desktop,2024-01-01 02:15:00,11,300,1,completed,300
137,Sweden,Direct,Basic,Mobile,2024-01-01 02:16:00,10,100,1,completed,100
138,Norway,Organic,Premium,Desktop,2024-01-01 02:17:00,13,300,0,form_started,0
139,Norway,Direct,Basic,Desktop,2024-01-01 02:18:00,9,100,0,form_started,0
140,Denmark,Organic,Basic,Desktop,2024-01-01 02:19:00,16,100,1,completed,100
141,Norway,Paid,Pro,Desktop,2024-01-01 02:20:00,17,500,1,completed,500
142,Norway,Organic,Pro,Mobile,2024-01-01 02:21:00,5,500,0,form_started,0
143,Sweden,Paid,Basic,Tablet,2024-01-01 02:22:00,6,100,0,form_started,0
144,Sweden,Organic,Premium,Mobile,2024-01-01 02:23:00,10,300,1,completed,300
145,Denmark,Organic,Basic,Desktop,2024-01-01 02:24:00,11,100,0,form_started,0
146,Norway,Direct,Pro,Desktop,2024-01-01 02:25:00,2,500,1,completed,500
147,Norway,Direct,Basic,Tablet,2024-01-01 02:26:00,7,100,0,signup,0
148,Norway,Direct,Pro,Tablet,2024-01-01 02:27:00,14,500,0,signup,0
149,Denmark,Organic,Basic,Tablet,2024-01-01 02:28:00,4,100,0,form_started,0
150,Denmark,Organic,Basic,Mobile,2024-01-01 02:29:00,5,100,0,form_started,0
151,Sweden,Organic,Premium,Tablet,2024-01-01 02:30:00,19,300,0,form_started,0
152,Denmark,Paid,Pro,Desktop,2024-01-01 02:31:00,10,500,1,completed,500
153,Norway,Paid,Pro,Desktop,2024-01-01 02:32:00,6,500,1,completed,500
154,Norway,Organic,Pro,Desktop,2024-01-01 02:33:00,2,500,1,completed,500
155,Denmark,Direct,Premium,Mobile,2024-01-01 02:34:00,3,300,0,form_started,0
156,Norway,Direct,Basic,Tablet,2024-01-01 02:35:00,15,100,0,form_started,0
157,Norway,Direct,Premium,Tablet,2024-01-01 02:36:00,10,300,0,form_started,0
158,Denmark,Organic,Basic,Tablet,2024-01-01 02:37:00,17,100,1,completed,100
159,Denmark,Direct,Premium,Tablet,2024-01-01 02:38:00,7,300,0,form_started,0
160,Norway,Organic,Premium,Desktop,2024-01-01 02:39:00,2,300,0,form_started,0
161,Norway,Paid,Pro,Mobile,2024-01-01 02:40:00,7,500,1,completed,500
162,Norway,Direct,Premium,Tablet,2024-01-01 02:41:00,15,300,0,signup,0
163,Sweden,Paid,Basic,Desktop,2024-01-01 02:42:00,3,100,1,completed,100
164,Sweden,Direct,Premium,Desktop,2024-01-01 02:43:00,5,300,1,completed,300
165,Sweden,Organic,Premium,Mobile,2024-01-01 02:44:00,8,300,0,form_started,0
166,Denmark,Organic,Basic,Tablet,2024-01-01 02:45:00,4,100,0,form_started,0
167,Sweden,Organic,Pro,Mobile,2024-01-01 02:46:00,18,500,1,completed,500
168,Denmark,Organic,Basic,Tablet,2024-01-01 02:47:00,19,100,0,form_started,0
169,Denmark,Direct,Basic,Mobile,2024-01-01 02:48:00,8,100,0,signup,0
170,Sweden,Paid,Basic,Tablet,2024-01-01 02:49:00,6,100,0,form_started,0
171,Sweden,Organic,Premium,Tablet,2024-01-01 02:50:00,5,300,0,signup,0
172,Sweden,Direct,Premium,Mobile,2024-01-01 02:51:00,5,300,1,completed,300
173,Norway,Paid,Basic,Tablet,2024-01-01 02:52:00,17,100,1,completed,100
174,Sweden,Organic,Basic,Mobile,2024-01-01 02:53:00,6,100,1,completed,100
175,Norway,Paid,Pro,Mobile,2024-01-01 02:54:00,13,500,1,completed,500
176,Denmark,Organic,Premium,Tablet,2024-01-01 02:55:00,9,300,0,form_started,0
177,Norway,Paid,Premium,Tablet,2024-01-01 02:56:00,12,300,1,completed,300
178,Sweden,Paid,Premium,Mobile,2024-01-01 02:57:00,10,300,0,signup,0
179,Denmark,Organic,Premium,Desktop,2024-01-01 02:58:00,1,300,0,signup,0
180,Denmark,Direct,Basic,Mobile,2024-01-01 02:59:00,11,100,1,completed,100
181,Denmark,Paid,Basic,Desktop,2024-01-01 03:00:00,6,100,0,form_started,0
182,Norway,Organic,Pro,Desktop,2024-01-01 03:01:00,3,500,1,completed,500
183,Sweden,Paid,Premium,Mobile,2024-01-01 03:02:00,6,300,0,form_started,0
184,Denmark,Paid,Premium,Mobile,2024-01-01 03:03:00,9,300,1,completed,300
185,Denmark,Direct,Basic,Mobile,2024-01-01 03:04:00,8,100,0,form_started,0
186,Denmark,Paid,Pro,Desktop,2024-01-01 03:05:00,15,500,0,signup,0
187,Norway,Paid,Basic,Mobile,2024-01-01 03:06:00,6,100,0,signup,0
188,Norway,Organic,Premium,Mobile,2024-01-01 03:07:00,11,300,0,form_started,0
189,Sweden,Organic,Premium,Tablet,2024-01-01 03:08:00,10,300,0,signup,0
190,Norway,Direct,Pro,Tablet,2024-01-01 03:09:00,11,500,1,completed,500
191,Denmark,Paid,Basic,Tablet,2024-01-01 03:10:00,4,100,1,completed,100
192,Sweden,Paid,Premium,Mobile,2024-01-01 03:11:00,13,300,0,form_started,0
193,Denmark,Paid,Premium,Mobile,2024-01-01 03:12:00,8,300,0,signup,0
194,Denmark,Direct,Pro,Mobile,2024-01-01 03:13:00,15,500,0,form_started,0
195,Norway,Paid,Premium,Desktop,2024-01-01 03:14:00,7,300,0,form_started,0
196,Sweden,Organic,Premium,Desktop,2024-01-01 03:15:00,1,300,0,signup,0
197,Norway,Direct,Basic,Tablet,2024-01-01 03:16:00,9,100,0,signup,0
198,Norway,Organic,Pro,Desktop,2024-01-01 03:17:00,8,500,1,completed,500
199,Sweden,Organic,Pro,Desktop,2024-01-01 03:18:00,2,500,0,signup,0
200,Denmark,Direct,Pro,Desktop,2024-01-01 03:19:00,14,500,0,signup,0
201,Denmark,Organic,Basic,Tablet,2024-01-01 03:20:00,12,100,0,signup,0
202,Sweden,Paid,Pro,Tablet,2024-01-01 03:21:00,17,500,0,form_started,0
203,Denmark,Direct,Premium,Desktop,2024-01-01 03:22:00,19,300,1,completed,300
204,Sweden,Organic,Pro,Mobile,2024-01-01 03:23:00,6,500,0,form_started,0
205,Sweden,Paid,Premium,Tablet,2024-01-01 03:24:00,5,300,0,signup,0
206,Norway,Paid,Pro,Desktop,2024-01-01 03:25:00,6,500,0,signup,0
207,Sweden,Organic,Pro,Mobile,2024-01-01 03:26:00,3,500,1,completed,500
208,Norway,Paid,Basic,Mobile,2024-01-01 03:27:00,16,100,1,completed,100
209,Denmark,Direct,Pro,Tablet,2024-01-01 03:28:00,18,500,0,signup,0
210,Denmark,Organic,Pro,Mobile,2024-01-01 03:29:00,14,500,0,form_started,0
211,Denmark,Paid,Basic,Tablet,2024-01-01 03:30:00,15,100,0,form_started,0
212,Denmark,Paid,Premium,Desktop,2024-01-01 03:31:00,4,300,0,form_started,0
213,Norway,Organic,Pro,Tablet,2024-01-01 03:32:00,11,500,1,completed,500
214,Denmark,Organic,Pro,Mobile,2024-01-01 03:33:00,5,500,0,form_started,0
215,Sweden,Organic,Premium,Tablet,2024-01-01 03:34:00,9,300,1,completed,300
216,Sweden,Organic,Basic,Tablet,2024-01-01 03:35:00,5,100,0,form_started,0
217,Sweden,Direct,Pro,Desktop,2024-01-01 03:36:00,7,500,0,form_started,0
218,Norway,Organic,Basic,Mobile,2024-01-01 03:37:00,18,100,1,completed,100
219,Denmark,Direct,Premium,Tablet,2024-01-01 03:38:00,18,300,0,form_started,0
220,Denmark,Direct,Premium,Desktop,2024-01-01 03:39:00,2,300,0,signup,0
221,Denmark,Organic,Basic,Desktop,2024-01-01 03:40:00,13,100,1,completed,100
222,Norway,Direct,Premium,Desktop,2024-01-01 03:41:00,13,300,1,completed,300
223,Sweden,Organic,Premium,Desktop,2024-01-01 03:42:00,17,300,1,completed,300
224,Sweden,Organic,Pro,Desktop,2024-01-01 03:43:00,17,500,1,completed,500
225,Denmark,Paid,Basic,Tablet,2024-01-01 03:44:00,6,100,1,completed,100
226,Sweden,Organic,Pro,Tablet,2024-01-01 03:45:00,14,500,0,form_started,0
227,Sweden,Paid,Basic,Mobile,2024-01-01 03:46:00,14,100,1,completed,100
228,Norway,Direct,Pro,Tablet,2024-01-01 03:47:00,12,500,1,completed,500
229,Norway,Paid,Premium,Mobile,2024-01-01 03:48:00,5,300,0,form_started,0
230,Norway,Direct,Basic,Mobile,2024-01-01 03:49:00,5,100,0,form_started,0
231,Norway,Organic,Basic,Mobile,2024-01-01 03:50:00,4,100,0,form_started,0
232,Denmark,Direct,Basic,Tablet,2024-01-01 03:51:00,13,100,1,completed,100
233,Norway,Direct,Basic,Desktop,2024-01-01 03:52:00,4,100,0,signup,0
234,Sweden,Organic,Premium,Mobile,2024-01-01 03:53:00,18,300,1,completed,300
235,Denmark,Direct,Premium,Desktop,2024-01-01 03:54:00,16,300,0,signup,0
236,Sweden,Organic,Premium,Mobile,2024-01-01 03:55:00,18,300,0,signup,0
237,Sweden,Paid,Pro,Tablet,2024-01-01 03:56:00,2,500,0,signup,0
238,Sweden,Organic,Premium,Mobile,2024-01-01 03:57:00,4,300,0,form_started,0
239,Norway,Organic,Pro,Tablet,2024-01-01 03:58:00,17,500,0,signup,0
240,Norway,Direct,Pro,Desktop,2024-01-01 03:59:00,6,500,0,form_started,0
241,Denmark,Paid,Premium,Tablet,2024-01-01 04:00:00,18,300,0,signup,0
242,Denmark,Organic,Premium,Desktop,2024-01-01 04:01:00,7,300,0,signup,0
243,Norway,Paid,Premium,Tablet,2024-01-01 04:02:00,13,300,0,signup,0
244,Sweden,Paid,Pro,Mobile,2024-01-01 04:03:00,9,500,0,form_started,0
245,Denmark,Direct,Basic,Mobile,2024-01-01 04:04:00,2,100,1,completed,100
246,Norway,Organic,Premium,Tablet,2024-01-01 04:05:00,8,300,1,completed,300
247,Norway,Direct,Pro,Desktop,2024-01-01 04:06:00,14,500,1,completed,500
248,Norway,Organic,Pro,Desktop,2024-01-01 04:07:00,18,500,0,signup,0
249,Sweden,Paid,Premium,Desktop,2024-01-01 04:08:00,1,300,0,signup,0
250,Norway,Organic,Pro,Tablet,2024-01-01 04:09:00,9,500,0,signup,0
251,Norway,Organic,Premium,Tablet,2024-01-01 04:10:00,9,300,1,completed,300
252,Norway,Paid,Pro,Tablet,2024-01-01 04:11:00,2,500,0,form_started,0
253,Norway,Paid,Basic,Tablet,2024-01-01 04:12:00,16,100,1,completed,100
254,Denmark,Organic,Pro,Desktop,2024-01-01 04:13:00,4,500,0,form_started,0
255,Denmark,Direct,Premium,Desktop,2024-01-01 04:14:00,13,300,0,form_started,0
256,Norway,Organic,Basic,Tablet,2024-01-01 04:15:00,17,100,0,form_started,0
257,Sweden,Paid,Premium,Tablet,2024-01-01 04:16:00,11,300,1,completed,300
258,Denmark,Direct,Pro,Desktop,2024-01-01 04:17:00,2,500,0,form_started,0
259,Norway,Paid,Basic,Desktop,2024-01-01 04:18:00,4,100,0,signup,0
260,Denmark,Paid,Basic,Mobile,2024-01-01 04:19:00,12,100,1,completed,100
261,Denmark,Direct,Pro,Tablet,2024-01-01 04:20:00,2,500,1,completed,500
262,Sweden,Paid,Basic,Mobile,2024-01-01 04:21:00,1,100,0,form_started,0
263,Norway,Paid,Basic,Desktop,2024-01-01 04:22:00,6,100,0,signup,0
264,Norway,Paid,Basic,Desktop,2024-01-01 04:23:00,16,100,0,form_started,0
265,Sweden,Paid,Premium,Tablet,2024-01-01 04:24:00,2,300,0,signup,0
266,Sweden,Paid,Premium,Mobile,2024-01-01 04:25:00,14,300,1,completed,300
267,Norway,Paid,Basic,Desktop,2024-01-01 04:26:00,12,100,0,form_started,0
268,Norway,Paid,Pro,Mobile,2024-01-01 04:27:00,19,500,1,completed,500
269,Sweden,Paid,Pro,Mobile,2024-01-01 04:28:00,3,500,0,signup,0
270,Denmark,Paid,Premium,Mobile,2024-01-01 04:29:00,19,300,0,form_started,0
271,Denmark,Organic,Pro,Mobile,2024-01-01 04:30:00,11,500,1,completed,500
272,Sweden,Organic,Basic,Mobile,2024-01-01 04:31:00,4,100,0,form_started,0
273,Denmark,Paid,Pro,Tablet,2024-01-01 04:32:00,17,500,1,completed,500
274,Sweden,Organic,Premium,Tablet,2024-01-01 04:33:00,17,300,1,completed,300
275,Denmark,Direct,Premium,Mobile,2024-01-01 04:34:00,7,300,0,form_started,0
276,Denmark,Organic,Basic,Tablet,2024-01-01 04:35:00,5,100,0,signup,0
277,Norway,Paid,Premium,Desktop,2024-01-01 04:36:00,19,300,0,form_started,0
278,Norway,Paid,Premium,Mobile,2024-01-01 04:37:00,19,300,1,completed,300
279,Denmark,Organic,Premium,Tablet,2024-01-01 04:38:00,9,300,0,signup,0
280,Denmark,Paid,Pro,Tablet,2024-01-01 04:39:00,17,500,0,signup,0
281,Norway,Direct,Premium,Desktop,2024-01-01 04:40:00,9,300,0,form_started,0
282,Norway,Direct,Pro,Desktop,2024-01-01 04:41:00,14,500,0,signup,0
283,Norway,Paid,Premium,Desktop,2024-01-01 04:42:00,5,300,0,form_started,0
284,Sweden,Direct,Premium,Desktop,2024-01-01 04:43:00,2,300,0,signup,0
285,Denmark,Direct,Pro,Mobile,2024-01-01 04:44:00,15,500,1,completed,500
286,Norway,Organic,Pro,Tablet,2024-01-01 04:45:00,16,500,0,form_started,0
287,Denmark,Direct,Basic,Tablet,2024-01-01 04:46:00,19,100,0,signup,0
288,Sweden,Organic,Basic,Desktop,2024-01-01 04:47:00,1,100,1,completed,100
289,Sweden,Paid,Pro,Tablet,2024-01-01 04:48:00,12,500,1,completed,500
290,Norway,Organic,Premium,Tablet,2024-01-01 04:49:00,19,300,0,signup,0
291,Sweden,Paid,Basic,Tablet,2024-01-01 04:50:00,15,100,0,form_started,0
292,Denmark,Paid,Pro,Desktop,2024-01-01 04:51:00,5,500,0,form_started,0
293,Norway,Paid,Pro,Tablet,2024-01-01 04:52:00,1,500,0,signup,0
294,Denmark,Paid,Premium,Tablet,2024-01-01 04:53:00,11,300,1,completed,300
295,Denmark,Paid,Pro,Tablet,2024-01-01 04:54:00,9,500,0,signup,0
296,Sweden,Organic,Basic,Mobile,2024-01-01 04:55:00,7,100,1,completed,100
297,Sweden,Paid,Premium,Mobile,2024-01-01 04:56:00,2,300,0,form_started,0
298,Sweden,Direct,Pro,Tablet,2024-01-01 04:57:00,17,500,1,completed,500
299,Sweden,Direct,Pro,Tablet,2024-01-01 04:58:00,16,500,0,signup,0
300,Sweden,Paid,Premium,Tablet,2024-01-01 04:59:00,16,300,1,completed,300
301,Norway,Direct,Premium,Tablet,2024-01-01 05:00:00,14,300,0,signup,0
302,Denmark,Organic,Premium,Tablet,2024-01-01 05:01:00,2,300,1,completed,300
303,Denmark,Organic,Basic,Tablet,2024-01-01 05:02:00,19,100,0,signup,0
304,Denmark,Paid,Basic,Mobile,2024-01-01 05:03:00,3,100,0,signup,0
305,Denmark,Paid,Pro,Desktop,2024-01-01 05:04:00,8,500,1,completed,500
306,Sweden,Paid,Pro,Tablet,2024-01-01 05:05:00,19,500,0,signup,0
307,Denmark,Direct,Premium,Tablet,2024-01-01 05:06:00,16,300,0,form_started,0
308,Norway,Direct,Pro,Tablet,2024-01-01 05:07:00,4,500,1,completed,500
309,Norway,Organic,Pro,Desktop,2024-01-01 05:08:00,8,500,1,completed,500
310,Denmark,Direct,Premium,Tablet,2024-01-01 05:09:00,1,300,0,signup,0
311,Denmark,Organic,Basic,Tablet,2024-01-01 05:10:00,4,100,0,form_started,0
312,Norway,Direct,Basic,Desktop,2024-01-01 05:11:00,7,100,0,signup,0
313,Norway,Organic,Basic,Tablet,2024-01-01 05:12:00,1,100,1,completed,100
314,Sweden,Paid,Pro,Desktop,2024-01-01 05:13:00,18,500,0,form_started,0
315,Norway,Direct,Premium,Desktop,2024-01-01 05:14:00,4,300,1,completed,300
316,Sweden,Organic,Basic,Tablet,2024-01-01 05:15:00,14,100,0,form_started,0
317,Sweden,Direct,Pro,Mobile,2024-01-01 05:16:00,8,500,0,form_started,0
318,Sweden,Paid,Premium,Mobile,2024-01-01 05:17:00,18,300,0,signup,0
319,Sweden,Organic,Basic,Tablet,2024-01-01 05:18:00,7,100,1,completed,100
320,Sweden,Direct,Basic,Desktop,2024-01-01 05:19:00,3,100,0,signup,0
321,Denmark,Direct,Premium,Desktop,2024-01-01 05:20:00,14,300,0,form_started,0
322,Norway,Paid,Pro,Desktop,2024-01-01 05:21:00,12,500,0,signup,0
323,Sweden,Paid,Pro,Tablet,2024-01-01 05:22:00,15,500,0,form_started,0
324,Norway,Organic,Basic,Mobile,2024-01-01 05:23:00,8,100,0,form_started,0
325,Norway,Direct,Premium,Desktop,2024-01-01 05:24:00,5,300,0,signup,0
326,Sweden,Direct,Pro,Desktop,2024-01-01 05:25:00,17,500,1,completed,500
327,Denmark,Paid,Premium,Tablet,2024-01-01 05:26:00,10,300,0,signup,0
328,Sweden,Paid,Premium,Mobile,2024-01-01 05:27:00,11,300,0,signup,0
329,Denmark,Organic,Basic,Mobile,2024-01-01 05:28:00,16,100,1,completed,100
330,Norway,Direct,Premium,Tablet,2024-01-01 05:29:00,16,300,0,signup,0
331,Denmark,Direct,Premium,Mobile,2024-01-01 05:30:00,4,300,1,completed,300
332,Denmark,Organic,Premium,Tablet,2024-01-01 05:31:00,5,300,0,form_started,0
333,Denmark,Organic,Pro,Desktop,2024-01-01 05:32:00,10,500,0,form_started,0
334,Norway,Paid,Basic,Tablet,2024-01-01 05:33:00,14,100,0,signup,0
335,Norway,Paid,Basic,Desktop,2024-01-01 05:34:00,9,100,0,form_started,0
336,Denmark,Organic,Premium,Tablet,2024-01-01 05:35:00,18,300,0,signup,0
337,Denmark,Organic,Premium,Desktop,2024-01-01 05:36:00,6,300,0,form_started,0
338,Sweden,Direct,Pro,Desktop,2024-01-01 05:37:00,11,500,1,completed,500
339,Denmark,Organic,Basic,Tablet,2024-01-01 05:38:00,17,100,0,signup,0
340,Sweden,Organic,Pro,Desktop,2024-01-01 05:39:00,9,500,0,signup,0
341,Denmark,Direct,Basic,Mobile,2024-01-01 05:40:00,3,100,0,form_started,0
342,Sweden,Organic,Pro,Tablet,2024-01-01 05:41:00,16,500,1,completed,500
343,Norway,Paid,Premium,Mobile,2024-01-01 05:42:00,4,300,0,signup,0
344,Denmark,Paid,Pro,Desktop,2024-01-01 05:43:00,15,500,0,form_started,0
345,Denmark,Direct,Premium,Desktop,2024-01-01 05:44:00,2,300,1,completed,300
346,Denmark,Organic,Basic,Desktop,2024-01-01 05:45:00,17,100,1,completed,100
347,Denmark,Paid,Basic,Tablet,2024-01-01 05:46:00,19,100,0,form_started,0
348,Sweden,Paid,Premium,Desktop,2024-01-01 05:47:00,16,300,1,completed,300
349,Denmark,Paid,Basic,Mobile,2024-01-01 05:48:00,19,100,0,form_started,0
350,Norway,Paid,Pro,Mobile,2024-01-01 05:49:00,17,500,1,completed,500
351,Norway,Organic,Premium,Tablet,2024-01-01 05:50:00,4,300,0,signup,0
352,Denmark,Organic,Basic,Mobile,2024-01-01 05:51:00,18,100,1,completed,100
353,Norway,Organic,Pro,Tablet,2024-01-01 05:52:00,4,500,1,completed,500
354,Denmark,Organic,Pro,Tablet,2024-01-01 05:53:00,3,500,0,form_started,0
355,Denmark,Paid,Basic,Desktop,2024-01-01 05:54:00,18,100,0,form_started,0
356,Norway,Direct,Basic,Mobile,2024-01-01 05:55:00,5,100,0,signup,0
357,Denmark,Direct,Pro,Mobile,2024-01-01 05:56:00,9,500,0,signup,0
358,Norway,Paid,Premium,Mobile,2024-01-01 05:57:00,15,300,0,signup,0
359,Sweden,Paid,Basic,Desktop,2024-01-01 05:58:00,9,100,1,completed,100
360,Denmark,Direct,Basic,Tablet,2024-01-01 05:59:00,14,100,0,form_started,0
361,Sweden,Direct,Premium,Mobile,2024-01-01 06:00:00,2,300,0,form_started,0
362,Norway,Paid,Premium,Mobile,2024-01-01 06:01:00,18,300,0,form_started,0
363,Sweden,Paid,Basic,Mobile,2024-01-01 06:02:00,13,100,0,signup,0
364,Sweden,Organic,Premium,Mobile,2024-01-01 06:03:00,16,300,0,signup,0
365,Norway,Organic,Pro,Desktop,2024-01-01 06:04:00,6,500,0,form_started,0
366,Sweden,Direct,Pro,Tablet,2024-01-01 06:05:00,16,500,1,completed,500
367,Sweden,Paid,Pro,Mobile,2024-01-01 06:06:00,4,500,1,completed,500
368,Norway,Direct,Basic,Mobile,2024-01-01 06:07:00,10,100,1,completed,100
369,Sweden,Organic,Premium,Tablet,2024-01-01 06:08:00,19,300,1,completed,300
370,Norway,Organic,Pro,Desktop,2024-01-01 06:09:00,11,500,0,signup,0
371,Sweden,Direct,Premium,Desktop,2024-01-01 06:10:00,5,300,1,completed,300
372,Norway,Organic,Pro,Desktop,2024-01-01 06:11:00,18,500,0,form_started,0
373,Norway,Paid,Premium,Desktop,2024-01-01 06:12:00,3,300,0,signup,0
374,Sweden,Direct,Pro,Mobile,2024-01-01 06:13:00,8,500,0,signup,0
375,Sweden,Paid,Pro,Tablet,2024-01-01 06:14:00,11,500,0,signup,0
376,Sweden,Paid,Pro,Tablet,2024-01-01 06:15:00,19,500,0,signup,0
377,Denmark,Organic,Pro,Tablet,2024-01-01 06:16:00,3,500,0,form_started,0
378,Denmark,Paid,Pro,Desktop,2024-01-01 06:17:00,12,500,0,form_started,0
379,Denmark,Direct,Pro,Desktop,2024-01-01 06:18:00,15,500,0,form_started,0
380,Norway,Paid,Pro,Tablet,2024-01-01 06:19:00,16,500,1,completed,500
381,Sweden,Paid,Pro,Mobile,2024-01-01 06:20:00,5,500,0,form_started,0
382,Norway,Paid,Pro,Desktop,2024-01-01 06:21:00,19,500,1,completed,500
383,Denmark,Paid,Premium,Mobile,2024-01-01 06:22:00,6,300,0,form_started,0
384,Sweden,Paid,Premium,Tablet,2024-01-01 06:23:00,12,300,1,completed,300
385,Norway,Organic,Basic,Desktop,2024-01-01 06:24:00,19,100,1,completed,100
386,Sweden,Direct,Pro,Mobile,2024-01-01 06:25:00,9,500,1,completed,500
387,Norway,Organic,Premium,Desktop,2024-01-01 06:26:00,18,300,0,signup,0
388,Sweden,Direct,Premium,Tablet,2024-01-01 06:27:00,3,300,0,signup,0
389,Denmark,Direct,Premium,Tablet,2024-01-01 06:28:00,14,300,0,signup,0
390,Denmark,Direct,Premium,Tablet,2024-01-01 06:29:00,5,300,0,signup,0
391,Sweden,Direct,Premium,Mobile,2024-01-01 06:30:00,5,300,0,form_started,0
392,Norway,Direct,Premium,Desktop,2024-01-01 06:31:00,4,300,1,completed,300
393,Denmark,Paid,Basic,Desktop,2024-01-01 06:32:00,16,100,0,form_started,0
394,Denmark,Organic,Premium,Desktop,2024-01-01 06:33:00,13,300,0,signup,0
395,Denmark,Organic,Basic,Tablet,2024-01-01 06:34:00,8,100,0,form_started,0
396,Sweden,Paid,Basic,Mobile,2024-01-01 06:35:00,16,100,0,form_started,0
397,Sweden,Direct,Pro,Tablet,2024-01-01 06:36:00,2,500,1,completed,500
398,Norway,Organic,Pro,Tablet,2024-01-01 06:37:00,8,500,1,completed,500
399,Norway,Paid,Pro,Mobile,2024-01-01 06:38:00,3,500,0,form_started,0
400,Norway,Paid,Premium,Tablet,2024-01-01 06:39:00,9,300,0,signup,0
401,Sweden,Organic,Pro,Tablet,2024-01-01 06:40:00,11,500,1,completed,500
402,Sweden,Organic,Premium,Desktop,2024-01-01 06:41:00,1,300,0,form_started,0
403,Norway,Direct,Premium,Mobile,2024-01-01 06:42:00,1,300,0,signup,0
404,Norway,Direct,Pro,Mobile,2024-01-01 06:43:00,8,500,1,completed,500
405,Sweden,Organic,Pro,Desktop,2024-01-01 06:44:00,16,500,0,form_started,0
406,Norway,Direct,Basic,Mobile,2024-01-01 06:45:00,10,100,0,signup,0
407,Denmark,Paid,Basic,Desktop,2024-01-01 06:46:00,2,100,0,signup,0
408,Sweden,Direct,Premium,Tablet,2024-01-01 06:47:00,16,300,1,completed,300
409,Norway,Direct,Premium,Mobile,2024-01-01 06:48:00,4,300,0,signup,0
410,Sweden,Paid,Pro,Mobile,2024-01-01 06:49:00,19,500,0,signup,0
411,Denmark,Direct,Pro,Tablet,2024-01-01 06:50:00,9,500,1,completed,500
412,Sweden,Paid,Basic,Tablet,2024-01-01 06:51:00,3,100,1,completed,100
413,Sweden,Direct,Pro,Mobile,2024-01-01 06:52:00,11,500,0,signup,0
414,Sweden,Organic,Premium,Mobile,2024-01-01 06:53:00,8,300,0,form_started,0
415,Sweden,Direct,Pro,Mobile,2024-01-01 06:54:00,7,500,0,signup,0
416,Denmark,Organic,Basic,Desktop,2024-01-01 06:55:00,1,100,0,form_started,0
417,Sweden,Organic,Premium,Mobile,2024-01-01 06:56:00,8,300,0,form_started,0
418,Sweden,Organic,Basic,Mobile,2024-01-01 06:57:00,17,100,1,completed,100
419,Norway,Organic,Basic,Tablet,2024-01-01 06:58:00,11,100,0,signup,0
420,Sweden,Organic,Premium,Tablet,2024-01-01 06:59:00,7,300,0,form_started,0
421,Norway,Paid,Basic,Desktop,2024-01-01 07:00:00,9,100,0,form_started,0
422,Denmark,Paid,Pro,Tablet,2024-01-01 07:01:00,14,500,0,form_started,0
423,Denmark,Paid,Pro,Mobile,2024-01-01 07:02:00,5,500,1,completed,500
424,Denmark,Organic,Basic,Mobile,2024-01-01 07:03:00,18,100,1,completed,100
425,Denmark,Direct,Pro,Desktop,2024-01-01 07:04:00,13,500,1,completed,500
426,Norway,Paid,Basic,Tablet,2024-01-01 07:05:00,5,100,0,signup,0
427,Sweden,Direct,Pro,Tablet,2024-01-01 07:06:00,8,500,1,completed,500
428,Denmark,Direct,Basic,Tablet,2024-01-01 07:07:00,15,100,0,form_started,0
429,Sweden,Organic,Pro,Desktop,2024-01-01 07:08:00,4,500,0,form_started,0
430,Norway,Organic,Premium,Tablet,2024-01-01 07:09:00,1,300,0,signup,0
431,Norway,Organic,Premium,Tablet,2024-01-01 07:10:00,6,300,0,signup,0
432,Norway,Paid,Pro,Tablet,2024-01-01 07:11:00,19,500,0,form_started,0
433,Denmark,Organic,Basic,Mobile,2024-01-01 07:12:00,12,100,0,form_started,0
434,Sweden,Paid,Pro,Desktop,2024-01-01 07:13:00,7,500,0,form_started,0
435,Sweden,Paid,Basic,Mobile,2024-01-01 07:14:00,13,100,0,form_started,0
436,Sweden,Paid,Pro,Desktop,2024-01-01 07:15:00,7,500,1,completed,500
437,Norway,Paid,Pro,Tablet,2024-01-01 07:16:00,9,500,0,form_started,0
438,Denmark,Organic,Premium,Mobile,2024-01-01 07:17:00,1,300,1,completed,300
439,Norway,Paid,Basic,Tablet,2024-01-01 07:18:00,13,100,0,signup,0
440,Norway,Organic,Basic,Tablet,2024-01-01 07:19:00,19,100,0,signup,0
441,Sweden,Organic,Basic,Desktop,2024-01-01 07:20:00,1,100,0,form_started,0
442,Norway,Paid,Basic,Tablet,2024-01-01 07:21:00,19,100,0,form_started,0
443,Sweden,Organic,Basic,Mobile,2024-01-01 07:22:00,18,100,1,completed,100
444,Denmark,Direct,Premium,Desktop,2024-01-01 07:23:00,5,300,0,form_started,0
445,Sweden,Organic,Pro,Desktop,2024-01-01 07:24:00,3,500,0,form_started,0
446,Denmark,Organic,Basic,Mobile,2024-01-01 07:25:00,2,100,0,signup,0
447,Sweden,Paid,Basic,Tablet,2024-01-01 07:26:00,10,100,0,signup,0
448,Norway,Paid,Pro,Tablet,2024-01-01 07:27:00,6,500,0,form_started,0
449,Norway,Organic,Premium,Tablet,2024-01-01 07:28:00,19,300,0,form_started,0
450,Denmark,Paid,Premium,Tablet,2024-01-01 07:29:00,17,300,0,signup,0
451,Denmark,Direct,Premium,Tablet,2024-01-01 07:30:00,19,300,1,completed,300
452,Denmark,Direct,Pro,Desktop,2024-01-01 07:31:00,13,500,1,completed,500
453,Sweden,Paid,Pro,Desktop,2024-01-01 07:32:00,17,500,0,signup,0
454,Sweden,Organic,Premium,Mobile,2024-01-01 07:33:00,18,300,0,signup,0
455,Denmark,Direct,Premium,Tablet,2024-01-01 07:34:00,11,300,1,completed,300
456,Norway,Direct,Pro,Tablet,2024-01-01 07:35:00,13,500,1,completed,500
457,Sweden,Organic,Premium,Tablet,2024-01-01 07:36:00,11,300,0,form_started,0
458,Sweden,Paid,Basic,Mobile,2024-01-01 07:37:00,19,100,0,form_started,0
459,Sweden,Direct,Pro,Tablet,2024-01-01 07:38:00,10,500,0,form_started,0
460,Denmark,Organic,Premium,Desktop,2024-01-01 07:39:00,3,300,0,signup,0
461,Denmark,Organic,Basic,Tablet,2024-01-01 07:40:00,6,100,0,form_started,0
462,Denmark,Direct,Pro,Mobile,2024-01-01 07:41:00,7,500,0,signup,0
463,Denmark,Paid,Pro,Desktop,2024-01-01 07:42:00,5,500,1,completed,500
464,Denmark,Direct,Basic,Desktop,2024-01-01 07:43:00,9,100,0,signup,0
465,Norway,Organic,Pro,Desktop,2024-01-01 07:44:00,10,500,0,form_started,0
466,Norway,Direct,Premium,Tablet,2024-01-01 07:45:00,14,300,0,signup,0
467,Denmark,Paid,Pro,Mobile,2024-01-01 07:46:00,11,500,1,completed,500
468,Sweden,Organic,Premium,Mobile,2024-01-01 07:47:00,17,300,0,signup,0
469,Denmark,Paid,Basic,Tablet,2024-01-01 07:48:00,11,100,0,form_started,0
470,Norway,Direct,Basic,Mobile,2024-01-01 07:49:00,7,100,0,form_started,0
471,Norway,Direct,Pro,Desktop,2024-01-01 07:50:00,11,500,0,signup,0
472,Sweden,Paid,Basic,Desktop,2024-01-01 07:51:00,13,100,0,form_started,0
473,Norway,Direct,Basic,Mobile,2024-01-01 07:52:00,19,100,0,signup,0
474,Denmark,Paid,Pro,Mobile,2024-01-01 07:53:00,6,500,0,signup,0
475,Sweden,Direct,Premium,Tablet,2024-01-01 07:54:00,2,300,0,form_started,0
476,Denmark,Paid,Pro,Tablet,2024-01-01 07:55:00,14,500,0,signup,0
477,Denmark,Paid,Pro,Tablet,2024-01-01 07:56:00,16,500,0,signup,0
478,Sweden,Organic,Premium,Tablet,2024-01-01 07:57:00,7,300,0,signup,0
479,Denmark,Organic,Premium,Tablet,2024-01-01 07:58:00,1,300,0,signup,0
480,Norway,Paid,Premium,Tablet,2024-01-01 07:59:00,2,300,1,completed,300
481,Denmark,Direct,Pro,Desktop,2024-01-01 08:00:00,9,500,1,completed,500
482,Sweden,Direct,Premium,Mobile,2024-01-01 08:01:00,18,300,1,completed,300
483,Sweden,Direct,Basic,Tablet,2024-01-01 08:02:00,18,100,0,form_started,0
484,Sweden,Paid,Premium,Desktop,2024-01-01 08:03:00,18,300,0,signup,0
485,Denmark,Paid,Basic,Mobile,2024-01-01 08:04:00,10,100,0,form_started,0
486,Sweden,Paid,Premium,Mobile,2024-01-01 08:05:00,8,300,0,signup,0
487,Sweden,Paid,Basic,Mobile,2024-01-01 08:06:00,8,100,0,form_started,0
488,Denmark,Organic,Basic,Tablet,2024-01-01 08:07:00,2,100,0,form_started,0
489,Norway,Paid,Basic,Tablet,2024-01-01 08:08:00,18,100,0,signup,0
490,Denmark,Direct,Basic,Tablet,2024-01-01 08:09:00,11,100,0,signup,0
491,Sweden,Organic,Basic,Mobile,2024-01-01 08:10:00,11,100,1,completed,100
492,Sweden,Direct,Premium,Mobile,2024-01-01 08:11:00,19,300,0,form_started,0
493,Denmark,Paid,Pro,Desktop,2024-01-01 08:12:00,11,500,0,signup,0
494,Norway,Organic,Pro,Desktop,2024-01-01 08:13:00,10,500,0,signup,0
495,Sweden,Paid,Pro,Desktop,2024-01-01 08:14:00,8,500,1,completed,500
496,Sweden,Organic,Pro,Desktop,2024-01-01 08:15:00,15,500,1,completed,500
497,Sweden,Direct,Pro,Mobile,2024-01-01 08:16:00,8,500,0,form_started,0
498,Denmark,Paid,Basic,Tablet,2024-01-01 08:17:00,19,100,0,signup,0
499,Sweden,Paid,Premium,Tablet,2024-01-01 08:18:00,1,300,1,completed,300
500,Norway,Organic,Basic,Tablet,2024-01-01 08:19:00,3,100,0,form_started,0
501,Sweden,Organic,Premium,Tablet,2024-01-01 08:20:00,12,300,1,completed,300
502,Sweden,Paid,Premium,Desktop,2024-01-01 08:21:00,16,300,0,form_started,0
503,Norway,Organic,Premium,Mobile,2024-01-01 08:22:00,16,300,0,signup,0
504,Sweden,Paid,Premium,Tablet,2024-01-01 08:23:00,17,300,1,completed,300
505,Denmark,Organic,Pro,Mobile,2024-01-01 08:24:00,16,500,0,signup,0
506,Denmark,Direct,Premium,Desktop,2024-01-01 08:25:00,9,300,0,signup,0
507,Denmark,Organic,Premium,Desktop,2024-01-01 08:26:00,19,300,0,form_started,0
508,Norway,Direct,Pro,Tablet,2024-01-01 08:27:00,1,500,1,completed,500
509,Sweden,Organic,Basic,Tablet,2024-01-01 08:28:00,18,100,0,signup,0
510,Denmark,Organic,Basic,Desktop,2024-01-01 08:29:00,6,100,0,form_started,0
511,Norway,Paid,Basic,Desktop,2024-01-01 08:30:00,6,100,0,signup,0
512,Sweden,Organic,Basic,Mobile,2024-01-01 08:31:00,12,100,1,completed,100
513,Norway,Organic,Premium,Desktop,2024-01-01 08:32:00,3,300,0,form_started,0
514,Denmark,Direct,Pro,Mobile,2024-01-01 08:33:00,11,500,0,signup,0
515,Denmark,Organic,Pro,Desktop,2024-01-01 08:34:00,6,500,0,signup,0
516,Denmark,Paid,Basic,Mobile,2024-01-01 08:35:00,14,100,1,completed,100
517,Norway,Direct,Pro,Desktop,2024-01-01 08:36:00,18,500,1,completed,500
518,Norway,Paid,Premium,Desktop,2024-01-01 08:37:00,16,300,0,form_started,0
519,Denmark,Paid,Basic,Mobile,2024-01-01 08:38:00,13,100,1,completed,100
520,Norway,Paid,Premium,Mobile,2024-01-01 08:39:00,1,300,0,signup,0
521,Denmark,Paid,Premium,Tablet,2024-01-01 08:40:00,6,300,0,form_started,0
522,Denmark,Direct,Premium,Tablet,2024-01-01 08:41:00,14,300,1,completed,300
523,Sweden,Organic,Premium,Desktop,2024-01-01 08:42:00,17,300,0,signup,0
524,Norway,Paid,Premium,Desktop,2024-01-01 08:43:00,13,300,0,signup,0
525,Denmark,Direct,Basic,Mobile,2024-01-01 08:44:00,13,100,1,completed,100
526,Denmark,Paid,Premium,Desktop,2024-01-01 08:45:00,9,300,0,signup,0
527,Norway,Organic,Basic,Tablet,2024-01-01 08:46:00,6,100,0,form_started,0
528,Sweden,Direct,Pro,Mobile,2024-01-01 08:47:00,6,500,1,completed,500
529,Sweden,Direct,Premium,Desktop,2024-01-01 08:48:00,5,300,0,signup,0
530,Denmark,Organic,Premium,Mobile,2024-01-01 08:49:00,14,300,0,signup,0
531,Norway,Direct,Pro,Tablet,2024-01-01 08:50:00,14,500,0,signup,0
532,Sweden,Organic,Basic,Tablet,2024-01-01 08:51:00,4,100,0,signup,0
533,Norway,Direct,Premium,Tablet,2024-01-01 08:52:00,2,300,1,completed,300
534,Norway,Direct,Pro,Desktop,2024-01-01 08:53:00,2,500,0,form_started,0
535,Denmark,Organic,Pro,Desktop,2024-01-01 08:54:00,17,500,0,signup,0
536,Sweden,Organic,Premium,Desktop,2024-01-01 08:55:00,10,300,1,completed,300
537,Denmark,Direct,Basic,Desktop,2024-01-01 08:56:00,14,100,0,form_started,0
538,Sweden,Direct,Basic,Desktop,2024-01-01 08:57:00,19,100,0,signup,0
539,Sweden,Organic,Premium,Desktop,2024-01-01 08:58:00,17,300,1,completed,300
540,Sweden,Organic,Pro,Tablet,2024-01-01 08:59:00,11,500,1,completed,500
541,Sweden,Direct,Premium,Tablet,2024-01-01 09:00:00,7,300,0,form_started,0
542,Sweden,Direct,Basic,Desktop,2024-01-01 09:01:00,9,100,0,form_started,0
543,Norway,Direct,Pro,Tablet,2024-01-01 09:02:00,14,500,0,signup,0
544,Denmark,Organic,Premium,Mobile,2024-01-01 09:03:00,4,300,0,form_started,0
545,Norway,Direct,Pro,Desktop,2024-01-01 09:04:00,14,500,0,signup,0
546,Sweden,Paid,Basic,Mobile,2024-01-01 09:05:00,17,100,1,completed,100
547,Denmark,Organic,Basic,Desktop,2024-01-01 09:06:00,19,100,0,signup,0
548,Sweden,Direct,Basic,Desktop,2024-01-01 09:07:00,17,100,1,completed,100
549,Denmark,Organic,Premium,Tablet,2024-01-01 09:08:00,14,300,1,completed,300
550,Norway,Paid,Pro,Mobile,2024-01-01 09:09:00,13,500,0,form_started,0
551,Denmark,Organic,Premium,Tablet,2024-01-01 09:10:00,14,300,0,form_started,0
552,Denmark,Direct,Premium,Desktop,2024-01-01 09:11:00,16,300,1,completed,300
553,Denmark,Paid,Premium,Mobile,2024-01-01 09:12:00,15,300,1,completed,300
554,Denmark,Paid,Premium,Desktop,2024-01-01 09:13:00,19,300,1,completed,300
555,Denmark,Direct,Pro,Tablet,2024-01-01 09:14:00,11,500,0,form_started,0
556,Sweden,Direct,Pro,Desktop,2024-01-01 09:15:00,12,500,0,signup,0
557,Denmark,Direct,Premium,Desktop,2024-01-01 09:16:00,11,300,1,completed,300
558,Denmark,Organic,Premium,Tablet,2024-01-01 09:17:00,5,300,0,form_started,0
559,Norway,Organic,Basic,Desktop,2024-01-01 09:18:00,8,100,1,completed,100
560,Denmark,Organic,Basic,Mobile,2024-01-01 09:19:00,6,100,0,form_started,0
561,Norway,Direct,Pro,Tablet,2024-01-01 09:20:00,16,500,1,completed,500
562,Sweden,Direct,Basic,Desktop,2024-01-01 09:21:00,12,100,0,signup,0
563,Denmark,Organic,Pro,Tablet,2024-01-01 09:22:00,6,500,1,completed,500
564,Norway,Paid,Pro,Desktop,2024-01-01 09:23:00,13,500,0,signup,0
565,Norway,Organic,Pro,Tablet,2024-01-01 09:24:00,7,500,1,completed,500
566,Sweden,Paid,Basic,Tablet,2024-01-01 09:25:00,8,100,0,form_started,0
567,Denmark,Direct,Basic,Mobile,2024-01-01 09:26:00,12,100,0,signup,0
568,Denmark,Direct,Pro,Tablet,2024-01-01 09:27:00,2,500,0,form_started,0
569,Norway,Organic,Pro,Mobile,2024-01-01 09:28:00,9,500,1,completed,500
570,Denmark,Organic,Premium,Tablet,2024-01-01 09:29:00,13,300,0,signup,0
571,Norway,Direct,Pro,Tablet,2024-01-01 09:30:00,17,500,0,form_started,0
572,Denmark,Organic,Pro,Desktop,2024-01-01 09:31:00,13,500,0,form_started,0
573,Norway,Direct,Premium,Desktop,2024-01-01 09:32:00,16,300,0,form_started,0
574,Denmark,Direct,Pro,Desktop,2024-01-01 09:33:00,1,500,0,form_started,0
575,Sweden,Paid,Pro,Tablet,2024-01-01 09:34:00,7,500,0,form_started,0
576,Denmark,Organic,Pro,Tablet,2024-01-01 09:35:00,13,500,1,completed,500
577,Denmark,Direct,Premium,Mobile,2024-01-01 09:36:00,14,300,0,signup,0
578,Sweden,Organic,Basic,Mobile,2024-01-01 09:37:00,17,100,0,form_started,0
579,Denmark,Paid,Pro,Mobile,2024-01-01 09:38:00,16,500,1,completed,500
580,Sweden,Paid,Premium,Desktop,2024-01-01 09:39:00,15,300,1,completed,300
581,Denmark,Organic,Pro,Desktop,2024-01-01 09:40:00,17,500,1,completed,500
582,Norway,Organic,Premium,Mobile,2024-01-01 09:41:00,2,300,0,form_started,0
583,Norway,Direct,Pro,Tablet,2024-01-01 09:42:00,12,500,0,form_started,0
584,Denmark,Paid,Premium,Desktop,2024-01-01 09:43:00,3,300,0,form_started,0
585,Denmark,Paid,Basic,Desktop,2024-01-01 09:44:00,9,100,0,signup,0
586,Denmark,Paid,Basic,Mobile,2024-01-01 09:45:00,6,100,0,form_started,0
587,Norway,Organic,Basic,Desktop,2024-01-01 09:46:00,6,100,1,completed,100
588,Denmark,Direct,Pro,Mobile,2024-01-01 09:47:00,7,500,0,form_started,0
589,Norway,Organic,Premium,Desktop,2024-01-01 09:48:00,8,300,0,signup,0
590,Sweden,Organic,Pro,Tablet,2024-01-01 09:49:00,3,500,0,signup,0
591,Norway,Organic,Pro,Tablet,2024-01-01 09:50:00,15,500,0,form_started,0
592,Norway,Direct,Premium,Desktop,2024-01-01 09:51:00,6,300,0,form_started,0
593,Sweden,Organic,Pro,Mobile,2024-01-01 09:52:00,11,500,0,signup,0
594,Norway,Paid,Premium,Desktop,2024-01-01 09:53:00,3,300,0,form_started,0
595,Denmark,Paid,Premium,Mobile,2024-01-01 09:54:00,16,300,0,form_started,0
596,Denmark,Paid,Basic,Desktop,2024-01-01 09:55:00,6,100,1,completed,100
597,Norway,Direct,Basic,Tablet,2024-01-01 09:56:00,11,100,1,completed,100
598,Denmark,Organic,Basic,Tablet,2024-01-01 09:57:00,8,100,1,completed,100
599,Norway,Direct,Premium,Desktop,2024-01-01 09:58:00,10,300,0,form_started,0
600,Denmark,Organic,Basic,Desktop,2024-01-01 09:59:00,10,100,1,completed,100
601,Denmark,Paid,Premium,Desktop,2024-01-01 10:00:00,3,300,0,signup,0
602,Norway,Organic,Pro,Tablet,2024-01-01 10:01:00,14,500,1,completed,500
603,Denmark,Organic,Basic,Tablet,2024-01-01 10:02:00,19,100,0,signup,0
604,Norway,Organic,Premium,Mobile,2024-01-01 10:03:00,9,300,0,form_started,0
605,Denmark,Direct,Premium,Desktop,2024-01-01 10:04:00,13,300,0,signup,0
606,Denmark,Organic,Premium,Desktop,2024-01-01 10:05:00,9,300,0,signup,0
607,Sweden,Organic,Premium,Tablet,2024-01-01 10:06:00,12,300,0,signup,0
608,Sweden,Organic,Basic,Desktop,2024-01-01 10:07:00,14,100,1,completed,100
609,Norway,Direct,Basic,Mobile,2024-01-01 10:08:00,5,100,0,form_started,0
610,Sweden,Direct,Basic,Desktop,2024-01-01 10:09:00,6,100,0,signup,0
611,Norway,Direct,Premium,Tablet,2024-01-01 10:10:00,13,300,0,signup,0
612,Sweden,Organic,Pro,Desktop,2024-01-01 10:11:00,13,500,0,signup,0
613,Denmark,Paid,Premium,Tablet,2024-01-01 10:12:00,6,300,1,completed,300
614,Norway,Paid,Pro,Mobile,2024-01-01 10:13:00,14,500,0,form_started,0
615,Norway,Paid,Basic,Mobile,2024-01-01 10:14:00,11,100,1,completed,100
616,Denmark,Organic,Premium,Desktop,2024-01-01 10:15:00,13,300,0,signup,0
617,Norway,Paid,Premium,Desktop,2024-01-01 10:16:00,12,300,1,completed,300
618,Norway,Paid,Basic,Tablet,2024-01-01 10:17:00,16,100,0,form_started,0
619,Sweden,Paid,Premium,Mobile,2024-01-01 10:18:00,6,300,1,completed,300
620,Norway,Organic,Pro,Mobile,2024-01-01 10:19:00,9,500,0,signup,0
621,Denmark,Paid,Pro,Mobile,2024-01-01 10:20:00,17,500,1,completed,500
622,Sweden,Paid,Pro,Mobile,2024-01-01 10:21:00,16,500,0,form_started,0
623,Sweden,Organic,Premium,Desktop,2024-01-01 10:22:00,12,300,0,signup,0
624,Denmark,Direct,Premium,Desktop,2024-01-01 10:23:00,18,300,0,signup,0
625,Denmark,Paid,Pro,Tablet,2024-01-01 10:24:00,9,500,0,form_started,0
626,Sweden,Direct,Premium,Mobile,2024-01-01 10:25:00,3,300,0,form_started,0
627,Norway,Paid,Pro,Desktop,2024-01-01 10:26:00,10,500,0,signup,0
628,Sweden,Organic,Basic,Desktop,2024-01-01 10:27:00,11,100,0,form_started,0
629,Denmark,Direct,Pro,Mobile,2024-01-01 10:28:00,2,500,1,completed,500
630,Sweden,Direct,Basic,Desktop,2024-01-01 10:29:00,8,100,1,completed,100
631,Denmark,Direct,Basic,Tablet,2024-01-01 10:30:00,11,100,0,signup,0
632,Sweden,Direct,Basic,Tablet,2024-01-01 10:31:00,18,100,0,form_started,0
633,Norway,Paid,Pro,Mobile,2024-01-01 10:32:00,7,500,0,signup,0
634,Sweden,Paid,Pro,Tablet,2024-01-01 10:33:00,14,500,1,completed,500
635,Sweden,Direct,Premium,Desktop,2024-01-01 10:34:00,7,300,1,completed,300
636,Denmark,Paid,Premium,Tablet,2024-01-01 10:35:00,1,300,1,completed,300
637,Denmark,Direct,Basic,Desktop,2024-01-01 10:36:00,12,100,1,completed,100
638,Denmark,Direct,Pro,Mobile,2024-01-01 10:37:00,1,500,1,completed,500
639,Sweden,Organic,Premium,Mobile,2024-01-01 10:38:00,3,300,1,completed,300
640,Norway,Direct,Premium,Desktop,2024-01-01 10:39:00,2,300,0,form_started,0
641,Denmark,Paid,Premium,Desktop,2024-01-01 10:40:00,3,300,1,completed,300
642,Denmark,Direct,Pro,Tablet,2024-01-01 10:41:00,4,500,1,completed,500
643,Sweden,Organic,Premium,Desktop,2024-01-01 10:42:00,14,300,0,signup,0
644,Denmark,Paid,Basic,Mobile,2024-01-01 10:43:00,18,100,0,signup,0
645,Norway,Organic,Pro,Desktop,2024-01-01 10:44:00,5,500,0,form_started,0
646,Norway,Organic,Premium,Tablet,2024-01-01 10:45:00,15,300,1,completed,300
647,Denmark,Direct,Premium,Tablet,2024-01-01 10:46:00,16,300,0,form_started,0
648,Denmark,Organic,Pro,Desktop,2024-01-01 10:47:00,8,500,0,signup,0
649,Sweden,Organic,Premium,Tablet,2024-01-01 10:48:00,8,300,1,completed,300
650,Norway,Paid,Premium,Tablet,2024-01-01 10:49:00,7,300,0,signup,0
651,Norway,Organic,Basic,Mobile,2024-01-01 10:50:00,6,100,1,completed,100
652,Denmark,Direct,Pro,Desktop,2024-01-01 10:51:00,7,500,1,completed,500
653,Sweden,Direct,Premium,Mobile,2024-01-01 10:52:00,19,300,1,completed,300
654,Norway,Direct,Pro,Mobile,2024-01-01 10:53:00,1,500,0,signup,0
655,Norway,Organic,Pro,Tablet,2024-01-01 10:54:00,13,500,1,completed,500
656,Sweden,Paid,Basic,Mobile,2024-01-01 10:55:00,7,100,0,form_started,0
657,Sweden,Direct,Basic,Desktop,2024-01-01 10:56:00,1,100,0,signup,0
658,Norway,Organic,Pro,Desktop,2024-01-01 10:57:00,10,500,0,form_started,0
659,Norway,Direct,Basic,Desktop,2024-01-01 10:58:00,13,100,0,form_started,0
660,Sweden,Direct,Basic,Mobile,2024-01-01 10:59:00,4,100,1,completed,100
661,Norway,Paid,Premium,Desktop,2024-01-01 11:00:00,7,300,0,form_started,0
662,Denmark,Direct,Basic,Desktop,2024-01-01 11:01:00,6,100,1,completed,100
663,Denmark,Paid,Basic,Mobile,2024-01-01 11:02:00,6,100,0,form_started,0
664,Sweden,Organic,Premium,Mobile,2024-01-01 11:03:00,11,300,0,form_started,0
665,Sweden,Direct,Premium,Mobile,2024-01-01 11:04:00,9,300,0,form_started,0
666,Sweden,Organic,Pro,Mobile,2024-01-01 11:05:00,7,500,0,form_started,0
667,Denmark,Organic,Basic,Tablet,2024-01-01 11:06:00,9,100,1,completed,100
668,Norway,Organic,Premium,Mobile,2024-01-01 11:07:00,6,300,1,completed,300
669,Denmark,Direct,Basic,Mobile,2024-01-01 11:08:00,19,100,0,form_started,0
670,Norway,Paid,Pro,Desktop,2024-01-01 11:09:00,14,500,1,completed,500
671,Denmark,Direct,Basic,Desktop,2024-01-01 11:10:00,1,100,0,signup,0
672,Norway,Organic,Basic,Mobile,2024-01-01 11:11:00,16,100,0,signup,0
673,Denmark,Paid,Basic,Mobile,2024-01-01 11:12:00,9,100,0,form_started,0
674,Sweden,Organic,Premium,Mobile,2024-01-01 11:13:00,15,300,0,signup,0
675,Denmark,Paid,Premium,Desktop,2024-01-01 11:14:00,19,300,1,completed,300
676,Norway,Direct,Pro,Desktop,2024-01-01 11:15:00,10,500,0,form_started,0
677,Denmark,Paid,Basic,Mobile,2024-01-01 11:16:00,16,100,0,form_started,0
678,Denmark,Direct,Pro,Desktop,2024-01-01 11:17:00,3,500,0,form_started,0
679,Denmark,Organic,Pro,Desktop,2024-01-01 11:18:00,19,500,0,form_started,0
680,Sweden,Paid,Premium,Mobile,2024-01-01 11:19:00,13,300,0,form_started,0
681,Denmark,Organic,Basic,Desktop,2024-01-01 11:20:00,14,100,0,form_started,0
682,Sweden,Paid,Basic,Mobile,2024-01-01 11:21:00,7,100,1,completed,100
683,Sweden,Direct,Pro,Tablet,2024-01-01 11:22:00,2,500,0,form_started,0
684,Denmark,Paid,Basic,Tablet,2024-01-01 11:23:00,14,100,0,form_started,0
685,Denmark,Paid,Premium,Tablet,2024-01-01 11:24:00,17,300,0,form_started,0
686,Denmark,Direct,Pro,Desktop,2024-01-01 11:25:00,13,500,0,signup,0
687,Norway,Direct,Pro,Tablet,2024-01-01 11:26:00,2,500,1,completed,500
688,Denmark,Direct,Premium,Desktop,2024-01-01 11:27:00,5,300,0,signup,0
689,Sweden,Paid,Premium,Mobile,2024-01-01 11:28:00,4,300,0,signup,0
690,Denmark,Organic,Premium,Tablet,2024-01-01 11:29:00,3,300,0,signup,0
691,Norway,Paid,Premium,Desktop,2024-01-01 11:30:00,14,300,1,completed,300
692,Denmark,Paid,Premium,Tablet,2024-01-01 11:31:00,11,300,1,completed,300
693,Norway,Organic,Premium,Desktop,2024-01-01 11:32:00,8,300,0,form_started,0
694,Norway,Direct,Pro,Desktop,2024-01-01 11:33:00,9,500,0,form_started,0
695,Denmark,Paid,Basic,Mobile,2024-01-01 11:34:00,16,100,0,form_started,0
696,Sweden,Organic,Basic,Desktop,2024-01-01 11:35:00,3,100,1,completed,100
697,Norway,Direct,Pro,Desktop,2024-01-01 11:36:00,10,500,0,signup,0
698,Denmark,Direct,Basic,Tablet,2024-01-01 11:37:00,1,100,0,signup,0
699,Denmark,Paid,Basic,Mobile,2024-01-01 11:38:00,9,100,0,signup,0
700,Sweden,Direct,Pro,Desktop,2024-01-01 11:39:00,16,500,0,signup,0
701,Norway,Direct,Basic,Tablet,2024-01-01 11:40:00,9,100,0,signup,0
702,Norway,Organic,Basic,Mobile,2024-01-01 11:41:00,12,100,0,form_started,0
703,Denmark,Organic,Pro,Desktop,2024-01-01 11:42:00,1,500,0,form_started,0
704,Denmark,Direct,Basic,Tablet,2024-01-01 11:43:00,16,100,0,form_started,0
705,Sweden,Organic,Premium,Mobile,2024-01-01 11:44:00,8,300,0,signup,0
706,Sweden,Direct,Pro,Mobile,2024-01-01 11:45:00,14,500,0,form_started,0
707,Norway,Paid,Basic,Mobile,2024-01-01 11:46:00,14,100,0,signup,0
708,Norway,Organic,Basic,Mobile,2024-01-01 11:47:00,10,100,1,completed,100
709,Denmark,Direct,Premium,Desktop,2024-01-01 11:48:00,1,300,0,form_started,0
710,Norway,Direct,Pro,Desktop,2024-01-01 11:49:00,6,500,0,signup,0
711,Sweden,Organic,Pro,Mobile,2024-01-01 11:50:00,9,500,1,completed,500
712,Sweden,Organic,Basic,Mobile,2024-01-01 11:51:00,19,100,0,form_started,0
713,Denmark,Paid,Premium,Desktop,2024-01-01 11:52:00,16,300,0,signup,0
714,Sweden,Direct,Premium,Tablet,2024-01-01 11:53:00,19,300,0,form_started,0
715,Sweden,Paid,Premium,Mobile,2024-01-01 11:54:00,11,300,0,signup,0
716,Sweden,Paid,Premium,Desktop,2024-01-01 11:55:00,11,300,0,form_started,0
717,Sweden,Paid,Premium,Desktop,2024-01-01 11:56:00,14,300,0,form_started,0
718,Denmark,Organic,Premium,Tablet,2024-01-01 11:57:00,7,300,1,completed,300
719,Denmark,Paid,Pro,Desktop,2024-01-01 11:58:00,12,500,1,completed,500
720,Norway,Organic,Basic,Mobile,2024-01-01 11:59:00,5,100,0,form_started,0
721,Sweden,Organic,Basic,Desktop,2024-01-01 12:00:00,1,100,1,completed,100
722,Norway,Paid,Premium,Mobile,2024-01-01 12:01:00,11,300,0,signup,0
723,Denmark,Paid,Pro,Desktop,2024-01-01 12:02:00,15,500,1,completed,500
724,Denmark,Direct,Pro,Mobile,2024-01-01 12:03:00,10,500,0,signup,0
725,Denmark,Paid,Premium,Mobile,2024-01-01 12:04:00,15,300,1,completed,300
726,Denmark,Direct,Basic,Desktop,2024-01-01 12:05:00,13,100,0,form_started,0
727,Denmark,Paid,Premium,Mobile,2024-01-01 12:06:00,15,300,0,form_started,0
728,Denmark,Paid,Pro,Desktop,2024-01-01 12:07:00,2,500,0,form_started,0
729,Denmark,Paid,Premium,Desktop,2024-01-01 12:08:00,13,300,1,completed,300
730,Sweden,Paid,Basic,Desktop,2024-01-01 12:09:00,12,100,0,signup,0
731,Norway,Direct,Basic,Mobile,2024-01-01 12:10:00,4,100,0,signup,0
732,Denmark,Direct,Pro,Desktop,2024-01-01 12:11:00,12,500,0,form_started,0
733,Sweden,Paid,Premium,Tablet,2024-01-01 12:12:00,15,300,0,form_started,0
734,Sweden,Paid,Premium,Mobile,2024-01-01 12:13:00,13,300,1,completed,300
735,Norway,Direct,Pro,Tablet,2024-01-01 12:14:00,2,500,1,completed,500
736,Denmark,Organic,Premium,Tablet,2024-01-01 12:15:00,16,300,1,completed,300
737,Norway,Organic,Pro,Tablet,2024-01-01 12:16:00,14,500,1,completed,500
738,Denmark,Organic,Premium,Tablet,2024-01-01 12:17:00,2,300,0,signup,0
739,Sweden,Direct,Basic,Desktop,2024-01-01 12:18:00,17,100,0,signup,0
740,Sweden,Direct,Pro,Tablet,2024-01-01 12:19:00,16,500,0,signup,0
741,Sweden,Organic,Premium,Mobile,2024-01-01 12:20:00,4,300,1,completed,300
742,Sweden,Organic,Premium,Tablet,2024-01-01 12:21:00,11,300,1,completed,300
743,Norway,Paid,Premium,Tablet,2024-01-01 12:22:00,13,300,0,form_started,0
744,Denmark,Direct,Pro,Tablet,2024-01-01 12:23:00,6,500,0,signup,0
745,Denmark,Direct,Basic,Desktop,2024-01-01 12:24:00,17,100,0,signup,0
746,Norway,Organic,Premium,Tablet,2024-01-01 12:25:00,1,300,0,form_started,0
747,Denmark,Organic,Pro,Tablet,2024-01-01 12:26:00,9,500,1,completed,500
748,Sweden,Direct,Premium,Tablet,2024-01-01 12:27:00,18,300,0,signup,0
749,Denmark,Paid,Basic,Mobile,2024-01-01 12:28:00,11,100,1,completed,100
750,Sweden,Organic,Basic,Desktop,2024-01-01 12:29:00,14,100,1,completed,100
751,Norway,Direct,Basic,Desktop,2024-01-01 12:30:00,2,100,1,completed,100
752,Denmark,Direct,Pro,Desktop,2024-01-01 12:31:00,11,500,1,completed,500
753,Norway,Paid,Premium,Mobile,2024-01-01 12:32:00,2,300,0,signup,0
754,Denmark,Paid,Pro,Tablet,2024-01-01 12:33:00,4,500,1,completed,500
755,Sweden,Organic,Premium,Mobile,2024-01-01 12:34:00,13,300,0,form_started,0
756,Norway,Organic,Pro,Desktop,2024-01-01 12:35:00,6,500,1,completed,500
757,Denmark,Organic,Premium,Desktop,2024-01-01 12:36:00,7,300,0,signup,0
758,Sweden,Direct,Pro,Desktop,2024-01-01 12:37:00,3,500,0,form_started,0
759,Norway,Organic,Premium,Mobile,2024-01-01 12:38:00,4,300,0,form_started,0
760,Norway,Direct,Pro,Desktop,2024-01-01 12:39:00,3,500,0,form_started,0
761,Denmark,Organic,Basic,Tablet,2024-01-01 12:40:00,1,100,1,completed,100
762,Denmark,Paid,Pro,Mobile,2024-01-01 12:41:00,19,500,1,completed,500
763,Denmark,Paid,Basic,Tablet,2024-01-01 12:42:00,13,100,0,form_started,0
764,Sweden,Direct,Basic,Desktop,2024-01-01 12:43:00,14,100,0,signup,0
765,Denmark,Paid,Premium,Desktop,2024-01-01 12:44:00,16,300,1,completed,300
766,Norway,Direct,Basic,Mobile,2024-01-01 12:45:00,4,100,0,form_started,0
767,Norway,Direct,Basic,Tablet,2024-01-01 12:46:00,17,100,1,completed,100
768,Denmark,Paid,Premium,Mobile,2024-01-01 12:47:00,10,300,0,signup,0
769,Denmark,Direct,Pro,Tablet,2024-01-01 12:48:00,7,500,0,signup,0
770,Norway,Paid,Pro,Desktop,2024-01-01 12:49:00,13,500,1,completed,500
771,Sweden,Organic,Basic,Mobile,2024-01-01 12:50:00,13,100,0,signup,0
772,Denmark,Organic,Pro,Mobile,2024-01-01 12:51:00,14,500,0,signup,0
773,Denmark,Paid,Basic,Tablet,2024-01-01 12:52:00,6,100,1,completed,100
774,Norway,Paid,Pro,Desktop,2024-01-01 12:53:00,16,500,1,completed,500
775,Denmark,Paid,Pro,Desktop,2024-01-01 12:54:00,9,500,1,completed,500
776,Sweden,Paid,Pro,Tablet,2024-01-01 12:55:00,16,500,0,form_started,0
777,Norway,Organic,Basic,Tablet,2024-01-01 12:56:00,12,100,0,signup,0
778,Denmark,Direct,Premium,Tablet,2024-01-01 12:57:00,16,300,0,signup,0
779,Norway,Direct,Pro,Tablet,2024-01-01 12:58:00,5,500,0,signup,0
780,Denmark,Organic,Pro,Tablet,2024-01-01 12:59:00,11,500,1,completed,500
781,Denmark,Direct,Pro,Desktop,2024-01-01 13:00:00,1,500,0,form_started,0
782,Denmark,Organic,Basic,Desktop,2024-01-01 13:01:00,10,100,0,signup,0
783,Sweden,Direct,Premium,Mobile,2024-01-01 13:02:00,11,300,1,completed,300
784,Sweden,Paid,Basic,Desktop,2024-01-01 13:03:00,15,100,1,completed,100
785,Norway,Paid,Pro,Tablet,2024-01-01 13:04:00,3,500,0,signup,0
786,Denmark,Paid,Basic,Desktop,2024-01-01 13:05:00,15,100,0,signup,0
787,Denmark,Organic,Pro,Desktop,2024-01-01 13:06:00,11,500,1,completed,500
788,Sweden,Organic,Pro,Desktop,2024-01-01 13:07:00,9,500,0,signup,0
789,Denmark,Direct,Basic,Mobile,2024-01-01 13:08:00,2,100,1,completed,100
790,Sweden,Direct,Pro,Mobile,2024-01-01 13:09:00,12,500,1,completed,500
791,Denmark,Direct,Pro,Tablet,2024-01-01 13:10:00,16,500,0,form_started,0
792,Norway,Organic,Premium,Tablet,2024-01-01 13:11:00,16,300,0,form_started,0
793,Denmark,Direct,Basic,Mobile,2024-01-01 13:12:00,1,100,0,form_started,0
794,Denmark,Paid,Basic,Desktop,2024-01-01 13:13:00,16,100,1,completed,100
795,Sweden,Direct,Pro,Desktop,2024-01-01 13:14:00,6,500,0,form_started,0
796,Denmark,Paid,Pro,Mobile,2024-01-01 13:15:00,14,500,1,completed,500
797,Denmark,Organic,Basic,Tablet,2024-01-01 13:16:00,11,100,1,completed,100
798,Sweden,Paid,Basic,Desktop,2024-01-01 13:17:00,1,100,0,form_started,0
799,Norway,Paid,Basic,Tablet,2024-01-01 13:18:00,17,100,1,completed,100
800,Norway,Paid,Pro,Desktop,2024-01-01 13:19:00,19,500,0,signup,0
801,Sweden,Organic,Premium,Tablet,2024-01-01 13:20:00,2,300,1,completed,300
802,Sweden,Organic,Premium,Desktop,2024-01-01 13:21:00,14,300,0,form_started,0
803,Sweden,Organic,Pro,Tablet,2024-01-01 13:22:00,8,500,0,form_started,0
804,Sweden,Organic,Pro,Tablet,2024-01-01 13:23:00,6,500,0,signup,0
805,Sweden,Direct,Pro,Tablet,2024-01-01 13:24:00,9,500,0,form_started,0
806,Norway,Organic,Basic,Mobile,2024-01-01 13:25:00,5,100,0,signup,0
807,Norway,Paid,Pro,Tablet,2024-01-01 13:26:00,5,500,1,completed,500
808,Sweden,Organic,Basic,Mobile,2024-01-01 13:27:00,18,100,0,form_started,0
809,Denmark,Direct,Premium,Mobile,2024-01-01 13:28:00,14,300,1,completed,300
810,Sweden,Direct,Pro,Tablet,2024-01-01 13:29:00,12,500,0,signup,0
811,Denmark,Direct,Pro,Mobile,2024-01-01 13:30:00,12,500,0,signup,0
812,Sweden,Paid,Basic,Mobile,2024-01-01 13:31:00,6,100,0,form_started,0
813,Sweden,Organic,Basic,Mobile,2024-01-01 13:32:00,4,100,1,completed,100
814,Norway,Organic,Basic,Desktop,2024-01-01 13:33:00,15,100,0,signup,0
815,Denmark,Organic,Premium,Tablet,2024-01-01 13:34:00,15,300,0,form_started,0
816,Denmark,Paid,Premium,Mobile,2024-01-01 13:35:00,17,300,1,completed,300
817,Norway,Paid,Pro,Tablet,2024-01-01 13:36:00,3,500,0,form_started,0
818,Norway,Direct,Pro,Mobile,2024-01-01 13:37:00,10,500,1,completed,500
819,Norway,Direct,Basic,Tablet,2024-01-01 13:38:00,8,100,0,form_started,0
820,Norway,Organic,Premium,Mobile,2024-01-01 13:39:00,9,300,0,form_started,0
821,Denmark,Paid,Pro,Desktop,2024-01-01 13:40:00,3,500,0,signup,0
822,Denmark,Paid,Basic,Desktop,2024-01-01 13:41:00,1,100,1,completed,100
823,Sweden,Organic,Basic,Desktop,2024-01-01 13:42:00,11,100,1,completed,100
824,Sweden,Organic,Premium,Mobile,2024-01-01 13:43:00,13,300,0,signup,0
825,Norway,Direct,Premium,Tablet,2024-01-01 13:44:00,12,300,0,signup,0
826,Norway,Direct,Pro,Mobile,2024-01-01 13:45:00,7,500,0,signup,0
827,Norway,Direct,Pro,Desktop,2024-01-01 13:46:00,2,500,0,signup,0
828,Sweden,Organic,Basic,Mobile,2024-01-01 13:47:00,1,100,0,form_started,0
829,Sweden,Organic,Basic,Tablet,2024-01-01 13:48:00,3,100,0,signup,0
830,Sweden,Direct,Basic,Desktop,2024-01-01 13:49:00,4,100,0,signup,0
831,Sweden,Direct,Pro,Mobile,2024-01-01 13:50:00,17,500,0,signup,0
832,Sweden,Paid,Premium,Tablet,2024-01-01 13:51:00,18,300,1,completed,300
833,Sweden,Paid,Pro,Desktop,2024-01-01 13:52:00,17,500,1,completed,500
834,Sweden,Direct,Premium,Tablet,2024-01-01 13:53:00,19,300,0,signup,0
835,Norway,Direct,Pro,Tablet,2024-01-01 13:54:00,4,500,1,completed,500
836,Norway,Paid,Pro,Desktop,2024-01-01 13:55:00,17,500,0,signup,0
837,Norway,Direct,Premium,Mobile,2024-01-01 13:56:00,2,300,0,form_started,0
838,Norway,Paid,Pro,Mobile,2024-01-01 13:57:00,10,500,1,completed,500
839,Sweden,Paid,Pro,Mobile,2024-01-01 13:58:00,12,500,1,completed,500
840,Denmark,Paid,Basic,Mobile,2024-01-01 13:59:00,13,100,0,signup,0
841,Sweden,Organic,Premium,Tablet,2024-01-01 14:00:00,11,300,0,form_started,0
842,Denmark,Organic,Premium,Mobile,2024-01-01 14:01:00,8,300,1,completed,300
843,Norway,Direct,Basic,Mobile,2024-01-01 14:02:00,5,100,0,form_started,0
844,Sweden,Paid,Premium,Tablet,2024-01-01 14:03:00,2,300,0,signup,0
845,Norway,Organic,Basic,Tablet,2024-01-01 14:04:00,12,100,1,completed,100
846,Sweden,Direct,Premium,Desktop,2024-01-01 14:05:00,2,300,0,form_started,0
847,Norway,Direct,Premium,Tablet,2024-01-01 14:06:00,6,300,0,signup,0
848,Denmark,Direct,Premium,Desktop,2024-01-01 14:07:00,19,300,1,completed,300
849,Denmark,Direct,Premium,Desktop,2024-01-01 14:08:00,12,300,0,signup,0
850,Denmark,Direct,Basic,Mobile,2024-01-01 14:09:00,13,100,0,signup,0
851,Sweden,Paid,Basic,Mobile,2024-01-01 14:10:00,17,100,0,signup,0
852,Denmark,Direct,Premium,Mobile,2024-01-01 14:11:00,12,300,0,signup,0
853,Sweden,Paid,Pro,Tablet,2024-01-01 14:12:00,3,500,0,signup,0
854,Denmark,Organic,Basic,Tablet,2024-01-01 14:13:00,8,100,0,form_started,0
855,Denmark,Direct,Premium,Mobile,2024-01-01 14:14:00,16,300,0,signup,0
856,Sweden,Organic,Basic,Mobile,2024-01-01 14:15:00,4,100,0,form_started,0
857,Sweden,Paid,Pro,Tablet,2024-01-01 14:16:00,13,500,0,form_started,0
858,Denmark,Paid,Pro,Desktop,2024-01-01 14:17:00,8,500,0,signup,0
859,Sweden,Organic,Pro,Desktop,2024-01-01 14:18:00,1,500,0,form_started,0
860,Denmark,Direct,Premium,Mobile,2024-01-01 14:19:00,3,300,0,form_started,0
861,Sweden,Direct,Premium,Mobile,2024-01-01 14:20:00,1,300,0,form_started,0
862,Norway,Organic,Pro,Mobile,2024-01-01 14:21:00,15,500,0,form_started,0
863,Norway,Organic,Basic,Desktop,2024-01-01 14:22:00,18,100,1,completed,100
864,Norway,Organic,Basic,Mobile,2024-01-01 14:23:00,3,100,1,completed,100
865,Norway,Direct,Pro,Desktop,2024-01-01 14:24:00,15,500,0,signup,0
866,Norway,Direct,Premium,Tablet,2024-01-01 14:25:00,5,300,0,signup,0
867,Denmark,Direct,Basic,Tablet,2024-01-01 14:26:00,10,100,0,form_started,0
868,Norway,Organic,Basic,Tablet,2024-01-01 14:27:00,7,100,0,signup,0
869,Norway,Direct,Basic,Mobile,2024-01-01 14:28:00,8,100,0,signup,0
870,Norway,Paid,Premium,Tablet,2024-01-01 14:29:00,3,300,0,form_started,0
871,Norway,Organic,Pro,Desktop,2024-01-01 14:30:00,18,500,0,form_started,0
872,Sweden,Direct,Premium,Desktop,2024-01-01 14:31:00,17,300,1,completed,300
873,Denmark,Organic,Basic,Desktop,2024-01-01 14:32:00,16,100,1,completed,100
874,Norway,Paid,Pro,Mobile,2024-01-01 14:33:00,13,500,1,completed,500
875,Norway,Paid,Premium,Mobile,2024-01-01 14:34:00,4,300,0,signup,0
876,Norway,Organic,Pro,Desktop,2024-01-01 14:35:00,3,500,0,signup,0
877,Denmark,Organic,Basic,Desktop,2024-01-01 14:36:00,11,100,0,form_started,0
878,Sweden,Paid,Premium,Desktop,2024-01-01 14:37:00,2,300,1,completed,300
879,Denmark,Organic,Pro,Desktop,2024-01-01 14:38:00,18,500,0,signup,0
880,Sweden,Paid,Premium,Tablet,2024-01-01 14:39:00,4,300,0,form_started,0
881,Norway,Paid,Basic,Desktop,2024-01-01 14:40:00,17,100,0,signup,0
882,Norway,Direct,Pro,Mobile,2024-01-01 14:41:00,6,500,1,completed,500
883,Denmark,Organic,Basic,Mobile,2024-01-01 14:42:00,10,100,0,form_started,0
884,Denmark,Organic,Pro,Mobile,2024-01-01 14:43:00,11,500,0,form_started,0
885,Sweden,Direct,Basic,Mobile,2024-01-01 14:44:00,5,100,1,completed,100
886,Sweden,Paid,Basic,Mobile,2024-01-01 14:45:00,18,100,0,form_started,0
887,Denmark,Organic,Premium,Desktop,2024-01-01 14:46:00,10,300,0,signup,0
888,Sweden,Direct,Basic,Desktop,2024-01-01 14:47:00,9,100,0,signup,0
889,Denmark,Direct,Premium,Tablet,2024-01-01 14:48:00,16,300,1,completed,300
890,Sweden,Organic,Basic,Tablet,2024-01-01 14:49:00,10,100,0,form_started,0
891,Denmark,Direct,Basic,Tablet,2024-01-01 14:50:00,10,100,0,form_started,0
892,Denmark,Paid,Basic,Desktop,2024-01-01 14:51:00,4,100,1,completed,100
893,Denmark,Direct,Pro,Tablet,2024-01-01 14:52:00,14,500,0,signup,0
894,Sweden,Paid,Premium,Desktop,2024-01-01 14:53:00,8,300,1,completed,300
895,Sweden,Paid,Pro,Mobile,2024-01-01 14:54:00,1,500,0,signup,0
896,Sweden,Organic,Premium,Desktop,2024-01-01 14:55:00,16,300,0,form_started,0
897,Denmark,Direct,Basic,Desktop,2024-01-01 14:56:00,17,100,0,signup,0
898,Sweden,Paid,Pro,Mobile,2024-01-01 14:57:00,10,500,1,completed,500
899,Sweden,Paid,Premium,Mobile,2024-01-01 14:58:00,6,300,1,completed,300
900,Denmark,Direct,Basic,Mobile,2024-01-01 14:59:00,7,100,0,form_started,0
901,Norway,Paid,Premium,Tablet,2024-01-01 15:00:00,18,300,0,form_started,0
902,Denmark,Direct,Premium,Tablet,2024-01-01 15:01:00,2,300,1,completed,300
903,Sweden,Organic,Basic,Tablet,2024-01-01 15:02:00,9,100,0,form_started,0
904,Denmark,Paid,Pro,Mobile,2024-01-01 15:03:00,5,500,0,signup,0
905,Norway,Paid,Basic,Tablet,2024-01-01 15:04:00,8,100,1,completed,100
906,Denmark,Direct,Pro,Mobile,2024-01-01 15:05:00,5,500,1,completed,500
907,Sweden,Direct,Premium,Mobile,2024-01-01 15:06:00,15,300,0,signup,0
908,Norway,Direct,Premium,Mobile,2024-01-01 15:07:00,8,300,1,completed,300
909,Sweden,Direct,Premium,Tablet,2024-01-01 15:08:00,5,300,0,form_started,0
910,Norway,Paid,Pro,Tablet,2024-01-01 15:09:00,5,500,0,signup,0
911,Norway,Organic,Basic,Mobile,2024-01-01 15:10:00,17,100,1,completed,100
912,Denmark,Organic,Pro,Tablet,2024-01-01 15:11:00,9,500,0,signup,0
913,Denmark,Organic,Premium,Desktop,2024-01-01 15:12:00,2,300,1,completed,300
914,Sweden,Organic,Premium,Tablet,2024-01-01 15:13:00,1,300,1,completed,300
915,Denmark,Direct,Basic,Mobile,2024-01-01 15:14:00,11,100,0,form_started,0
916,Denmark,Paid,Pro,Mobile,2024-01-01 15:15:00,15,500,1,completed,500
917,Norway,Paid,Premium,Mobile,2024-01-01 15:16:00,1,300,0,signup,0
918,Denmark,Paid,Pro,Desktop,2024-01-01 15:17:00,7,500,0,form_started,0
919,Norway,Direct,Pro,Mobile,2024-01-01 15:18:00,19,500,1,completed,500
920,Norway,Paid,Basic,Mobile,2024-01-01 15:19:00,15,100,1,completed,100
921,Norway,Direct,Basic,Tablet,2024-01-01 15:20:00,6,100,0,form_started,0
922,Sweden,Paid,Premium,Desktop,2024-01-01 15:21:00,10,300,0,form_started,0
923,Sweden,Organic,Basic,Tablet,2024-01-01 15:22:00,12,100,0,form_started,0
924,Sweden,Direct,Pro,Mobile,2024-01-01 15:23:00,13,500,0,signup,0
925,Norway,Paid,Basic,Mobile,2024-01-01 15:24:00,15,100,0,signup,0
926,Sweden,Organic,Pro,Desktop,2024-01-01 15:25:00,19,500,0,form_started,0
927,Sweden,Organic,Premium,Mobile,2024-01-01 15:26:00,17,300,0,signup,0
928,Denmark,Organic,Pro,Desktop,2024-01-01 15:27:00,13,500,1,completed,500
929,Sweden,Direct,Basic,Tablet,2024-01-01 15:28:00,2,100,0,signup,0
930,Sweden,Direct,Basic,Desktop,2024-01-01 15:29:00,18,100,0,form_started,0
931,Norway,Paid,Premium,Tablet,2024-01-01 15:30:00,11,300,1,completed,300
932,Norway,Organic,Basic,Mobile,2024-01-01 15:31:00,5,100,0,form_started,0
933,Norway,Paid,Premium,Tablet,2024-01-01 15:32:00,4,300,1,completed,300
934,Norway,Paid,Premium,Tablet,2024-01-01 15:33:00,2,300,0,signup,0
935,Norway,Organic,Basic,Tablet,2024-01-01 15:34:00,16,100,0,signup,0
936,Norway,Paid,Pro,Desktop,2024-01-01 15:35:00,7,500,0,form_started,0
937,Sweden,Direct,Premium,Tablet,2024-01-01 15:36:00,8,300,0,form_started,0
938,Norway,Paid,Pro,Desktop,2024-01-01 15:37:00,8,500,0,form_started,0
939,Norway,Organic,Basic,Desktop,2024-01-01 15:38:00,2,100,0,signup,0
940,Denmark,Direct,Pro,Desktop,2024-01-01 15:39:00,15,500,0,signup,0
941,Sweden,Direct,Pro,Mobile,2024-01-01 15:40:00,5,500,0,form_started,0
942,Sweden,Paid,Pro,Mobile,2024-01-01 15:41:00,19,500,0,signup,0
943,Sweden,Paid,Pro,Mobile,2024-01-01 15:42:00,10,500,1,completed,500
944,Norway,Direct,Basic,Desktop,2024-01-01 15:43:00,9,100,1,completed,100
945,Norway,Paid,Basic,Mobile,2024-01-01 15:44:00,8,100,1,completed,100
946,Norway,Organic,Pro,Tablet,2024-01-01 15:45:00,5,500,1,completed,500
947,Denmark,Paid,Basic,Desktop,2024-01-01 15:46:00,19,100,0,signup,0
948,Norway,Paid,Basic,Mobile,2024-01-01 15:47:00,13,100,0,signup,0
949,Denmark,Direct,Premium,Desktop,2024-01-01 15:48:00,14,300,1,completed,300
950,Sweden,Paid,Basic,Mobile,2024-01-01 15:49:00,8,100,0,signup,0
951,Norway,Paid,Pro,Tablet,2024-01-01 15:50:00,16,500,0,form_started,0
952,Denmark,Paid,Basic,Desktop,2024-01-01 15:51:00,5,100,0,signup,0
953,Denmark,Organic,Basic,Mobile,2024-01-01 15:52:00,1,100,0,signup,0
954,Norway,Paid,Basic,Mobile,2024-01-01 15:53:00,19,100,0,form_started,0
955,Sweden,Organic,Basic,Tablet,2024-01-01 15:54:00,19,100,1,completed,100
956,Sweden,Organic,Premium,Tablet,2024-01-01 15:55:00,17,300,1,completed,300
957,Sweden,Organic,Pro,Mobile,2024-01-01 15:56:00,10,500,0,form_started,0
958,Denmark,Organic,Pro,Mobile,2024-01-01 15:57:00,5,500,0,form_started,0
959,Denmark,Direct,Basic,Desktop,2024-01-01 15:58:00,7,100,0,form_started,0
960,Denmark,Organic,Basic,Desktop,2024-01-01 15:59:00,16,100,0,form_started,0
961,Denmark,Paid,Premium,Mobile,2024-01-01 16:00:00,3,300,1,completed,300
962,Sweden,Organic,Basic,Tablet,2024-01-01 16:01:00,12,100,0,signup,0
963,Norway,Paid,Premium,Desktop,2024-01-01 16:02:00,14,300,1,completed,300
964,Denmark,Organic,Pro,Mobile,2024-01-01 16:03:00,1,500,0,signup,0
965,Denmark,Direct,Pro,Tablet,2024-01-01 16:04:00,7,500,0,signup,0
966,Sweden,Organic,Premium,Tablet,2024-01-01 16:05:00,18,300,1,completed,300
967,Norway,Organic,Pro,Mobile,2024-01-01 16:06:00,4,500,1,completed,500
968,Norway,Direct,Basic,Mobile,2024-01-01 16:07:00,16,100,1,completed,100
969,Sweden,Organic,Basic,Desktop,2024-01-01 16:08:00,11,100,1,completed,100
970,Sweden,Paid,Premium,Mobile,2024-01-01 16:09:00,18,300,1,completed,300
971,Norway,Organic,Pro,Desktop,2024-01-01 16:10:00,16,500,1,completed,500
972,Denmark,Organic,Pro,Tablet,2024-01-01 16:11:00,7,500,1,completed,500
973,Norway,Organic,Premium,Desktop,2024-01-01 16:12:00,3,300,0,form_started,0
974,Sweden,Direct,Premium,Mobile,2024-01-01 16:13:00,5,300,0,form_started,0
975,Denmark,Organic,Pro,Desktop,2024-01-01 16:14:00,18,500,0,signup,0
976,Denmark,Organic,Premium,Tablet,2024-01-01 16:15:00,17,300,0,form_started,0
977,Sweden,Paid,Basic,Tablet,2024-01-01 16:16:00,1,100,1,completed,100
978,Sweden,Organic,Pro,Mobile,2024-01-01 16:17:00,16,500,0,form_started,0
979,Sweden,Organic,Premium,Desktop,2024-01-01 16:18:00,15,300,0,signup,0
980,Norway,Organic,Premium,Mobile,2024-01-01 16:19:00,13,300,1,completed,300
981,Norway,Organic,Premium,Mobile,2024-01-01 16:20:00,7,300,0,signup,0
982,Denmark,Paid,Pro,Tablet,2024-01-01 16:21:00,3,500,0,signup,0
983,Sweden,Paid,Basic,Desktop,2024-01-01 16:22:00,13,100,0,form_started,0
984,Denmark,Direct,Basic,Mobile,2024-01-01 16:23:00,16,100,1,completed,100
985,Denmark,Organic,Pro,Tablet,2024-01-01 16:24:00,1,500,0,signup,0
986,Denmark,Direct,Premium,Mobile,2024-01-01 16:25:00,1,300,1,completed,300
987,Denmark,Direct,Pro,Desktop,2024-01-01 16:26:00,16,500,0,form_started,0
988,Sweden,Organic,Pro,Mobile,2024-01-01 16:27:00,2,500,1,completed,500
989,Denmark,Paid,Premium,Desktop,2024-01-01 16:28:00,18,300,0,signup,0
990,Sweden,Paid,Pro,Tablet,2024-01-01 16:29:00,18,500,0,signup,0
991,Sweden,Organic,Basic,Tablet,2024-01-01 16:30:00,5,100,0,signup,0
992,Norway,Organic,Pro,Mobile,2024-01-01 16:31:00,5,500,0,signup,0
993,Sweden,Paid,Premium,Tablet,2024-01-01 16:32:00,8,300,0,signup,0
994,Norway,Organic,Pro,Mobile,2024-01-01 16:33:00,9,500,0,signup,0
995,Sweden,Organic,Basic,Mobile,2024-01-01 16:34:00,14,100,0,form_started,0
996,Sweden,Organic,Pro,Desktop,2024-01-01 16:35:00,13,500,1,completed,500
997,Sweden,Paid,Pro,Mobile,2024-01-01 16:36:00,18,500,0,form_started,0
998,Norway,Direct,Pro,Desktop,2024-01-01 16:37:00,4,500,1,completed,500
999,Norway,Direct,Pro,Mobile,2024-01-01 16:38:00,18,500,1,completed,500
1000,Denmark,Organic,Premium,Desktop,2024-01-01 16:39:00,15,300,0,form_started,0
1001,Norway,Paid,Basic,Tablet,2024-01-01 16:40:00,7,100,0,form_started,0
1002,Norway,Organic,Basic,Mobile,2024-01-01 16:41:00,13,100,0,form_started,0
1003,Norway,Paid,Basic,Desktop,2024-01-01 16:42:00,2,100,1,completed,100
1004,Norway,Organic,Pro,Mobile,2024-01-01 16:43:00,9,500,1,completed,500
1005,Denmark,Paid,Basic,Desktop,2024-01-01 16:44:00,5,100,0,form_started,0
1006,Norway,Paid,Premium,Desktop,2024-01-01 16:45:00,1,300,0,form_started,0
1007,Sweden,Direct,Pro,Mobile,2024-01-01 16:46:00,19,500,0,signup,0
1008,Sweden,Organic,Pro,Mobile,2024-01-01 16:47:00,19,500,1,completed,500
1009,Norway,Direct,Basic,Tablet,2024-01-01 16:48:00,13,100,1,completed,100
1010,Norway,Direct,Pro,Tablet,2024-01-01 16:49:00,6,500,1,completed,500
1011,Sweden,Paid,Pro,Tablet,2024-01-01 16:50:00,10,500,1,completed,500
1012,Sweden,Organic,Basic,Mobile,2024-01-01 16:51:00,11,100,0,signup,0
1013,Denmark,Paid,Premium,Tablet,2024-01-01 16:52:00,16,300,1,completed,300
1014,Sweden,Paid,Premium,Desktop,2024-01-01 16:53:00,1,300,1,completed,300
1015,Sweden,Paid,Basic,Mobile,2024-01-01 16:54:00,19,100,0,form_started,0
1016,Norway,Organic,Premium,Desktop,2024-01-01 16:55:00,5,300,0,form_started,0
1017,Sweden,Organic,Premium,Desktop,2024-01-01 16:56:00,6,300,0,signup,0
1018,Denmark,Paid,Premium,Desktop,2024-01-01 16:57:00,6,300,1,completed,300
1019,Sweden,Organic,Pro,Mobile,2024-01-01 16:58:00,5,500,0,form_started,0
1020,Norway,Paid,Pro,Mobile,2024-01-01 16:59:00,6,500,0,form_started,0
1021,Norway,Organic,Pro,Tablet,2024-01-01 17:00:00,13,500,0,signup,0
1022,Sweden,Organic,Premium,Tablet,2024-01-01 17:01:00,1,300,0,signup,0
1023,Norway,Direct,Pro,Tablet,2024-01-01 17:02:00,1,500,0,form_started,0
1024,Denmark,Paid,Premium,Tablet,2024-01-01 17:03:00,14,300,0,form_started,0
1025,Denmark,Direct,Basic,Desktop,2024-01-01 17:04:00,8,100,1,completed,100
1026,Sweden,Direct,Premium,Mobile,2024-01-01 17:05:00,9,300,0,signup,0
1027,Sweden,Paid,Pro,Tablet,2024-01-01 17:06:00,10,500,1,completed,500
1028,Sweden,Paid,Premium,Desktop,2024-01-01 17:07:00,6,300,1,completed,300
1029,Norway,Organic,Pro,Mobile,2024-01-01 17:08:00,9,500,0,signup,0
1030,Denmark,Paid,Pro,Mobile,2024-01-01 17:09:00,18,500,0,form_started,0
1031,Denmark,Direct,Basic,Mobile,2024-01-01 17:10:00,15,100,0,signup,0
1032,Norway,Direct,Basic,Desktop,2024-01-01 17:11:00,4,100,0,form_started,0
1033,Denmark,Paid,Pro,Tablet,2024-01-01 17:12:00,2,500,1,completed,500
1034,Sweden,Direct,Premium,Mobile,2024-01-01 17:13:00,6,300,1,completed,300
1035,Sweden,Organic,Basic,Desktop,2024-01-01 17:14:00,17,100,0,form_started,0
1036,Sweden,Direct,Basic,Mobile,2024-01-01 17:15:00,7,100,1,completed,100
1037,Denmark,Organic,Pro,Desktop,2024-01-01 17:16:00,15,500,1,completed,500
1038,Sweden,Direct,Premium,Tablet,2024-01-01 17:17:00,2,300,1,completed,300
1039,Norway,Organic,Basic,Tablet,2024-01-01 17:18:00,12,100,0,signup,0
1040,Norway,Organic,Basic,Mobile,2024-01-01 17:19:00,10,100,1,completed,100
1041,Denmark,Paid,Premium,Tablet,2024-01-01 17:20:00,17,300,0,signup,0
1042,Norway,Organic,Basic,Tablet,2024-01-01 17:21:00,18,100,1,completed,100
1043,Norway,Paid,Premium,Desktop,2024-01-01 17:22:00,16,300,0,form_started,0
1044,Denmark,Direct,Pro,Desktop,2024-01-01 17:23:00,10,500,1,completed,500
1045,Sweden,Direct,Basic,Mobile,2024-01-01 17:24:00,8,100,0,signup,0
1046,Sweden,Direct,Pro,Desktop,2024-01-01 17:25:00,13,500,1,completed,500
1047,Sweden,Organic,Premium,Tablet,2024-01-01 17:26:00,16,300,1,completed,300
1048,Denmark,Direct,Pro,Desktop,2024-01-01 17:27:00,8,500,0,form_started,0
1049,Norway,Direct,Pro,Tablet,2024-01-01 17:28:00,12,500,0,signup,0
1050,Sweden,Paid,Pro,Mobile,2024-01-01 17:29:00,17,500,1,completed,500
1051,Sweden,Paid,Premium,Tablet,2024-01-01 17:30:00,16,300,0,signup,0
1052,Denmark,Direct,Premium,Desktop,2024-01-01 17:31:00,9,300,0,form_started,0
1053,Sweden,Direct,Premium,Desktop,2024-01-01 17:32:00,19,300,1,completed,300
1054,Denmark,Organic,Premium,Desktop,2024-01-01 17:33:00,17,300,1,completed,300
1055,Norway,Organic,Premium,Desktop,2024-01-01 17:34:00,8,300,0,form_started,0
1056,Denmark,Direct,Basic,Mobile,2024-01-01 17:35:00,12,100,0,form_started,0
1057,Denmark,Paid,Basic,Tablet,2024-01-01 17:36:00,9,100,1,completed,100
1058,Denmark,Direct,Basic,Desktop,2024-01-01 17:37:00,6,100,1,completed,100
1059,Denmark,Organic,Pro,Tablet,2024-01-01 17:38:00,10,500,0,form_started,0
1060,Norway,Paid,Pro,Mobile,2024-01-01 17:39:00,9,500,0,signup,0
1061,Norway,Paid,Premium,Tablet,2024-01-01 17:40:00,4,300,0,form_started,0
1062,Sweden,Organic,Premium,Desktop,2024-01-01 17:41:00,11,300,1,completed,300
1063,Norway,Direct,Basic,Tablet,2024-01-01 17:42:00,6,100,0,signup,0
1064,Norway,Direct,Premium,Desktop,2024-01-01 17:43:00,18,300,0,form_started,0
1065,Sweden,Direct,Pro,Desktop,2024-01-01 17:44:00,4,500,0,signup,0
1066,Norway,Organic,Premium,Mobile,2024-01-01 17:45:00,12,300,0,signup,0
1067,Denmark,Paid,Basic,Mobile,2024-01-01 17:46:00,9,100,1,completed,100
1068,Denmark,Organic,Premium,Tablet,2024-01-01 17:47:00,15,300,0,signup,0
1069,Sweden,Direct,Pro,Tablet,2024-01-01 17:48:00,9,500,0,form_started,0
1070,Sweden,Organic,Basic,Desktop,2024-01-01 17:49:00,6,100,0,signup,0
1071,Sweden,Paid,Premium,Desktop,2024-01-01 17:50:00,11,300,0,form_started,0
1072,Denmark,Organic,Pro,Desktop,2024-01-01 17:51:00,7,500,1,completed,500
1073,Norway,Direct,Basic,Desktop,2024-01-01 17:52:00,14,100,0,form_started,0
1074,Denmark,Paid,Basic,Mobile,2024-01-01 17:53:00,16,100,1,completed,100
1075,Sweden,Organic,Pro,Desktop,2024-01-01 17:54:00,15,500,0,signup,0
1076,Norway,Organic,Premium,Mobile,2024-01-01 17:55:00,9,300,0,form_started,0
1077,Norway,Paid,Premium,Tablet,2024-01-01 17:56:00,19,300,0,signup,0
1078,Denmark,Paid,Premium,Tablet,2024-01-01 17:57:00,12,300,1,completed,300
1079,Sweden,Direct,Basic,Mobile,2024-01-01 17:58:00,11,100,0,signup,0
1080,Denmark,Paid,Basic,Desktop,2024-01-01 17:59:00,8,100,1,completed,100
1081,Norway,Direct,Premium,Tablet,2024-01-01 18:00:00,3,300,0,form_started,0
1082,Denmark,Organic,Basic,Mobile,2024-01-01 18:01:00,19,100,0,form_started,0
1083,Denmark,Direct,Basic,Tablet,2024-01-01 18:02:00,3,100,0,form_started,0
1084,Sweden,Organic,Pro,Desktop,2024-01-01 18:03:00,3,500,1,completed,500
1085,Sweden,Paid,Premium,Mobile,2024-01-01 18:04:00,6,300,0,signup,0
1086,Norway,Organic,Premium,Tablet,2024-01-01 18:05:00,11,300,1,completed,300
1087,Denmark,Paid,Premium,Desktop,2024-01-01 18:06:00,14,300,1,completed,300
1088,Denmark,Organic,Basic,Mobile,2024-01-01 18:07:00,2,100,0,signup,0
1089,Denmark,Organic,Basic,Mobile,2024-01-01 18:08:00,12,100,0,form_started,0
1090,Norway,Organic,Basic,Mobile,2024-01-01 18:09:00,16,100,0,form_started,0
1091,Norway,Organic,Premium,Mobile,2024-01-01 18:10:00,3,300,0,signup,0
1092,Sweden,Direct,Basic,Tablet,2024-01-01 18:11:00,16,100,0,form_started,0
1093,Sweden,Organic,Premium,Mobile,2024-01-01 18:12:00,10,300,0,form_started,0
1094,Sweden,Direct,Basic,Mobile,2024-01-01 18:13:00,5,100,1,completed,100
1095,Denmark,Paid,Premium,Mobile,2024-01-01 18:14:00,13,300,1,completed,300
1096,Denmark,Paid,Pro,Mobile,2024-01-01 18:15:00,12,500,1,completed,500
1097,Sweden,Direct,Basic,Mobile,2024-01-01 18:16:00,1,100,0,signup,0
1098,Denmark,Paid,Premium,Desktop,2024-01-01 18:17:00,11,300,0,form_started,0
1099,Sweden,Paid,Pro,Tablet,2024-01-01 18:18:00,19,500,0,signup,0
1100,Norway,Organic,Pro,Desktop,2024-01-01 18:19:00,15,500,0,signup,0
1101,Sweden,Organic,Basic,Tablet,2024-01-01 18:20:00,18,100,0,form_started,0
1102,Norway,Organic,Premium,Mobile,2024-01-01 18:21:00,16,300,0,signup,0
1103,Denmark,Direct,Basic,Tablet,2024-01-01 18:22:00,7,100,1,completed,100
1104,Sweden,Direct,Pro,Mobile,2024-01-01 18:23:00,10,500,1,completed,500
1105,Denmark,Paid,Basic,Mobile,2024-01-01 18:24:00,16,100,0,form_started,0
1106,Norway,Organic,Premium,Desktop,2024-01-01 18:25:00,17,300,1,completed,300
1107,Norway,Direct,Pro,Desktop,2024-01-01 18:26:00,7,500,1,completed,500
1108,Norway,Direct,Basic,Desktop,2024-01-01 18:27:00,11,100,0,signup,0
1109,Denmark,Organic,Basic,Tablet,2024-01-01 18:28:00,17,100,0,signup,0
1110,Denmark,Direct,Basic,Tablet,2024-01-01 18:29:00,5,100,1,completed,100
1111,Denmark,Organic,Basic,Desktop,2024-01-01 18:30:00,1,100,1,completed,100
1112,Denmark,Paid,Basic,Desktop,2024-01-01 18:31:00,3,100,1,completed,100
1113,Norway,Paid,Pro,Mobile,2024-01-01 18:32:00,16,500,0,form_started,0
1114,Norway,Paid,Pro,Tablet,2024-01-01 18:33:00,15,500,0,signup,0
1115,Sweden,Organic,Premium,Mobile,2024-01-01 18:34:00,4,300,0,form_started,0
1116,Sweden,Direct,Basic,Tablet,2024-01-01 18:35:00,12,100,1,completed,100
1117,Denmark,Paid,Premium,Desktop,2024-01-01 18:36:00,1,300,0,signup,0
1118,Norway,Paid,Pro,Tablet,2024-01-01 18:37:00,17,500,0,form_started,0
1119,Norway,Paid,Basic,Tablet,2024-01-01 18:38:00,15,100,0,form_started,0
1120,Norway,Direct,Premium,Mobile,2024-01-01 18:39:00,10,300,0,signup,0
1121,Sweden,Direct,Basic,Desktop,2024-01-01 18:40:00,11,100,0,signup,0
1122,Sweden,Organic,Basic,Desktop,2024-01-01 18:41:00,18,100,0,form_started,0
1123,Norway,Paid,Premium,Desktop,2024-01-01 18:42:00,2,300,0,signup,0
1124,Norway,Direct,Pro,Mobile,2024-01-01 18:43:00,6,500,0,form_started,0
1125,Norway,Organic,Premium,Mobile,2024-01-01 18:44:00,16,300,0,form_started,0
1126,Sweden,Paid,Premium,Mobile,2024-01-01 18:45:00,7,300,0,signup,0
1127,Norway,Direct,Premium,Tablet,2024-01-01 18:46:00,19,300,0,form_started,0
1128,Norway,Direct,Basic,Tablet,2024-01-01 18:47:00,12,100,0,form_started,0
1129,Denmark,Organic,Pro,Mobile,2024-01-01 18:48:00,18,500,1,completed,500
1130,Denmark,Paid,Pro,Mobile,2024-01-01 18:49:00,10,500,0,signup,0
1131,Sweden,Paid,Basic,Desktop,2024-01-01 18:50:00,7,100,0,form_started,0
1132,Norway,Direct,Pro,Tablet,2024-01-01 18:51:00,4,500,0,form_started,0
1133,Norway,Paid,Premium,Tablet,2024-01-01 18:52:00,17,300,0,form_started,0
1134,Denmark,Organic,Pro,Desktop,2024-01-01 18:53:00,17,500,0,signup,0
1135,Sweden,Direct,Basic,Desktop,2024-01-01 18:54:00,4,100,0,signup,0
1136,Denmark,Direct,Pro,Desktop,2024-01-01 18:55:00,5,500,1,completed,500
1137,Denmark,Organic,Basic,Mobile,2024-01-01 18:56:00,1,100,1,completed,100
1138,Denmark,Direct,Premium,Mobile,2024-01-01 18:57:00,19,300,0,signup,0
1139,Denmark,Paid,Basic,Mobile,2024-01-01 18:58:00,11,100,0,signup,0
1140,Norway,Paid,Pro,Mobile,2024-01-01 18:59:00,1,500,1,completed,500
1141,Norway,Direct,Premium,Mobile,2024-01-01 19:00:00,8,300,0,form_started,0
1142,Denmark,Organic,Pro,Tablet,2024-01-01 19:01:00,4,500,0,form_started,0
1143,Sweden,Organic,Basic,Tablet,2024-01-01 19:02:00,15,100,1,completed,100
1144,Sweden,Paid,Premium,Tablet,2024-01-01 19:03:00,17,300,0,form_started,0
1145,Sweden,Organic,Basic,Desktop,2024-01-01 19:04:00,18,100,1,completed,100
1146,Sweden,Direct,Pro,Tablet,2024-01-01 19:05:00,3,500,0,form_started,0
1147,Denmark,Direct,Basic,Desktop,2024-01-01 19:06:00,18,100,0,signup,0
1148,Norway,Paid,Pro,Tablet,2024-01-01 19:07:00,7,500,1,completed,500
1149,Sweden,Paid,Pro,Mobile,2024-01-01 19:08:00,17,500,0,form_started,0
1150,Denmark,Paid,Premium,Tablet,2024-01-01 19:09:00,18,300,0,form_started,0
1151,Sweden,Organic,Premium,Mobile,2024-01-01 19:10:00,8,300,0,signup,0
1152,Sweden,Direct,Basic,Mobile,2024-01-01 19:11:00,11,100,0,signup,0
1153,Denmark,Direct,Pro,Tablet,2024-01-01 19:12:00,3,500,0,form_started,0
1154,Norway,Direct,Pro,Tablet,2024-01-01 19:13:00,7,500,0,form_started,0
1155,Norway,Paid,Premium,Mobile,2024-01-01 19:14:00,15,300,1,completed,300
1156,Denmark,Direct,Premium,Desktop,2024-01-01 19:15:00,10,300,1,completed,300
1157,Norway,Organic,Premium,Desktop,2024-01-01 19:16:00,12,300,0,form_started,0
1158,Denmark,Organic,Premium,Tablet,2024-01-01 19:17:00,12,300,1,completed,300
1159,Denmark,Direct,Basic,Mobile,2024-01-01 19:18:00,19,100,0,form_started,0
1160,Denmark,Paid,Basic,Desktop,2024-01-01 19:19:00,19,100,0,signup,0
1161,Norway,Direct,Basic,Tablet,2024-01-01 19:20:00,15,100,0,signup,0
1162,Denmark,Organic,Basic,Tablet,2024-01-01 19:21:00,5,100,1,completed,100
1163,Sweden,Organic,Premium,Mobile,2024-01-01 19:22:00,13,300,0,form_started,0
1164,Norway,Organic,Basic,Desktop,2024-01-01 19:23:00,9,100,0,signup,0
1165,Norway,Direct,Basic,Tablet,2024-01-01 19:24:00,10,100,1,completed,100
1166,Norway,Organic,Basic,Desktop,2024-01-01 19:25:00,8,100,0,form_started,0
1167,Norway,Paid,Premium,Tablet,2024-01-01 19:26:00,9,300,0,form_started,0
1168,Sweden,Direct,Pro,Tablet,2024-01-01 19:27:00,6,500,0,form_started,0
1169,Norway,Direct,Premium,Desktop,2024-01-01 19:28:00,18,300,0,form_started,0
1170,Norway,Organic,Pro,Desktop,2024-01-01 19:29:00,10,500,0,signup,0
1171,Denmark,Organic,Pro,Mobile,2024-01-01 19:30:00,15,500,0,form_started,0
1172,Norway,Paid,Basic,Mobile,2024-01-01 19:31:00,13,100,0,signup,0
1173,Sweden,Direct,Basic,Mobile,2024-01-01 19:32:00,11,100,0,form_started,0
1174,Sweden,Organic,Basic,Mobile,2024-01-01 19:33:00,2,100,0,signup,0
1175,Sweden,Paid,Premium,Desktop,2024-01-01 19:34:00,8,300,1,completed,300
1176,Sweden,Organic,Premium,Mobile,2024-01-01 19:35:00,18,300,0,form_started,0
1177,Norway,Direct,Basic,Desktop,2024-01-01 19:36:00,3,100,1,completed,100
1178,Norway,Organic,Premium,Tablet,2024-01-01 19:37:00,3,300,1,completed,300
1179,Sweden,Direct,Premium,Desktop,2024-01-01 19:38:00,7,300,0,signup,0
1180,Sweden,Organic,Pro,Mobile,2024-01-01 19:39:00,18,500,0,form_started,0
1181,Norway,Direct,Premium,Desktop,2024-01-01 19:40:00,9,300,0,form_started,0
1182,Sweden,Paid,Pro,Desktop,2024-01-01 19:41:00,18,500,1,completed,500
1183,Denmark,Direct,Basic,Desktop,2024-01-01 19:42:00,1,100,0,form_started,0
1184,Sweden,Paid,Premium,Desktop,2024-01-01 19:43:00,4,300,0,signup,0
1185,Sweden,Direct,Pro,Desktop,2024-01-01 19:44:00,4,500,0,signup,0
1186,Denmark,Paid,Premium,Mobile,2024-01-01 19:45:00,17,300,0,signup,0
1187,Denmark,Organic,Pro,Desktop,2024-01-01 19:46:00,2,500,0,form_started,0
1188,Norway,Direct,Pro,Mobile,2024-01-01 19:47:00,15,500,1,completed,500
1189,Norway,Organic,Premium,Tablet,2024-01-01 19:48:00,13,300,0,form_started,0
1190,Denmark,Paid,Basic,Desktop,2024-01-01 19:49:00,9,100,0,signup,0
1191,Denmark,Direct,Pro,Tablet,2024-01-01 19:50:00,7,500,1,completed,500
1192,Norway,Direct,Basic,Mobile,2024-01-01 19:51:00,12,100,1,completed,100
1193,Sweden,Organic,Premium,Desktop,2024-01-01 19:52:00,12,300,0,form_started,0
1194,Denmark,Direct,Premium,Tablet,2024-01-01 19:53:00,14,300,0,form_started,0
1195,Norway,Direct,Basic,Mobile,2024-01-01 19:54:00,15,100,0,signup,0
1196,Sweden,Organic,Premium,Tablet,2024-01-01 19:55:00,1,300,0,signup,0
1197,Denmark,Direct,Pro,Desktop,2024-01-01 19:56:00,9,500,0,form_started,0
1198,Sweden,Organic,Basic,Desktop,2024-01-01 19:57:00,16,100,0,signup,0
1199,Norway,Organic,Premium,Desktop,2024-01-01 19:58:00,9,300,0,form_started,0
1200,Denmark,Organic,Premium,Mobile,2024-01-01 19:59:00,16,300,1,completed,300
1201,Sweden,Organic,Basic,Tablet,2024-01-01 20:00:00,2,100,0,form_started,0
1202,Denmark,Organic,Pro,Mobile,2024-01-01 20:01:00,10,500,0,form_started,0
1203,Sweden,Paid,Basic,Tablet,2024-01-01 20:02:00,18,100,1,completed,100
1204,Norway,Paid,Premium,Mobile,2024-01-01 20:03:00,13,300,1,completed,300
1205,Norway,Organic,Premium,Desktop,2024-01-01 20:04:00,2,300,0,signup,0
1206,Denmark,Paid,Basic,Tablet,2024-01-01 20:05:00,13,100,0,form_started,0
1207,Sweden,Paid,Pro,Tablet,2024-01-01 20:06:00,3,500,1,completed,500
1208,Denmark,Direct,Pro,Tablet,2024-01-01 20:07:00,15,500,0,signup,0
1209,Denmark,Organic,Pro,Mobile,2024-01-01 20:08:00,3,500,1,completed,500
1210,Sweden,Paid,Basic,Desktop,2024-01-01 20:09:00,10,100,1,completed,100
1211,Sweden,Direct,Pro,Tablet,2024-01-01 20:10:00,6,500,0,signup,0
1212,Sweden,Direct,Pro,Mobile,2024-01-01 20:11:00,14,500,1,completed,500
1213,Norway,Organic,Pro,Tablet,2024-01-01 20:12:00,9,500,1,completed,500
1214,Denmark,Organic,Pro,Desktop,2024-01-01 20:13:00,18,500,0,signup,0
1215,Denmark,Direct,Premium,Tablet,2024-01-01 20:14:00,8,300,0,form_started,0
1216,Norway,Organic,Basic,Desktop,2024-01-01 20:15:00,6,100,1,completed,100
1217,Sweden,Organic,Basic,Mobile,2024-01-01 20:16:00,15,100,0,signup,0
1218,Norway,Direct,Pro,Mobile,2024-01-01 20:17:00,14,500,1,completed,500
1219,Norway,Direct,Basic,Desktop,2024-01-01 20:18:00,15,100,0,form_started,0
1220,Norway,Organic,Basic,Desktop,2024-01-01 20:19:00,6,100,0,form_started,0
1221,Denmark,Paid,Premium,Mobile,2024-01-01 20:20:00,12,300,0,signup,0
1222,Norway,Organic,Basic,Desktop,2024-01-01 20:21:00,10,100,0,signup,0
1223,Denmark,Paid,Premium,Desktop,2024-01-01 20:22:00,19,300,0,signup,0
1224,Denmark,Direct,Basic,Tablet,2024-01-01 20:23:00,8,100,0,form_started,0
1225,Denmark,Paid,Premium,Mobile,2024-01-01 20:24:00,5,300,0,form_started,0
1226,Sweden,Direct,Premium,Mobile,2024-01-01 20:25:00,10,300,0,signup,0
1227,Denmark,Organic,Basic,Desktop,2024-01-01 20:26:00,11,100,1,completed,100
1228,Denmark,Organic,Premium,Desktop,2024-01-01 20:27:00,14,300,1,completed,300
1229,Sweden,Direct,Premium,Desktop,2024-01-01 20:28:00,14,300,0,form_started,0
1230,Denmark,Direct,Basic,Mobile,2024-01-01 20:29:00,2,100,0,signup,0
1231,Norway,Direct,Premium,Tablet,2024-01-01 20:30:00,17,300,0,form_started,0
1232,Norway,Organic,Premium,Mobile,2024-01-01 20:31:00,15,300,0,form_started,0
1233,Denmark,Organic,Premium,Tablet,2024-01-01 20:32:00,3,300,0,signup,0
1234,Sweden,Paid,Premium,Desktop,2024-01-01 20:33:00,3,300,1,completed,300
1235,Norway,Direct,Premium,Mobile,2024-01-01 20:34:00,3,300,0,signup,0
1236,Sweden,Paid,Pro,Tablet,2024-01-01 20:35:00,3,500,1,completed,500
1237,Sweden,Organic,Premium,Mobile,2024-01-01 20:36:00,18,300,1,completed,300
1238,Norway,Paid,Premium,Tablet,2024-01-01 20:37:00,6,300,0,form_started,0
1239,Sweden,Paid,Premium,Tablet,2024-01-01 20:38:00,14,300,0,form_started,0
1240,Norway,Organic,Premium,Mobile,2024-01-01 20:39:00,3,300,0,signup,0
1241,Sweden,Organic,Basic,Desktop,2024-01-01 20:40:00,1,100,0,form_started,0
1242,Norway,Direct,Pro,Mobile,2024-01-01 20:41:00,10,500,0,signup,0
1243,Denmark,Paid,Basic,Desktop,2024-01-01 20:42:00,13,100,0,signup,0
1244,Norway,Organic,Pro,Tablet,2024-01-01 20:43:00,9,500,0,form_started,0
1245,Norway,Organic,Premium,Tablet,2024-01-01 20:44:00,2,300,0,signup,0
1246,Norway,Paid,Premium,Mobile,2024-01-01 20:45:00,10,300,0,signup,0
1247,Norway,Organic,Pro,Mobile,2024-01-01 20:46:00,12,500,0,signup,0
1248,Sweden,Direct,Pro,Desktop,2024-01-01 20:47:00,19,500,0,signup,0
1249,Denmark,Direct,Basic,Desktop,2024-01-01 20:48:00,3,100,0,signup,0
1250,Norway,Paid,Pro,Mobile,2024-01-01 20:49:00,19,500,0,signup,0
1251,Sweden,Direct,Premium,Desktop,2024-01-01 20:50:00,1,300,1,completed,300
1252,Denmark,Organic,Basic,Desktop,2024-01-01 20:51:00,15,100,1,completed,100
1253,Denmark,Organic,Pro,Mobile,2024-01-01 20:52:00,13,500,0,form_started,0
1254,Denmark,Organic,Pro,Mobile,2024-01-01 20:53:00,7,500,0,signup,0
1255,Denmark,Organic,Basic,Tablet,2024-01-01 20:54:00,2,100,1,completed,100
1256,Norway,Paid,Pro,Tablet,2024-01-01 20:55:00,11,500,0,signup,0
1257,Norway,Direct,Premium,Mobile,2024-01-01 20:56:00,16,300,0,signup,0
1258,Sweden,Direct,Basic,Tablet,2024-01-01 20:57:00,14,100,1,completed,100
1259,Sweden,Organic,Pro,Desktop,2024-01-01 20:58:00,15,500,0,form_started,0
1260,Sweden,Paid,Premium,Mobile,2024-01-01 20:59:00,19,300,0,signup,0
1261,Denmark,Organic,Pro,Tablet,2024-01-01 21:00:00,7,500,1,completed,500
1262,Denmark,Organic,Basic,Mobile,2024-01-01 21:01:00,9,100,0,form_started,0
1263,Norway,Paid,Pro,Tablet,2024-01-01 21:02:00,4,500,1,completed,500
1264,Denmark,Paid,Pro,Mobile,2024-01-01 21:03:00,6,500,0,signup,0
1265,Denmark,Organic,Pro,Desktop,2024-01-01 21:04:00,10,500,0,signup,0
1266,Denmark,Direct,Premium,Tablet,2024-01-01 21:05:00,3,300,0,form_started,0
1267,Sweden,Organic,Premium,Mobile,2024-01-01 21:06:00,1,300,1,completed,300
1268,Sweden,Direct,Pro,Desktop,2024-01-01 21:07:00,6,500,0,signup,0
1269,Norway,Direct,Pro,Tablet,2024-01-01 21:08:00,5,500,0,signup,0
1270,Denmark,Paid,Basic,Tablet,2024-01-01 21:09:00,15,100,1,completed,100
1271,Denmark,Paid,Pro,Mobile,2024-01-01 21:10:00,11,500,0,form_started,0
1272,Norway,Organic,Basic,Desktop,2024-01-01 21:11:00,13,100,0,signup,0
1273,Denmark,Direct,Premium,Mobile,2024-01-01 21:12:00,6,300,0,signup,0
1274,Denmark,Direct,Pro,Tablet,2024-01-01 21:13:00,5,500,1,completed,500
1275,Sweden,Organic,Basic,Mobile,2024-01-01 21:14:00,2,100,1,completed,100
1276,Norway,Organic,Premium,Mobile,2024-01-01 21:15:00,17,300,0,signup,0
1277,Norway,Organic,Basic,Desktop,2024-01-01 21:16:00,12,100,0,signup,0
1278,Norway,Paid,Premium,Desktop,2024-01-01 21:17:00,12,300,0,form_started,0
1279,Norway,Organic,Pro,Tablet,2024-01-01 21:18:00,14,500,0,signup,0
1280,Sweden,Organic,Basic,Desktop,2024-01-01 21:19:00,7,100,0,signup,0
1281,Sweden,Direct,Pro,Mobile,2024-01-01 21:20:00,14,500,1,completed,500
1282,Denmark,Organic,Basic,Tablet,2024-01-01 21:21:00,7,100,1,completed,100
1283,Denmark,Direct,Premium,Desktop,2024-01-01 21:22:00,9,300,1,completed,300
1284,Denmark,Direct,Basic,Mobile,2024-01-01 21:23:00,14,100,0,signup,0
1285,Denmark,Paid,Basic,Mobile,2024-01-01 21:24:00,17,100,0,form_started,0
1286,Sweden,Organic,Pro,Tablet,2024-01-01 21:25:00,17,500,0,form_started,0
1287,Norway,Organic,Pro,Tablet,2024-01-01 21:26:00,13,500,0,signup,0
1288,Sweden,Direct,Pro,Desktop,2024-01-01 21:27:00,18,500,0,signup,0
1289,Denmark,Paid,Premium,Desktop,2024-01-01 21:28:00,19,300,0,form_started,0
1290,Sweden,Paid,Pro,Desktop,2024-01-01 21:29:00,17,500,1,completed,500
1291,Norway,Organic,Basic,Desktop,2024-01-01 21:30:00,6,100,0,signup,0
1292,Norway,Direct,Premium,Tablet,2024-01-01 21:31:00,12,300,1,completed,300
1293,Sweden,Organic,Pro,Mobile,2024-01-01 21:32:00,6,500,0,signup,0
1294,Sweden,Organic,Basic,Mobile,2024-01-01 21:33:00,3,100,0,signup,0
1295,Sweden,Organic,Basic,Desktop,2024-01-01 21:34:00,15,100,0,signup,0
1296,Denmark,Organic,Premium,Tablet,2024-01-01 21:35:00,3,300,0,form_started,0
1297,Sweden,Direct,Basic,Desktop,2024-01-01 21:36:00,15,100,1,completed,100
1298,Sweden,Paid,Pro,Desktop,2024-01-01 21:37:00,1,500,0,form_started,0
1299,Sweden,Organic,Basic,Tablet,2024-01-01 21:38:00,3,100,1,completed,100
1300,Norway,Organic,Pro,Mobile,2024-01-01 21:39:00,5,500,0,form_started,0
1301,Norway,Organic,Pro,Mobile,2024-01-01 21:40:00,14,500,0,form_started,0
1302,Denmark,Organic,Premium,Desktop,2024-01-01 21:41:00,4,300,0,signup,0
1303,Denmark,Paid,Basic,Tablet,2024-01-01 21:42:00,9,100,1,completed,100
1304,Norway,Paid,Premium,Mobile,2024-01-01 21:43:00,18,300,0,signup,0
1305,Norway,Paid,Premium,Mobile,2024-01-01 21:44:00,10,300,1,completed,300
1306,Norway,Paid,Premium,Tablet,2024-01-01 21:45:00,8,300,0,form_started,0
1307,Sweden,Organic,Pro,Tablet,2024-01-01 21:46:00,13,500,0,form_started,0
1308,Sweden,Direct,Pro,Mobile,2024-01-01 21:47:00,2,500,0,signup,0
1309,Norway,Paid,Pro,Desktop,2024-01-01 21:48:00,7,500,0,signup,0
1310,Sweden,Paid,Pro,Desktop,2024-01-01 21:49:00,11,500,0,signup,0
1311,Sweden,Organic,Basic,Mobile,2024-01-01 21:50:00,5,100,1,completed,100
1312,Denmark,Organic,Basic,Desktop,2024-01-01 21:51:00,18,100,0,signup,0
1313,Norway,Organic,Pro,Desktop,2024-01-01 21:52:00,8,500,0,signup,0
1314,Norway,Organic,Pro,Tablet,2024-01-01 21:53:00,10,500,0,form_started,0
1315,Sweden,Direct,Basic,Tablet,2024-01-01 21:54:00,2,100,0,signup,0
1316,Norway,Direct,Premium,Tablet,2024-01-01 21:55:00,3,300,0,signup,0
1317,Denmark,Paid,Premium,Desktop,2024-01-01 21:56:00,5,300,0,form_started,0
1318,Denmark,Direct,Pro,Tablet,2024-01-01 21:57:00,16,500,1,completed,500
1319,Denmark,Paid,Premium,Tablet,2024-01-01 21:58:00,10,300,0,signup,0
1320,Norway,Paid,Pro,Mobile,2024-01-01 21:59:00,11,500,1,completed,500
1321,Norway,Direct,Pro,Tablet,2024-01-01 22:00:00,19,500,0,signup,0
1322,Norway,Paid,Pro,Mobile,2024-01-01 22:01:00,16,500,0,signup,0
1323,Norway,Organic,Basic,Desktop,2024-01-01 22:02:00,12,100,0,form_started,0
1324,Norway,Paid,Premium,Tablet,2024-01-01 22:03:00,2,300,1,completed,300
1325,Denmark,Organic,Basic,Mobile,2024-01-01 22:04:00,11,100,1,completed,100
1326,Sweden,Direct,Premium,Mobile,2024-01-01 22:05:00,1,300,0,signup,0
1327,Denmark,Direct,Basic,Mobile,2024-01-01 22:06:00,5,100,0,signup,0
1328,Norway,Paid,Basic,Desktop,2024-01-01 22:07:00,14,100,1,completed,100
1329,Denmark,Organic,Pro,Tablet,2024-01-01 22:08:00,18,500,1,completed,500
1330,Norway,Paid,Pro,Desktop,2024-01-01 22:09:00,7,500,1,completed,500
1331,Norway,Direct,Basic,Mobile,2024-01-01 22:10:00,5,100,0,signup,0
1332,Denmark,Paid,Premium,Desktop,2024-01-01 22:11:00,8,300,0,signup,0
1333,Norway,Paid,Premium,Desktop,2024-01-01 22:12:00,15,300,1,completed,300
1334,Sweden,Organic,Pro,Mobile,2024-01-01 22:13:00,5,500,0,form_started,0
1335,Norway,Direct,Pro,Tablet,2024-01-01 22:14:00,13,500,0,signup,0
1336,Sweden,Paid,Premium,Tablet,2024-01-01 22:15:00,19,300,0,signup,0
1337,Sweden,Organic,Premium,Desktop,2024-01-01 22:16:00,2,300,0,signup,0
1338,Norway,Paid,Premium,Tablet,2024-01-01 22:17:00,5,300,1,completed,300
1339,Denmark,Organic,Pro,Mobile,2024-01-01 22:18:00,5,500,1,completed,500
1340,Sweden,Organic,Premium,Tablet,2024-01-01 22:19:00,6,300,0,signup,0
1341,Denmark,Paid,Pro,Desktop,2024-01-01 22:20:00,16,500,0,form_started,0
1342,Sweden,Direct,Basic,Mobile,2024-01-01 22:21:00,2,100,1,completed,100
1343,Norway,Direct,Basic,Mobile,2024-01-01 22:22:00,5,100,0,form_started,0
1344,Norway,Organic,Basic,Mobile,2024-01-01 22:23:00,15,100,0,signup,0
1345,Sweden,Direct,Premium,Desktop,2024-01-01 22:24:00,1,300,0,signup,0
1346,Norway,Organic,Pro,Desktop,2024-01-01 22:25:00,19,500,0,form_started,0
1347,Sweden,Direct,Premium,Tablet,2024-01-01 22:26:00,3,300,0,form_started,0
1348,Norway,Paid,Pro,Desktop,2024-01-01 22:27:00,19,500,0,signup,0
1349,Denmark,Direct,Premium,Mobile,2024-01-01 22:28:00,15,300,0,form_started,0
1350,Norway,Organic,Basic,Desktop,2024-01-01 22:29:00,3,100,1,completed,100
1351,Denmark,Organic,Pro,Desktop,2024-01-01 22:30:00,8,500,1,completed,500
1352,Norway,Direct,Premium,Tablet,2024-01-01 22:31:00,15,300,1,completed,300
1353,Denmark,Paid,Pro,Mobile,2024-01-01 22:32:00,1,500,0,signup,0
1354,Norway,Organic,Pro,Tablet,2024-01-01 22:33:00,6,500,0,form_started,0
1355,Denmark,Organic,Premium,Tablet,2024-01-01 22:34:00,17,300,1,completed,300
1356,Sweden,Organic,Premium,Tablet,2024-01-01 22:35:00,16,300,1,completed,300
1357,Sweden,Organic,Pro,Mobile,2024-01-01 22:36:00,13,500,0,signup,0
1358,Denmark,Organic,Pro,Tablet,2024-01-01 22:37:00,1,500,0,form_started,0
1359,Norway,Paid,Basic,Mobile,2024-01-01 22:38:00,3,100,0,signup,0
1360,Denmark,Direct,Pro,Tablet,2024-01-01 22:39:00,6,500,0,signup,0
1361,Norway,Paid,Basic,Tablet,2024-01-01 22:40:00,3,100,0,form_started,0
1362,Sweden,Paid,Basic,Mobile,2024-01-01 22:41:00,15,100,1,completed,100
1363,Norway,Organic,Basic,Desktop,2024-01-01 22:42:00,15,100,0,form_started,0
1364,Sweden,Paid,Pro,Tablet,2024-01-01 22:43:00,11,500,0,form_started,0
1365,Norway,Organic,Basic,Desktop,2024-01-01 22:44:00,6,100,1,completed,100
1366,Norway,Paid,Pro,Tablet,2024-01-01 22:45:00,6,500,0,signup,0
1367,Norway,Organic,Pro,Desktop,2024-01-01 22:46:00,9,500,1,completed,500
1368,Denmark,Organic,Premium,Desktop,2024-01-01 22:47:00,14,300,0,form_started,0
1369,Denmark,Paid,Pro,Desktop,2024-01-01 22:48:00,11,500,1,completed,500
1370,Sweden,Paid,Pro,Desktop,2024-01-01 22:49:00,6,500,0,form_started,0
1371,Sweden,Direct,Basic,Desktop,2024-01-01 22:50:00,18,100,1,completed,100
1372,Denmark,Direct,Pro,Mobile,2024-01-01 22:51:00,15,500,0,signup,0
1373,Sweden,Direct,Pro,Desktop,2024-01-01 22:52:00,9,500,0,signup,0
1374,Denmark,Paid,Premium,Mobile,2024-01-01 22:53:00,11,300,0,form_started,0
1375,Norway,Paid,Premium,Tablet,2024-01-01 22:54:00,2,300,0,signup,0
1376,Sweden,Organic,Basic,Mobile,2024-01-01 22:55:00,6,100,0,form_started,0
1377,Sweden,Direct,Basic,Desktop,2024-01-01 22:56:00,14,100,1,completed,100
1378,Denmark,Organic,Premium,Mobile,2024-01-01 22:57:00,14,300,0,signup,0
1379,Sweden,Organic,Premium,Desktop,2024-01-01 22:58:00,13,300,1,completed,300
1380,Sweden,Organic,Pro,Mobile,2024-01-01 22:59:00,5,500,0,signup,0
1381,Norway,Organic,Basic,Tablet,2024-01-01 23:00:00,9,100,1,completed,100
1382,Sweden,Direct,Basic,Desktop,2024-01-01 23:01:00,11,100,0,form_started,0
1383,Norway,Organic,Pro,Desktop,2024-01-01 23:02:00,7,500,1,completed,500
1384,Denmark,Paid,Pro,Mobile,2024-01-01 23:03:00,2,500,0,form_started,0
1385,Sweden,Paid,Basic,Mobile,2024-01-01 23:04:00,12,100,0,signup,0
1386,Norway,Paid,Premium,Mobile,2024-01-01 23:05:00,5,300,0,form_started,0
1387,Denmark,Direct,Premium,Mobile,2024-01-01 23:06:00,2,300,1,completed,300
1388,Sweden,Organic,Pro,Mobile,2024-01-01 23:07:00,14,500,1,completed,500
1389,Denmark,Direct,Basic,Desktop,2024-01-01 23:08:00,7,100,1,completed,100
1390,Sweden,Organic,Pro,Tablet,2024-01-01 23:09:00,5,500,0,form_started,0
1391,Denmark,Direct,Premium,Mobile,2024-01-01 23:10:00,4,300,0,form_started,0
1392,Denmark,Direct,Premium,Desktop,2024-01-01 23:11:00,10,300,1,completed,300
1393,Norway,Organic,Pro,Tablet,2024-01-01 23:12:00,16,500,0,form_started,0
1394,Denmark,Direct,Premium,Tablet,2024-01-01 23:13:00,6,300,0,form_started,0
1395,Sweden,Organic,Basic,Mobile,2024-01-01 23:14:00,6,100,1,completed,100
1396,Sweden,Paid,Pro,Desktop,2024-01-01 23:15:00,9,500,0,form_started,0
1397,Norway,Paid,Pro,Desktop,2024-01-01 23:16:00,1,500,1,completed,500
1398,Sweden,Paid,Pro,Desktop,2024-01-01 23:17:00,16,500,0,signup,0
1399,Sweden,Direct,Premium,Desktop,2024-01-01 23:18:00,17,300,1,completed,300
1400,Sweden,Paid,Basic,Desktop,2024-01-01 23:19:00,13,100,1,completed,100
1401,Denmark,Organic,Pro,Tablet,2024-01-01 23:20:00,6,500,1,completed,500
1402,Denmark,Paid,Pro,Tablet,2024-01-01 23:21:00,2,500,0,form_started,0
1403,Sweden,Paid,Premium,Tablet,2024-01-01 23:22:00,8,300,0,form_started,0
1404,Norway,Direct,Basic,Desktop,2024-01-01 23:23:00,4,100,1,completed,100
1405,Denmark,Organic,Pro,Tablet,2024-01-01 23:24:00,9,500,0,form_started,0
1406,Norway,Direct,Premium,Tablet,2024-01-01 23:25:00,7,300,1,completed,300
1407,Sweden,Direct,Pro,Mobile,2024-01-01 23:26:00,1,500,0,form_started,0
1408,Sweden,Organic,Premium,Tablet,2024-01-01 23:27:00,14,300,0,signup,0
1409,Denmark,Direct,Basic,Mobile,2024-01-01 23:28:00,2,100,0,signup,0
1410,Sweden,Organic,Premium,Desktop,2024-01-01 23:29:00,8,300,0,form_started,0
1411,Denmark,Paid,Pro,Desktop,2024-01-01 23:30:00,11,500,1,completed,500
1412,Sweden,Organic,Pro,Desktop,2024-01-01 23:31:00,5,500,1,completed,500
1413,Sweden,Organic,Premium,Desktop,2024-01-01 23:32:00,18,300,0,form_started,0
1414,Denmark,Organic,Basic,Tablet,2024-01-01 23:33:00,12,100,0,signup,0
1415,Denmark,Direct,Basic,Mobile,2024-01-01 23:34:00,19,100,1,completed,100
1416,Denmark,Organic,Pro,Desktop,2024-01-01 23:35:00,5,500,1,completed,500
1417,Sweden,Organic,Pro,Desktop,2024-01-01 23:36:00,7,500,0,form_started,0
1418,Sweden,Organic,Premium,Mobile,2024-01-01 23:37:00,2,300,0,form_started,0
1419,Norway,Paid,Premium,Mobile,2024-01-01 23:38:00,17,300,1,completed,300
1420,Denmark,Organic,Premium,Mobile,2024-01-01 23:39:00,13,300,0,signup,0
1421,Sweden,Direct,Basic,Mobile,2024-01-01 23:40:00,11,100,1,completed,100
1422,Sweden,Organic,Basic,Mobile,2024-01-01 23:41:00,5,100,1,completed,100
1423,Denmark,Organic,Pro,Tablet,2024-01-01 23:42:00,13,500,1,completed,500
1424,Norway,Paid,Pro,Mobile,2024-01-01 23:43:00,13,500,1,completed,500
1425,Denmark,Organic,Pro,Tablet,2024-01-01 23:44:00,8,500,1,completed,500
1426,Norway,Direct,Premium,Mobile,2024-01-01 23:45:00,11,300,0,form_started,0
1427,Sweden,Organic,Basic,Mobile,2024-01-01 23:46:00,8,100,0,form_started,0
1428,Norway,Direct,Pro,Desktop,2024-01-01 23:47:00,10,500,0,signup,0
1429,Sweden,Paid,Pro,Desktop,2024-01-01 23:48:00,11,500,0,form_started,0
1430,Denmark,Organic,Pro,Desktop,2024-01-01 23:49:00,1,500,0,form_started,0
1431,Denmark,Paid,Pro,Desktop,2024-01-01 23:50:00,7,500,0,signup,0
1432,Denmark,Organic,Pro,Desktop,2024-01-01 23:51:00,8,500,0,signup,0
1433,Norway,Direct,Pro,Desktop,2024-01-01 23:52:00,6,500,0,signup,0
1434,Sweden,Paid,Basic,Mobile,2024-01-01 23:53:00,14,100,1,completed,100
1435,Denmark,Organic,Pro,Mobile,2024-01-01 23:54:00,7,500,1,completed,500
1436,Denmark,Direct,Basic,Desktop,2024-01-01 23:55:00,3,100,1,completed,100
1437,Sweden,Paid,Premium,Desktop,2024-01-01 23:56:00,2,300,0,form_started,0
1438,Denmark,Organic,Basic,Desktop,2024-01-01 23:57:00,18,100,0,signup,0
1439,Sweden,Paid,Premium,Mobile,2024-01-01 23:58:00,3,300,0,form_started,0
1440,Sweden,Organic,Basic,Desktop,2024-01-01 23:59:00,14,100,0,form_started,0
1441,Sweden,Direct,Basic,Desktop,2024-01-02 00:00:00,18,100,0,signup,0
1442,Sweden,Direct,Pro,Mobile,2024-01-02 00:01:00,13,500,0,form_started,0
1443,Sweden,Paid,Basic,Mobile,2024-01-02 00:02:00,8,100,0,form_started,0
1444,Norway,Paid,Basic,Tablet,2024-01-02 00:03:00,4,100,1,completed,100
1445,Denmark,Organic,Pro,Desktop,2024-01-02 00:04:00,15,500,1,completed,500
1446,Norway,Direct,Premium,Mobile,2024-01-02 00:05:00,12,300,0,signup,0
1447,Denmark,Organic,Pro,Tablet,2024-01-02 00:06:00,14,500,0,signup,0
1448,Norway,Direct,Pro,Mobile,2024-01-02 00:07:00,7,500,0,form_started,0
1449,Sweden,Paid,Pro,Tablet,2024-01-02 00:08:00,12,500,0,form_started,0
1450,Denmark,Organic,Premium,Tablet,2024-01-02 00:09:00,9,300,1,completed,300
1451,Denmark,Organic,Basic,Desktop,2024-01-02 00:10:00,10,100,1,completed,100
1452,Norway,Direct,Basic,Desktop,2024-01-02 00:11:00,8,100,0,form_started,0
1453,Norway,Direct,Pro,Tablet,2024-01-02 00:12:00,2,500,0,form_started,0
1454,Denmark,Direct,Pro,Desktop,2024-01-02 00:13:00,16,500,0,signup,0
1455,Norway,Paid,Basic,Mobile,2024-01-02 00:14:00,18,100,0,form_started,0
1456,Norway,Organic,Basic,Mobile,2024-01-02 00:15:00,10,100,1,completed,100
1457,Norway,Direct,Basic,Tablet,2024-01-02 00:16:00,6,100,1,completed,100
1458,Sweden,Paid,Premium,Tablet,2024-01-02 00:17:00,6,300,0,form_started,0
1459,Sweden,Direct,Premium,Mobile,2024-01-02 00:18:00,13,300,0,form_started,0
1460,Norway,Organic,Pro,Mobile,2024-01-02 00:19:00,19,500,1,completed,500
1461,Norway,Direct,Premium,Tablet,2024-01-02 00:20:00,17,300,0,signup,0
1462,Sweden,Organic,Pro,Mobile,2024-01-02 00:21:00,2,500,0,signup,0
1463,Sweden,Paid,Basic,Mobile,2024-01-02 00:22:00,18,100,0,signup,0
1464,Denmark,Paid,Basic,Tablet,2024-01-02 00:23:00,7,100,0,form_started,0
1465,Denmark,Direct,Pro,Desktop,2024-01-02 00:24:00,14,500,1,completed,500
1466,Sweden,Organic,Basic,Mobile,2024-01-02 00:25:00,15,100,0,form_started,0
1467,Norway,Organic,Pro,Desktop,2024-01-02 00:26:00,8,500,0,form_started,0
1468,Norway,Organic,Pro,Desktop,2024-01-02 00:27:00,9,500,0,form_started,0
1469,Norway,Direct,Pro,Mobile,2024-01-02 00:28:00,11,500,0,form_started,0
1470,Norway,Organic,Premium,Desktop,2024-01-02 00:29:00,3,300,1,completed,300
1471,Denmark,Organic,Pro,Tablet,2024-01-02 00:30:00,14,500,0,form_started,0
1472,Sweden,Organic,Pro,Mobile,2024-01-02 00:31:00,8,500,1,completed,500
1473,Norway,Organic,Pro,Mobile,2024-01-02 00:32:00,3,500,0,form_started,0
1474,Denmark,Direct,Premium,Desktop,2024-01-02 00:33:00,18,300,0,form_started,0
1475,Norway,Direct,Basic,Mobile,2024-01-02 00:34:00,14,100,1,completed,100
1476,Sweden,Organic,Premium,Mobile,2024-01-02 00:35:00,8,300,1,completed,300
1477,Denmark,Organic,Pro,Desktop,2024-01-02 00:36:00,17,500,0,signup,0
1478,Sweden,Paid,Premium,Desktop,2024-01-02 00:37:00,8,300,0,signup,0
1479,Sweden,Paid,Basic,Mobile,2024-01-02 00:38:00,5,100,0,signup,0
1480,Denmark,Organic,Basic,Mobile,2024-01-02 00:39:00,12,100,1,completed,100
1481,Denmark,Organic,Pro,Tablet,2024-01-02 00:40:00,2,500,0,form_started,0
1482,Denmark,Paid,Basic,Tablet,2024-01-02 00:41:00,17,100,0,signup,0
1483,Denmark,Paid,Premium,Mobile,2024-01-02 00:42:00,13,300,0,signup,0
1484,Denmark,Organic,Premium,Mobile,2024-01-02 00:43:00,14,300,0,signup,0
1485,Denmark,Direct,Basic,Tablet,2024-01-02 00:44:00,9,100,1,completed,100
1486,Denmark,Direct,Pro,Desktop,2024-01-02 00:45:00,9,500,0,form_started,0
1487,Norway,Organic,Pro,Mobile,2024-01-02 00:46:00,9,500,0,form_started,0
1488,Sweden,Organic,Premium,Tablet,2024-01-02 00:47:00,6,300,0,form_started,0
1489,Denmark,Paid,Basic,Tablet,2024-01-02 00:48:00,12,100,0,signup,0
1490,Norway,Paid,Premium,Mobile,2024-01-02 00:49:00,10,300,0,signup,0
1491,Norway,Direct,Premium,Mobile,2024-01-02 00:50:00,5,300,0,signup,0
1492,Norway,Organic,Premium,Tablet,2024-01-02 00:51:00,18,300,0,signup,0
1493,Sweden,Paid,Pro,Mobile,2024-01-02 00:52:00,7,500,1,completed,500
1494,Denmark,Direct,Basic,Desktop,2024-01-02 00:53:00,13,100,1,completed,100
1495,Norway,Direct,Basic,Mobile,2024-01-02 00:54:00,1,100,0,form_started,0
1496,Sweden,Direct,Pro,Tablet,2024-01-02 00:55:00,6,500,0,form_started,0
1497,Sweden,Paid,Premium,Tablet,2024-01-02 00:56:00,8,300,0,signup,0
1498,Sweden,Paid,Premium,Mobile,2024-01-02 00:57:00,9,300,0,form_started,0
1499,Norway,Organic,Pro,Tablet,2024-01-02 00:58:00,7,500,1,completed,500
1500,Denmark,Organic,Basic,Desktop,2024-01-02 00:59:00,10,100,1,completed,100
1501,Norway,Direct,Pro,Mobile,2024-01-02 01:00:00,8,500,0,form_started,0
1502,Norway,Direct,Basic,Mobile,2024-01-02 01:01:00,2,100,0,signup,0
1503,Denmark,Paid,Basic,Tablet,2024-01-02 01:02:00,18,100,1,completed,100
1504,Denmark,Paid,Basic,Desktop,2024-01-02 01:03:00,15,100,0,signup,0
1505,Denmark,Organic,Premium,Mobile,2024-01-02 01:04:00,6,300,0,form_started,0
1506,Sweden,Organic,Premium,Tablet,2024-01-02 01:05:00,14,300,0,form_started,0
1507,Denmark,Organic,Pro,Mobile,2024-01-02 01:06:00,18,500,0,signup,0
1508,Norway,Paid,Pro,Desktop,2024-01-02 01:07:00,3,500,0,form_started,0
1509,Denmark,Direct,Premium,Tablet,2024-01-02 01:08:00,1,300,0,signup,0
1510,Norway,Organic,Pro,Mobile,2024-01-02 01:09:00,1,500,0,form_started,0
1511,Sweden,Organic,Premium,Tablet,2024-01-02 01:10:00,14,300,1,completed,300
1512,Norway,Paid,Premium,Tablet,2024-01-02 01:11:00,1,300,1,completed,300
1513,Norway,Organic,Basic,Desktop,2024-01-02 01:12:00,1,100,1,completed,100
1514,Denmark,Direct,Basic,Desktop,2024-01-02 01:13:00,4,100,0,signup,0
1515,Denmark,Paid,Premium,Mobile,2024-01-02 01:14:00,12,300,0,form_started,0
1516,Norway,Organic,Basic,Tablet,2024-01-02 01:15:00,15,100,0,form_started,0
1517,Denmark,Organic,Premium,Tablet,2024-01-02 01:16:00,4,300,1,completed,300
1518,Sweden,Paid,Basic,Tablet,2024-01-02 01:17:00,10,100,0,signup,0
1519,Sweden,Paid,Pro,Mobile,2024-01-02 01:18:00,11,500,0,signup,0
1520,Denmark,Organic,Pro,Desktop,2024-01-02 01:19:00,6,500,0,form_started,0
1521,Sweden,Direct,Premium,Desktop,2024-01-02 01:20:00,10,300,1,completed,300
1522,Denmark,Paid,Premium,Tablet,2024-01-02 01:21:00,12,300,1,completed,300
1523,Norway,Direct,Basic,Mobile,2024-01-02 01:22:00,3,100,0,form_started,0
1524,Norway,Organic,Basic,Tablet,2024-01-02 01:23:00,15,100,1,completed,100
1525,Sweden,Direct,Premium,Desktop,2024-01-02 01:24:00,16,300,0,form_started,0
1526,Denmark,Organic,Pro,Tablet,2024-01-02 01:25:00,10,500,0,signup,0
1527,Denmark,Organic,Pro,Tablet,2024-01-02 01:26:00,11,500,1,completed,500
1528,Sweden,Organic,Premium,Tablet,2024-01-02 01:27:00,16,300,0,signup,0
1529,Norway,Organic,Pro,Desktop,2024-01-02 01:28:00,17,500,0,signup,0
1530,Sweden,Direct,Premium,Mobile,2024-01-02 01:29:00,14,300,1,completed,300
1531,Norway,Organic,Basic,Tablet,2024-01-02 01:30:00,16,100,0,signup,0
1532,Denmark,Organic,Pro,Desktop,2024-01-02 01:31:00,14,500,1,completed,500
1533,Norway,Direct,Pro,Tablet,2024-01-02 01:32:00,6,500,0,form_started,0
1534,Sweden,Paid,Basic,Mobile,2024-01-02 01:33:00,10,100,0,signup,0
1535,Denmark,Direct,Basic,Tablet,2024-01-02 01:34:00,17,100,0,signup,0
1536,Sweden,Direct,Pro,Mobile,2024-01-02 01:35:00,10,500,1,completed,500
1537,Sweden,Direct,Pro,Desktop,2024-01-02 01:36:00,10,500,0,form_started,0
1538,Norway,Organic,Premium,Mobile,2024-01-02 01:37:00,14,300,0,form_started,0
1539,Sweden,Organic,Premium,Mobile,2024-01-02 01:38:00,17,300,0,form_started,0
1540,Norway,Organic,Pro,Desktop,2024-01-02 01:39:00,9,500,1,completed,500
1541,Denmark,Paid,Premium,Mobile,2024-01-02 01:40:00,15,300,0,signup,0
1542,Norway,Organic,Basic,Mobile,2024-01-02 01:41:00,7,100,0,form_started,0
1543,Denmark,Paid,Premium,Desktop,2024-01-02 01:42:00,2,300,0,signup,0
1544,Norway,Organic,Premium,Mobile,2024-01-02 01:43:00,4,300,0,form_started,0
1545,Sweden,Direct,Pro,Mobile,2024-01-02 01:44:00,18,500,0,signup,0
1546,Norway,Organic,Premium,Tablet,2024-01-02 01:45:00,11,300,0,form_started,0
1547,Norway,Paid,Pro,Mobile,2024-01-02 01:46:00,5,500,1,completed,500
1548,Denmark,Paid,Pro,Mobile,2024-01-02 01:47:00,8,500,0,signup,0
1549,Sweden,Organic,Pro,Mobile,2024-01-02 01:48:00,5,500,0,signup,0
1550,Norway,Direct,Basic,Desktop,2024-01-02 01:49:00,2,100,0,form_started,0
1551,Sweden,Organic,Premium,Mobile,2024-01-02 01:50:00,5,300,1,completed,300
1552,Norway,Organic,Premium,Desktop,2024-01-02 01:51:00,3,300,0,signup,0
1553,Norway,Organic,Premium,Desktop,2024-01-02 01:52:00,12,300,1,completed,300
1554,Sweden,Direct,Pro,Mobile,2024-01-02 01:53:00,19,500,1,completed,500
1555,Norway,Paid,Basic,Mobile,2024-01-02 01:54:00,7,100,0,signup,0
1556,Sweden,Direct,Pro,Mobile,2024-01-02 01:55:00,19,500,0,signup,0
1557,Norway,Paid,Premium,Mobile,2024-01-02 01:56:00,4,300,1,completed,300
1558,Denmark,Paid,Pro,Mobile,2024-01-02 01:57:00,14,500,1,completed,500
1559,Sweden,Paid,Pro,Mobile,2024-01-02 01:58:00,19,500,1,completed,500
1560,Norway,Direct,Premium,Mobile,2024-01-02 01:59:00,18,300,1,completed,300
1561,Norway,Organic,Pro,Desktop,2024-01-02 02:00:00,7,500,0,form_started,0
1562,Denmark,Organic,Pro,Tablet,2024-01-02 02:01:00,15,500,1,completed,500
1563,Sweden,Organic,Basic,Desktop,2024-01-02 02:02:00,1,100,0,form_started,0
1564,Norway,Organic,Pro,Mobile,2024-01-02 02:03:00,12,500,0,form_started,0
1565,Denmark,Organic,Basic,Tablet,2024-01-02 02:04:00,19,100,0,form_started,0
1566,Norway,Direct,Premium,Tablet,2024-01-02 02:05:00,6,300,0,signup,0
1567,Sweden,Direct,Basic,Mobile,2024-01-02 02:06:00,13,100,0,form_started,0
1568,Norway,Direct,Pro,Mobile,2024-01-02 02:07:00,6,500,0,signup,0
1569,Norway,Direct,Premium,Desktop,2024-01-02 02:08:00,13,300,0,form_started,0
1570,Norway,Direct,Pro,Tablet,2024-01-02 02:09:00,15,500,1,completed,500
1571,Norway,Direct,Pro,Tablet,2024-01-02 02:10:00,16,500,0,signup,0
1572,Denmark,Direct,Basic,Mobile,2024-01-02 02:11:00,8,100,1,completed,100
1573,Denmark,Organic,Pro,Mobile,2024-01-02 02:12:00,13,500,0,form_started,0
1574,Sweden,Paid,Basic,Tablet,2024-01-02 02:13:00,13,100,0,signup,0
1575,Denmark,Direct,Premium,Tablet,2024-01-02 02:14:00,12,300,0,form_started,0
1576,Denmark,Paid,Premium,Mobile,2024-01-02 02:15:00,19,300,0,form_started,0
1577,Sweden,Direct,Pro,Mobile,2024-01-02 02:16:00,17,500,0,signup,0
1578,Denmark,Direct,Basic,Mobile,2024-01-02 02:17:00,3,100,1,completed,100
1579,Denmark,Organic,Pro,Desktop,2024-01-02 02:18:00,15,500,0,form_started,0
1580,Sweden,Paid,Pro,Desktop,2024-01-02 02:19:00,17,500,0,signup,0
1581,Sweden,Organic,Pro,Mobile,2024-01-02 02:20:00,6,500,0,signup,0
1582,Sweden,Organic,Pro,Desktop,2024-01-02 02:21:00,19,500,0,form_started,0
1583,Norway,Paid,Basic,Tablet,2024-01-02 02:22:00,12,100,0,form_started,0
1584,Norway,Organic,Pro,Tablet,2024-01-02 02:23:00,4,500,1,completed,500
1585,Sweden,Direct,Premium,Mobile,2024-01-02 02:24:00,12,300,0,signup,0
1586,Sweden,Direct,Basic,Tablet,2024-01-02 02:25:00,2,100,0,form_started,0
1587,Sweden,Direct,Pro,Tablet,2024-01-02 02:26:00,7,500,0,signup,0
1588,Norway,Direct,Basic,Tablet,2024-01-02 02:27:00,16,100,0,form_started,0
1589,Norway,Direct,Pro,Tablet,2024-01-02 02:28:00,12,500,0,form_started,0
1590,Denmark,Organic,Premium,Tablet,2024-01-02 02:29:00,16,300,0,signup,0
1591,Denmark,Organic,Premium,Desktop,2024-01-02 02:30:00,14,300,1,completed,300
1592,Sweden,Direct,Premium,Desktop,2024-01-02 02:31:00,1,300,0,signup,0
1593,Norway,Direct,Basic,Mobile,2024-01-02 02:32:00,9,100,1,completed,100
1594,Norway,Organic,Premium,Tablet,2024-01-02 02:33:00,7,300,0,form_started,0
1595,Norway,Paid,Pro,Desktop,2024-01-02 02:34:00,5,500,1,completed,500
1596,Sweden,Organic,Pro,Desktop,2024-01-02 02:35:00,10,500,1,completed,500
1597,Denmark,Organic,Pro,Desktop,2024-01-02 02:36:00,10,500,0,form_started,0
1598,Sweden,Organic,Basic,Tablet,2024-01-02 02:37:00,18,100,0,form_started,0
1599,Denmark,Organic,Basic,Desktop,2024-01-02 02:38:00,7,100,0,form_started,0
1600,Denmark,Organic,Premium,Mobile,2024-01-02 02:39:00,18,300,0,signup,0
1601,Sweden,Paid,Basic,Mobile,2024-01-02 02:40:00,13,100,0,signup,0
1602,Denmark,Direct,Pro,Tablet,2024-01-02 02:41:00,11,500,1,completed,500
1603,Denmark,Direct,Pro,Mobile,2024-01-02 02:42:00,10,500,0,form_started,0
1604,Norway,Paid,Pro,Desktop,2024-01-02 02:43:00,9,500,0,signup,0
1605,Denmark,Direct,Basic,Tablet,2024-01-02 02:44:00,15,100,1,completed,100
1606,Sweden,Direct,Pro,Mobile,2024-01-02 02:45:00,14,500,1,completed,500
1607,Sweden,Direct,Premium,Tablet,2024-01-02 02:46:00,3,300,0,form_started,0
1608,Denmark,Paid,Basic,Desktop,2024-01-02 02:47:00,14,100,1,completed,100
1609,Norway,Paid,Pro,Mobile,2024-01-02 02:48:00,16,500,1,completed,500
1610,Norway,Direct,Pro,Desktop,2024-01-02 02:49:00,3,500,0,form_started,0
1611,Denmark,Direct,Basic,Mobile,2024-01-02 02:50:00,8,100,0,form_started,0
1612,Denmark,Direct,Basic,Tablet,2024-01-02 02:51:00,2,100,1,completed,100
1613,Sweden,Organic,Premium,Mobile,2024-01-02 02:52:00,2,300,1,completed,300
1614,Denmark,Organic,Basic,Mobile,2024-01-02 02:53:00,18,100,0,signup,0
1615,Norway,Organic,Pro,Mobile,2024-01-02 02:54:00,7,500,0,signup,0
1616,Denmark,Paid,Premium,Tablet,2024-01-02 02:55:00,17,300,1,completed,300
1617,Sweden,Direct,Pro,Mobile,2024-01-02 02:56:00,6,500,1,completed,500
1618,Sweden,Paid,Pro,Desktop,2024-01-02 02:57:00,10,500,1,completed,500
1619,Sweden,Paid,Pro,Tablet,2024-01-02 02:58:00,7,500,1,completed,500
1620,Sweden,Paid,Basic,Tablet,2024-01-02 02:59:00,4,100,0,signup,0
1621,Sweden,Direct,Basic,Desktop,2024-01-02 03:00:00,11,100,1,completed,100
1622,Denmark,Organic,Pro,Tablet,2024-01-02 03:01:00,16,500,1,completed,500
1623,Denmark,Direct,Basic,Mobile,2024-01-02 03:02:00,17,100,1,completed,100
1624,Denmark,Direct,Pro,Tablet,2024-01-02 03:03:00,6,500,0,signup,0
1625,Denmark,Paid,Basic,Desktop,2024-01-02 03:04:00,19,100,1,completed,100
1626,Sweden,Paid,Basic,Tablet,2024-01-02 03:05:00,18,100,0,form_started,0
1627,Norway,Paid,Basic,Desktop,2024-01-02 03:06:00,15,100,0,form_started,0
1628,Denmark,Organic,Premium,Tablet,2024-01-02 03:07:00,2,300,0,signup,0
1629,Norway,Organic,Basic,Desktop,2024-01-02 03:08:00,19,100,0,form_started,0
1630,Denmark,Organic,Premium,Tablet,2024-01-02 03:09:00,6,300,0,signup,0
1631,Denmark,Direct,Premium,Mobile,2024-01-02 03:10:00,12,300,1,completed,300
1632,Norway,Paid,Premium,Desktop,2024-01-02 03:11:00,1,300,1,completed,300
1633,Sweden,Direct,Pro,Desktop,2024-01-02 03:12:00,11,500,1,completed,500
1634,Denmark,Organic,Basic,Tablet,2024-01-02 03:13:00,19,100,1,completed,100
1635,Denmark,Paid,Pro,Tablet,2024-01-02 03:14:00,4,500,0,signup,0
1636,Denmark,Organic,Premium,Tablet,2024-01-02 03:15:00,19,300,0,signup,0
1637,Norway,Paid,Basic,Mobile,2024-01-02 03:16:00,6,100,0,signup,0
1638,Sweden,Paid,Pro,Tablet,2024-01-02 03:17:00,8,500,0,form_started,0
1639,Norway,Direct,Premium,Desktop,2024-01-02 03:18:00,9,300,0,form_started,0
1640,Norway,Direct,Pro,Tablet,2024-01-02 03:19:00,10,500,0,form_started,0
1641,Sweden,Organic,Pro,Mobile,2024-01-02 03:20:00,10,500,0,signup,0
1642,Norway,Direct,Basic,Tablet,2024-01-02 03:21:00,10,100,0,signup,0
1643,Sweden,Direct,Basic,Tablet,2024-01-02 03:22:00,4,100,0,form_started,0
1644,Denmark,Direct,Pro,Desktop,2024-01-02 03:23:00,18,500,0,form_started,0
1645,Sweden,Paid,Basic,Tablet,2024-01-02 03:24:00,12,100,1,completed,100
1646,Denmark,Direct,Basic,Mobile,2024-01-02 03:25:00,11,100,0,signup,0
1647,Norway,Organic,Pro,Tablet,2024-01-02 03:26:00,16,500,0,form_started,0
1648,Norway,Paid,Basic,Tablet,2024-01-02 03:27:00,19,100,0,signup,0
1649,Denmark,Paid,Basic,Desktop,2024-01-02 03:28:00,11,100,1,completed,100
1650,Norway,Direct,Premium,Tablet,2024-01-02 03:29:00,4,300,0,signup,0
1651,Sweden,Paid,Basic,Desktop,2024-01-02 03:30:00,12,100,0,form_started,0
1652,Denmark,Organic,Premium,Desktop,2024-01-02 03:31:00,17,300,0,form_started,0
1653,Norway,Organic,Pro,Tablet,2024-01-02 03:32:00,13,500,1,completed,500
1654,Denmark,Paid,Premium,Desktop,2024-01-02 03:33:00,4,300,1,completed,300
1655,Sweden,Direct,Pro,Desktop,2024-01-02 03:34:00,6,500,0,signup,0
1656,Sweden,Direct,Basic,Tablet,2024-01-02 03:35:00,7,100,1,completed,100
1657,Norway,Paid,Basic,Tablet,2024-01-02 03:36:00,8,100,0,form_started,0
1658,Sweden,Organic,Premium,Mobile,2024-01-02 03:37:00,2,300,0,signup,0
1659,Denmark,Paid,Pro,Mobile,2024-01-02 03:38:00,9,500,0,form_started,0
1660,Sweden,Direct,Basic,Desktop,2024-01-02 03:39:00,10,100,0,signup,0
1661,Denmark,Direct,Premium,Desktop,2024-01-02 03:40:00,19,300,1,completed,300
1662,Denmark,Paid,Premium,Tablet,2024-01-02 03:41:00,1,300,1,completed,300
1663,Sweden,Organic,Premium,Mobile,2024-01-02 03:42:00,16,300,0,signup,0
1664,Norway,Paid,Basic,Mobile,2024-01-02 03:43:00,18,100,0,signup,0
1665,Sweden,Organic,Pro,Tablet,2024-01-02 03:44:00,8,500,0,form_started,0
1666,Denmark,Organic,Basic,Tablet,2024-01-02 03:45:00,10,100,0,form_started,0
1667,Denmark,Paid,Basic,Tablet,2024-01-02 03:46:00,11,100,1,completed,100
1668,Sweden,Paid,Pro,Tablet,2024-01-02 03:47:00,17,500,1,completed,500
1669,Norway,Organic,Premium,Mobile,2024-01-02 03:48:00,7,300,0,form_started,0
1670,Norway,Organic,Basic,Tablet,2024-01-02 03:49:00,3,100,0,form_started,0
1671,Denmark,Organic,Premium,Tablet,2024-01-02 03:50:00,7,300,1,completed,300
1672,Denmark,Organic,Premium,Mobile,2024-01-02 03:51:00,6,300,0,form_started,0
1673,Norway,Direct,Pro,Tablet,2024-01-02 03:52:00,3,500,1,completed,500
1674,Sweden,Paid,Pro,Mobile,2024-01-02 03:53:00,8,500,0,form_started,0
1675,Denmark,Organic,Pro,Mobile,2024-01-02 03:54:00,1,500,0,signup,0
1676,Denmark,Paid,Premium,Tablet,2024-01-02 03:55:00,5,300,0,signup,0
1677,Norway,Organic,Premium,Tablet,2024-01-02 03:56:00,19,300,0,form_started,0
1678,Sweden,Paid,Basic,Desktop,2024-01-02 03:57:00,13,100,0,form_started,0
1679,Norway,Paid,Premium,Desktop,2024-01-02 03:58:00,11,300,1,completed,300
1680,Sweden,Organic,Pro,Mobile,2024-01-02 03:59:00,11,500,1,completed,500
1681,Sweden,Organic,Pro,Mobile,2024-01-02 04:00:00,2,500,0,signup,0
1682,Sweden,Paid,Pro,Desktop,2024-01-02 04:01:00,9,500,0,form_started,0
1683,Denmark,Paid,Pro,Mobile,2024-01-02 04:02:00,2,500,1,completed,500
1684,Norway,Paid,Premium,Desktop,2024-01-02 04:03:00,19,300,1,completed,300
1685,Norway,Direct,Pro,Tablet,2024-01-02 04:04:00,12,500,0,form_started,0
1686,Sweden,Organic,Basic,Tablet,2024-01-02 04:05:00,9,100,1,completed,100
1687,Denmark,Direct,Premium,Tablet,2024-01-02 04:06:00,9,300,1,completed,300
1688,Denmark,Direct,Pro,Mobile,2024-01-02 04:07:00,10,500,0,form_started,0
1689,Norway,Organic,Basic,Tablet,2024-01-02 04:08:00,5,100,0,signup,0
1690,Denmark,Organic,Pro,Mobile,2024-01-02 04:09:00,9,500,0,form_started,0
1691,Denmark,Direct,Premium,Tablet,2024-01-02 04:10:00,18,300,0,signup,0
1692,Sweden,Organic,Premium,Mobile,2024-01-02 04:11:00,10,300,1,completed,300
1693,Denmark,Paid,Basic,Mobile,2024-01-02 04:12:00,17,100,0,form_started,0
1694,Sweden,Paid,Premium,Desktop,2024-01-02 04:13:00,10,300,1,completed,300
1695,Norway,Direct,Basic,Desktop,2024-01-02 04:14:00,14,100,0,signup,0
1696,Denmark,Direct,Pro,Desktop,2024-01-02 04:15:00,4,500,0,form_started,0
1697,Norway,Organic,Premium,Mobile,2024-01-02 04:16:00,10,300,1,completed,300
1698,Norway,Organic,Pro,Desktop,2024-01-02 04:17:00,18,500,0,form_started,0
1699,Denmark,Direct,Pro,Desktop,2024-01-02 04:18:00,5,500,0,signup,0
1700,Denmark,Direct,Premium,Desktop,2024-01-02 04:19:00,9,300,0,signup,0
1701,Norway,Paid,Pro,Mobile,2024-01-02 04:20:00,6,500,0,signup,0
1702,Denmark,Paid,Basic,Mobile,2024-01-02 04:21:00,16,100,1,completed,100
1703,Sweden,Organic,Basic,Desktop,2024-01-02 04:22:00,16,100,0,form_started,0
1704,Sweden,Paid,Basic,Desktop,2024-01-02 04:23:00,11,100,1,completed,100
1705,Denmark,Organic,Premium,Mobile,2024-01-02 04:24:00,15,300,0,form_started,0
1706,Norway,Organic,Pro,Mobile,2024-01-02 04:25:00,19,500,1,completed,500
1707,Denmark,Organic,Pro,Desktop,2024-01-02 04:26:00,3,500,0,signup,0
1708,Denmark,Paid,Pro,Desktop,2024-01-02 04:27:00,16,500,0,signup,0
1709,Norway,Direct,Pro,Desktop,2024-01-02 04:28:00,5,500,1,completed,500
1710,Norway,Direct,Basic,Mobile,2024-01-02 04:29:00,9,100,0,form_started,0
1711,Sweden,Paid,Premium,Desktop,2024-01-02 04:30:00,5,300,1,completed,300
1712,Norway,Direct,Basic,Mobile,2024-01-02 04:31:00,4,100,0,signup,0
1713,Sweden,Organic,Basic,Tablet,2024-01-02 04:32:00,13,100,0,signup,0
1714,Norway,Direct,Premium,Desktop,2024-01-02 04:33:00,17,300,1,completed,300
1715,Denmark,Paid,Premium,Tablet,2024-01-02 04:34:00,12,300,1,completed,300
1716,Sweden,Direct,Basic,Mobile,2024-01-02 04:35:00,7,100,0,form_started,0
1717,Sweden,Organic,Pro,Tablet,2024-01-02 04:36:00,1,500,1,completed,500
1718,Sweden,Organic,Premium,Desktop,2024-01-02 04:37:00,16,300,0,signup,0
1719,Denmark,Paid,Premium,Tablet,2024-01-02 04:38:00,7,300,0,form_started,0
1720,Denmark,Paid,Basic,Tablet,2024-01-02 04:39:00,2,100,0,signup,0
1721,Denmark,Paid,Pro,Tablet,2024-01-02 04:40:00,12,500,0,signup,0
1722,Denmark,Organic,Premium,Mobile,2024-01-02 04:41:00,11,300,0,signup,0
1723,Denmark,Direct,Basic,Desktop,2024-01-02 04:42:00,8,100,0,signup,0
1724,Sweden,Direct,Premium,Mobile,2024-01-02 04:43:00,1,300,1,completed,300
1725,Denmark,Paid,Pro,Tablet,2024-01-02 04:44:00,3,500,0,form_started,0
1726,Sweden,Direct,Basic,Tablet,2024-01-02 04:45:00,8,100,0,signup,0
1727,Denmark,Direct,Basic,Mobile,2024-01-02 04:46:00,8,100,0,signup,0
1728,Norway,Paid,Pro,Mobile,2024-01-02 04:47:00,11,500,0,signup,0
1729,Sweden,Paid,Basic,Tablet,2024-01-02 04:48:00,5,100,0,signup,0
1730,Norway,Organic,Pro,Desktop,2024-01-02 04:49:00,8,500,0,signup,0
1731,Sweden,Organic,Basic,Mobile,2024-01-02 04:50:00,9,100,0,form_started,0
1732,Norway,Organic,Pro,Tablet,2024-01-02 04:51:00,17,500,0,form_started,0
1733,Denmark,Organic,Premium,Tablet,2024-01-02 04:52:00,5,300,1,completed,300
1734,Denmark,Direct,Premium,Desktop,2024-01-02 04:53:00,19,300,1,completed,300
1735,Denmark,Direct,Premium,Tablet,2024-01-02 04:54:00,19,300,0,form_started,0
1736,Sweden,Organic,Basic,Mobile,2024-01-02 04:55:00,2,100,0,signup,0
1737,Norway,Organic,Pro,Tablet,2024-01-02 04:56:00,19,500,0,form_started,0
1738,Denmark,Paid,Pro,Tablet,2024-01-02 04:57:00,15,500,1,completed,500
1739,Norway,Direct,Premium,Tablet,2024-01-02 04:58:00,8,300,1,completed,300
1740,Norway,Direct,Premium,Tablet,2024-01-02 04:59:00,8,300,0,signup,0
1741,Denmark,Organic,Premium,Desktop,2024-01-02 05:00:00,1,300,0,form_started,0
1742,Denmark,Direct,Pro,Mobile,2024-01-02 05:01:00,14,500,1,completed,500
1743,Norway,Paid,Premium,Tablet,2024-01-02 05:02:00,11,300,0,form_started,0
1744,Denmark,Paid,Basic,Mobile,2024-01-02 05:03:00,7,100,0,signup,0
1745,Denmark,Direct,Premium,Desktop,2024-01-02 05:04:00,18,300,0,form_started,0
1746,Denmark,Organic,Premium,Mobile,2024-01-02 05:05:00,15,300,0,signup,0
1747,Sweden,Direct,Pro,Desktop,2024-01-02 05:06:00,10,500,1,completed,500
1748,Norway,Paid,Basic,Mobile,2024-01-02 05:07:00,4,100,1,completed,100
1749,Norway,Organic,Pro,Mobile,2024-01-02 05:08:00,1,500,1,completed,500
1750,Sweden,Direct,Basic,Tablet,2024-01-02 05:09:00,14,100,0,form_started,0
1751,Norway,Organic,Basic,Mobile,2024-01-02 05:10:00,9,100,1,completed,100
1752,Denmark,Organic,Premium,Tablet,2024-01-02 05:11:00,13,300,0,signup,0
1753,Norway,Paid,Premium,Tablet,2024-01-02 05:12:00,17,300,0,signup,0
1754,Denmark,Organic,Pro,Mobile,2024-01-02 05:13:00,4,500,1,completed,500
1755,Sweden,Direct,Pro,Tablet,2024-01-02 05:14:00,5,500,0,signup,0
1756,Denmark,Organic,Pro,Mobile,2024-01-02 05:15:00,18,500,0,signup,0
1757,Norway,Organic,Basic,Tablet,2024-01-02 05:16:00,17,100,1,completed,100
1758,Norway,Direct,Pro,Tablet,2024-01-02 05:17:00,7,500,1,completed,500
1759,Norway,Paid,Basic,Desktop,2024-01-02 05:18:00,10,100,0,signup,0
1760,Sweden,Paid,Basic,Desktop,2024-01-02 05:19:00,9,100,0,signup,0
1761,Sweden,Direct,Basic,Mobile,2024-01-02 05:20:00,13,100,0,form_started,0
1762,Norway,Direct,Basic,Tablet,2024-01-02 05:21:00,18,100,1,completed,100
1763,Denmark,Paid,Basic,Desktop,2024-01-02 05:22:00,12,100,0,signup,0
1764,Sweden,Organic,Premium,Desktop,2024-01-02 05:23:00,8,300,1,completed,300
1765,Norway,Direct,Basic,Desktop,2024-01-02 05:24:00,18,100,0,form_started,0
1766,Norway,Organic,Basic,Tablet,2024-01-02 05:25:00,5,100,0,form_started,0
1767,Sweden,Direct,Premium,Mobile,2024-01-02 05:26:00,7,300,0,signup,0
1768,Sweden,Paid,Premium,Tablet,2024-01-02 05:27:00,15,300,0,signup,0
1769,Sweden,Organic,Premium,Tablet,2024-01-02 05:28:00,3,300,1,completed,300
1770,Denmark,Organic,Pro,Desktop,2024-01-02 05:29:00,18,500,0,form_started,0
1771,Denmark,Direct,Pro,Tablet,2024-01-02 05:30:00,6,500,0,form_started,0
1772,Norway,Organic,Basic,Tablet,2024-01-02 05:31:00,6,100,0,signup,0
1773,Sweden,Direct,Basic,Desktop,2024-01-02 05:32:00,1,100,1,completed,100
1774,Denmark,Paid,Basic,Desktop,2024-01-02 05:33:00,17,100,0,signup,0
1775,Sweden,Organic,Basic,Tablet,2024-01-02 05:34:00,11,100,1,completed,100
1776,Norway,Direct,Premium,Desktop,2024-01-02 05:35:00,2,300,0,form_started,0
1777,Denmark,Organic,Pro,Mobile,2024-01-02 05:36:00,9,500,0,form_started,0
1778,Denmark,Direct,Premium,Mobile,2024-01-02 05:37:00,19,300,0,form_started,0
1779,Denmark,Direct,Pro,Mobile,2024-01-02 05:38:00,6,500,0,signup,0
1780,Norway,Direct,Premium,Mobile,2024-01-02 05:39:00,7,300,0,signup,0
1781,Sweden,Paid,Basic,Mobile,2024-01-02 05:40:00,4,100,1,completed,100
1782,Denmark,Organic,Pro,Desktop,2024-01-02 05:41:00,3,500,0,form_started,0
1783,Norway,Paid,Basic,Desktop,2024-01-02 05:42:00,2,100,0,form_started,0
1784,Sweden,Direct,Pro,Mobile,2024-01-02 05:43:00,10,500,0,signup,0
1785,Norway,Direct,Pro,Mobile,2024-01-02 05:44:00,10,500,0,form_started,0
1786,Sweden,Paid,Basic,Mobile,2024-01-02 05:45:00,17,100,1,completed,100
1787,Norway,Paid,Basic,Desktop,2024-01-02 05:46:00,16,100,1,completed,100
1788,Sweden,Organic,Basic,Desktop,2024-01-02 05:47:00,1,100,0,signup,0
1789,Denmark,Direct,Premium,Tablet,2024-01-02 05:48:00,12,300,1,completed,300
1790,Sweden,Paid,Pro,Tablet,2024-01-02 05:49:00,10,500,0,signup,0
1791,Norway,Direct,Pro,Tablet,2024-01-02 05:50:00,1,500,0,signup,0
1792,Norway,Direct,Pro,Tablet,2024-01-02 05:51:00,16,500,0,form_started,0
1793,Sweden,Organic,Basic,Desktop,2024-01-02 05:52:00,11,100,1,completed,100
1794,Denmark,Organic,Pro,Desktop,2024-01-02 05:53:00,4,500,0,signup,0
1795,Denmark,Organic,Pro,Desktop,2024-01-02 05:54:00,3,500,0,signup,0
1796,Sweden,Paid,Basic,Desktop,2024-01-02 05:55:00,13,100,0,signup,0
1797,Sweden,Direct,Basic,Mobile,2024-01-02 05:56:00,15,100,0,form_started,0
1798,Norway,Paid,Pro,Tablet,2024-01-02 05:57:00,10,500,0,form_started,0
1799,Denmark,Paid,Premium,Desktop,2024-01-02 05:58:00,6,300,0,signup,0
1800,Sweden,Organic,Basic,Desktop,2024-01-02 05:59:00,11,100,1,completed,100
1801,Denmark,Direct,Premium,Tablet,2024-01-02 06:00:00,1,300,0,signup,0
1802,Sweden,Direct,Premium,Desktop,2024-01-02 06:01:00,4,300,0,form_started,0
1803,Sweden,Organic,Premium,Mobile,2024-01-02 06:02:00,10,300,1,completed,300
1804,Denmark,Direct,Premium,Desktop,2024-01-02 06:03:00,15,300,1,completed,300
1805,Sweden,Organic,Basic,Tablet,2024-01-02 06:04:00,1,100,0,signup,0
1806,Sweden,Paid,Pro,Mobile,2024-01-02 06:05:00,15,500,0,form_started,0
1807,Norway,Paid,Pro,Mobile,2024-01-02 06:06:00,3,500,1,completed,500
1808,Sweden,Organic,Basic,Tablet,2024-01-02 06:07:00,1,100,0,form_started,0
1809,Sweden,Paid,Basic,Tablet,2024-01-02 06:08:00,6,100,0,form_started,0
1810,Sweden,Paid,Premium,Mobile,2024-01-02 06:09:00,19,300,0,form_started,0
1811,Norway,Organic,Premium,Desktop,2024-01-02 06:10:00,4,300,1,completed,300
1812,Denmark,Paid,Basic,Tablet,2024-01-02 06:11:00,12,100,0,signup,0
1813,Norway,Direct,Pro,Mobile,2024-01-02 06:12:00,2,500,0,form_started,0
1814,Norway,Paid,Premium,Tablet,2024-01-02 06:13:00,17,300,0,signup,0
1815,Denmark,Organic,Basic,Desktop,2024-01-02 06:14:00,6,100,1,completed,100
1816,Norway,Direct,Basic,Desktop,2024-01-02 06:15:00,12,100,0,signup,0
1817,Denmark,Direct,Basic,Mobile,2024-01-02 06:16:00,15,100,1,completed,100
1818,Norway,Paid,Premium,Desktop,2024-01-02 06:17:00,17,300,1,completed,300
1819,Denmark,Direct,Basic,Desktop,2024-01-02 06:18:00,1,100,0,form_started,0
1820,Sweden,Organic,Pro,Desktop,2024-01-02 06:19:00,14,500,1,completed,500
1821,Norway,Direct,Basic,Tablet,2024-01-02 06:20:00,2,100,0,form_started,0
1822,Norway,Paid,Premium,Mobile,2024-01-02 06:21:00,4,300,1,completed,300
1823,Norway,Paid,Pro,Mobile,2024-01-02 06:22:00,2,500,1,completed,500
1824,Norway,Direct,Pro,Mobile,2024-01-02 06:23:00,14,500,1,completed,500
1825,Sweden,Organic,Basic,Desktop,2024-01-02 06:24:00,18,100,1,completed,100
1826,Norway,Organic,Basic,Tablet,2024-01-02 06:25:00,8,100,1,completed,100
1827,Sweden,Paid,Pro,Mobile,2024-01-02 06:26:00,1,500,0,form_started,0
1828,Sweden,Paid,Basic,Tablet,2024-01-02 06:27:00,16,100,0,form_started,0
1829,Sweden,Organic,Premium,Mobile,2024-01-02 06:28:00,7,300,0,form_started,0
1830,Sweden,Direct,Pro,Desktop,2024-01-02 06:29:00,6,500,0,signup,0
1831,Denmark,Direct,Basic,Mobile,2024-01-02 06:30:00,19,100,1,completed,100
1832,Denmark,Direct,Pro,Mobile,2024-01-02 06:31:00,10,500,0,form_started,0
1833,Norway,Direct,Basic,Desktop,2024-01-02 06:32:00,6,100,0,form_started,0
1834,Denmark,Organic,Basic,Desktop,2024-01-02 06:33:00,10,100,1,completed,100
1835,Denmark,Paid,Premium,Mobile,2024-01-02 06:34:00,19,300,1,completed,300
1836,Norway,Paid,Basic,Tablet,2024-01-02 06:35:00,3,100,1,completed,100
1837,Norway,Direct,Basic,Desktop,2024-01-02 06:36:00,3,100,1,completed,100
1838,Norway,Organic,Basic,Mobile,2024-01-02 06:37:00,6,100,0,signup,0
1839,Denmark,Organic,Premium,Desktop,2024-01-02 06:38:00,17,300,1,completed,300
1840,Denmark,Direct,Basic,Tablet,2024-01-02 06:39:00,18,100,0,form_started,0
1841,Norway,Direct,Basic,Mobile,2024-01-02 06:40:00,10,100,1,completed,100
1842,Sweden,Direct,Basic,Mobile,2024-01-02 06:41:00,6,100,0,signup,0
1843,Norway,Paid,Pro,Tablet,2024-01-02 06:42:00,13,500,1,completed,500
1844,Sweden,Direct,Premium,Tablet,2024-01-02 06:43:00,6,300,0,form_started,0
1845,Sweden,Paid,Pro,Mobile,2024-01-02 06:44:00,12,500,0,signup,0
1846,Norway,Organic,Premium,Tablet,2024-01-02 06:45:00,14,300,1,completed,300
1847,Norway,Organic,Premium,Tablet,2024-01-02 06:46:00,17,300,1,completed,300
1848,Norway,Paid,Pro,Mobile,2024-01-02 06:47:00,8,500,1,completed,500
1849,Denmark,Paid,Premium,Desktop,2024-01-02 06:48:00,5,300,0,signup,0
1850,Sweden,Paid,Premium,Tablet,2024-01-02 06:49:00,4,300,0,form_started,0
1851,Denmark,Paid,Pro,Desktop,2024-01-02 06:50:00,6,500,0,form_started,0
1852,Denmark,Direct,Basic,Desktop,2024-01-02 06:51:00,11,100,0,signup,0
1853,Norway,Organic,Premium,Desktop,2024-01-02 06:52:00,5,300,0,form_started,0
1854,Denmark,Direct,Pro,Tablet,2024-01-02 06:53:00,14,500,1,completed,500
1855,Norway,Paid,Premium,Mobile,2024-01-02 06:54:00,10,300,0,signup,0
1856,Sweden,Direct,Pro,Mobile,2024-01-02 06:55:00,11,500,1,completed,500
1857,Norway,Direct,Basic,Mobile,2024-01-02 06:56:00,3,100,0,signup,0
1858,Denmark,Organic,Premium,Mobile,2024-01-02 06:57:00,8,300,0,signup,0
1859,Denmark,Direct,Basic,Mobile,2024-01-02 06:58:00,5,100,0,signup,0
1860,Norway,Organic,Basic,Mobile,2024-01-02 06:59:00,10,100,1,completed,100
1861,Norway,Paid,Pro,Desktop,2024-01-02 07:00:00,8,500,1,completed,500
1862,Denmark,Direct,Premium,Desktop,2024-01-02 07:01:00,9,300,0,signup,0
1863,Sweden,Paid,Premium,Desktop,2024-01-02 07:02:00,15,300,0,form_started,0
1864,Sweden,Organic,Premium,Tablet,2024-01-02 07:03:00,1,300,0,signup,0
1865,Norway,Paid,Premium,Tablet,2024-01-02 07:04:00,5,300,1,completed,300
1866,Sweden,Paid,Premium,Tablet,2024-01-02 07:05:00,15,300,1,completed,300
1867,Denmark,Organic,Pro,Mobile,2024-01-02 07:06:00,4,500,0,form_started,0
1868,Norway,Paid,Premium,Desktop,2024-01-02 07:07:00,19,300,0,form_started,0
1869,Denmark,Paid,Basic,Tablet,2024-01-02 07:08:00,10,100,0,signup,0
1870,Denmark,Paid,Basic,Desktop,2024-01-02 07:09:00,2,100,0,form_started,0
1871,Sweden,Direct,Premium,Mobile,2024-01-02 07:10:00,5,300,0,signup,0
1872,Norway,Paid,Pro,Desktop,2024-01-02 07:11:00,18,500,0,form_started,0
1873,Norway,Organic,Pro,Mobile,2024-01-02 07:12:00,6,500,0,form_started,0
1874,Sweden,Direct,Premium,Tablet,2024-01-02 07:13:00,10,300,0,signup,0
1875,Denmark,Direct,Basic,Mobile,2024-01-02 07:14:00,15,100,0,signup,0
1876,Denmark,Organic,Premium,Mobile,2024-01-02 07:15:00,9,300,0,form_started,0
1877,Denmark,Paid,Premium,Desktop,2024-01-02 07:16:00,13,300,0,form_started,0
1878,Denmark,Direct,Premium,Mobile,2024-01-02 07:17:00,18,300,1,completed,300
1879,Norway,Direct,Pro,Tablet,2024-01-02 07:18:00,7,500,0,form_started,0
1880,Norway,Direct,Pro,Tablet,2024-01-02 07:19:00,2,500,0,signup,0
1881,Sweden,Paid,Basic,Mobile,2024-01-02 07:20:00,16,100,1,completed,100
1882,Sweden,Direct,Basic,Desktop,2024-01-02 07:21:00,2,100,1,completed,100
1883,Norway,Organic,Premium,Tablet,2024-01-02 07:22:00,4,300,0,signup,0
1884,Norway,Paid,Basic,Tablet,2024-01-02 07:23:00,2,100,0,form_started,0
1885,Denmark,Organic,Premium,Mobile,2024-01-02 07:24:00,17,300,1,completed,300
1886,Denmark,Organic,Basic,Mobile,2024-01-02 07:25:00,6,100,1,completed,100
1887,Sweden,Direct,Premium,Tablet,2024-01-02 07:26:00,10,300,0,signup,0
1888,Norway,Direct,Pro,Mobile,2024-01-02 07:27:00,14,500,0,signup,0
1889,Sweden,Direct,Premium,Mobile,2024-01-02 07:28:00,15,300,1,completed,300
1890,Norway,Organic,Pro,Tablet,2024-01-02 07:29:00,12,500,0,form_started,0
1891,Denmark,Paid,Pro,Desktop,2024-01-02 07:30:00,19,500,1,completed,500
1892,Sweden,Direct,Basic,Desktop,2024-01-02 07:31:00,11,100,0,signup,0
1893,Sweden,Direct,Basic,Tablet,2024-01-02 07:32:00,1,100,1,completed,100
1894,Norway,Organic,Pro,Mobile,2024-01-02 07:33:00,8,500,0,form_started,0
1895,Denmark,Paid,Premium,Tablet,2024-01-02 07:34:00,6,300,0,form_started,0
1896,Sweden,Organic,Premium,Tablet,2024-01-02 07:35:00,12,300,1,completed,300
1897,Denmark,Direct,Basic,Mobile,2024-01-02 07:36:00,16,100,0,signup,0
1898,Sweden,Organic,Premium,Desktop,2024-01-02 07:37:00,18,300,0,signup,0
1899,Denmark,Direct,Premium,Desktop,2024-01-02 07:38:00,12,300,1,completed,300
1900,Norway,Paid,Premium,Mobile,2024-01-02 07:39:00,2,300,0,form_started,0
1901,Sweden,Organic,Pro,Tablet,2024-01-02 07:40:00,7,500,0,form_started,0
1902,Sweden,Direct,Pro,Mobile,2024-01-02 07:41:00,9,500,0,signup,0
1903,Denmark,Direct,Premium,Tablet,2024-01-02 07:42:00,18,300,0,form_started,0
1904,Denmark,Direct,Basic,Mobile,2024-01-02 07:43:00,9,100,1,completed,100
1905,Sweden,Direct,Premium,Mobile,2024-01-02 07:44:00,8,300,1,completed,300
1906,Norway,Organic,Basic,Desktop,2024-01-02 07:45:00,1,100,0,form_started,0
1907,Denmark,Direct,Pro,Desktop,2024-01-02 07:46:00,5,500,0,signup,0
1908,Denmark,Organic,Premium,Mobile,2024-01-02 07:47:00,16,300,0,signup,0
1909,Denmark,Direct,Premium,Mobile,2024-01-02 07:48:00,14,300,1,completed,300
1910,Sweden,Organic,Basic,Desktop,2024-01-02 07:49:00,13,100,1,completed,100
1911,Sweden,Organic,Basic,Tablet,2024-01-02 07:50:00,11,100,1,completed,100
1912,Sweden,Direct,Premium,Desktop,2024-01-02 07:51:00,13,300,1,completed,300
1913,Sweden,Direct,Premium,Tablet,2024-01-02 07:52:00,15,300,0,form_started,0
1914,Norway,Direct,Basic,Desktop,2024-01-02 07:53:00,16,100,0,form_started,0
1915,Norway,Direct,Pro,Desktop,2024-01-02 07:54:00,13,500,0,form_started,0
1916,Sweden,Paid,Basic,Tablet,2024-01-02 07:55:00,8,100,0,form_started,0
1917,Norway,Direct,Premium,Mobile,2024-01-02 07:56:00,18,300,0,form_started,0
1918,Denmark,Direct,Pro,Desktop,2024-01-02 07:57:00,19,500,1,completed,500
1919,Denmark,Direct,Pro,Desktop,2024-01-02 07:58:00,15,500,0,signup,0
1920,Denmark,Organic,Pro,Desktop,2024-01-02 07:59:00,10,500,0,form_started,0
1921,Sweden,Direct,Pro,Mobile,2024-01-02 08:00:00,4,500,0,form_started,0
1922,Denmark,Organic,Premium,Desktop,2024-01-02 08:01:00,6,300,1,completed,300
1923,Norway,Organic,Pro,Mobile,2024-01-02 08:02:00,8,500,0,form_started,0
1924,Sweden,Organic,Basic,Desktop,2024-01-02 08:03:00,7,100,0,form_started,0
1925,Norway,Organic,Basic,Tablet,2024-01-02 08:04:00,12,100,0,signup,0
1926,Denmark,Paid,Basic,Desktop,2024-01-02 08:05:00,18,100,1,completed,100
1927,Denmark,Direct,Premium,Desktop,2024-01-02 08:06:00,18,300,0,form_started,0
1928,Denmark,Organic,Pro,Mobile,2024-01-02 08:07:00,19,500,1,completed,500
1929,Sweden,Direct,Basic,Mobile,2024-01-02 08:08:00,4,100,0,form_started,0
1930,Norway,Organic,Basic,Mobile,2024-01-02 08:09:00,1,100,1,completed,100
1931,Sweden,Paid,Basic,Tablet,2024-01-02 08:10:00,5,100,1,completed,100
1932,Sweden,Organic,Pro,Tablet,2024-01-02 08:11:00,7,500,0,form_started,0
1933,Denmark,Direct,Basic,Mobile,2024-01-02 08:12:00,11,100,0,form_started,0
1934,Sweden,Direct,Pro,Tablet,2024-01-02 08:13:00,11,500,0,signup,0
1935,Sweden,Paid,Pro,Mobile,2024-01-02 08:14:00,10,500,1,completed,500
1936,Denmark,Direct,Pro,Tablet,2024-01-02 08:15:00,7,500,0,signup,0
1937,Sweden,Direct,Premium,Mobile,2024-01-02 08:16:00,16,300,0,form_started,0
1938,Denmark,Organic,Premium,Mobile,2024-01-02 08:17:00,1,300,0,signup,0
1939,Denmark,Direct,Pro,Tablet,2024-01-02 08:18:00,1,500,1,completed,500
1940,Denmark,Organic,Pro,Desktop,2024-01-02 08:19:00,12,500,0,form_started,0
1941,Denmark,Paid,Premium,Mobile,2024-01-02 08:20:00,16,300,0,signup,0
1942,Sweden,Direct,Premium,Mobile,2024-01-02 08:21:00,5,300,0,signup,0
1943,Denmark,Organic,Pro,Desktop,2024-01-02 08:22:00,14,500,0,signup,0
1944,Denmark,Direct,Premium,Mobile,2024-01-02 08:23:00,18,300,0,signup,0
1945,Sweden,Organic,Basic,Mobile,2024-01-02 08:24:00,9,100,1,completed,100
1946,Sweden,Paid,Pro,Tablet,2024-01-02 08:25:00,2,500,0,form_started,0
1947,Norway,Organic,Pro,Desktop,2024-01-02 08:26:00,12,500,0,signup,0
1948,Sweden,Direct,Premium,Mobile,2024-01-02 08:27:00,10,300,0,signup,0
1949,Sweden,Organic,Basic,Mobile,2024-01-02 08:28:00,2,100,1,completed,100
1950,Norway,Direct,Premium,Desktop,2024-01-02 08:29:00,15,300,0,signup,0
1951,Sweden,Paid,Basic,Desktop,2024-01-02 08:30:00,4,100,1,completed,100
1952,Sweden,Organic,Basic,Tablet,2024-01-02 08:31:00,19,100,0,signup,0
1953,Sweden,Direct,Pro,Tablet,2024-01-02 08:32:00,4,500,0,form_started,0
1954,Sweden,Direct,Basic,Tablet,2024-01-02 08:33:00,9,100,1,completed,100
1955,Norway,Direct,Pro,Mobile,2024-01-02 08:34:00,13,500,0,form_started,0
1956,Sweden,Organic,Basic,Desktop,2024-01-02 08:35:00,10,100,1,completed,100
1957,Sweden,Organic,Pro,Tablet,2024-01-02 08:36:00,14,500,1,completed,500
1958,Norway,Organic,Basic,Desktop,2024-01-02 08:37:00,3,100,0,form_started,0
1959,Denmark,Paid,Premium,Mobile,2024-01-02 08:38:00,3,300,1,completed,300
1960,Norway,Direct,Basic,Mobile,2024-01-02 08:39:00,16,100,0,form_started,0
1961,Denmark,Direct,Premium,Desktop,2024-01-02 08:40:00,9,300,1,completed,300
1962,Norway,Paid,Basic,Desktop,2024-01-02 08:41:00,14,100,0,form_started,0
1963,Norway,Paid,Basic,Tablet,2024-01-02 08:42:00,16,100,0,signup,0
1964,Sweden,Organic,Pro,Desktop,2024-01-02 08:43:00,9,500,0,form_started,0
1965,Denmark,Organic,Basic,Tablet,2024-01-02 08:44:00,5,100,1,completed,100
1966,Sweden,Organic,Basic,Desktop,2024-01-02 08:45:00,13,100,0,signup,0
1967,Denmark,Organic,Basic,Desktop,2024-01-02 08:46:00,15,100,0,signup,0
1968,Norway,Organic,Premium,Desktop,2024-01-02 08:47:00,4,300,0,signup,0
1969,Norway,Organic,Pro,Mobile,2024-01-02 08:48:00,14,500,1,completed,500
1970,Denmark,Paid,Pro,Mobile,2024-01-02 08:49:00,7,500,0,form_started,0
1971,Sweden,Paid,Basic,Mobile,2024-01-02 08:50:00,4,100,0,signup,0
1972,Sweden,Paid,Basic,Tablet,2024-01-02 08:51:00,17,100,0,signup,0
1973,Sweden,Direct,Premium,Tablet,2024-01-02 08:52:00,9,300,0,signup,0
1974,Sweden,Direct,Basic,Mobile,2024-01-02 08:53:00,4,100,0,signup,0
1975,Norway,Organic,Pro,Mobile,2024-01-02 08:54:00,3,500,0,form_started,0
1976,Norway,Paid,Pro,Desktop,2024-01-02 08:55:00,19,500,0,signup,0
1977,Norway,Direct,Premium,Desktop,2024-01-02 08:56:00,9,300,0,signup,0
1978,Norway,Direct,Premium,Tablet,2024-01-02 08:57:00,8,300,0,form_started,0
1979,Norway,Paid,Pro,Tablet,2024-01-02 08:58:00,7,500,0,form_started,0
1980,Sweden,Direct,Premium,Desktop,2024-01-02 08:59:00,7,300,1,completed,300
1981,Sweden,Direct,Basic,Tablet,2024-01-02 09:00:00,4,100,0,form_started,0
1982,Sweden,Paid,Basic,Mobile,2024-01-02 09:01:00,19,100,0,signup,0
1983,Sweden,Direct,Premium,Desktop,2024-01-02 09:02:00,12,300,0,signup,0
1984,Norway,Paid,Pro,Desktop,2024-01-02 09:03:00,6,500,0,signup,0
1985,Norway,Direct,Premium,Tablet,2024-01-02 09:04:00,12,300,1,completed,300
1986,Norway,Paid,Pro,Desktop,2024-01-02 09:05:00,4,500,0,form_started,0
1987,Denmark,Direct,Premium,Desktop,2024-01-02 09:06:00,2,300,0,form_started,0
1988,Sweden,Direct,Premium,Mobile,2024-01-02 09:07:00,15,300,1,completed,300
1989,Sweden,Paid,Premium,Desktop,2024-01-02 09:08:00,6,300,1,completed,300
1990,Norway,Direct,Basic,Desktop,2024-01-02 09:09:00,18,100,1,completed,100
1991,Sweden,Paid,Basic,Desktop,2024-01-02 09:10:00,5,100,1,completed,100
1992,Sweden,Paid,Pro,Desktop,2024-01-02 09:11:00,4,500,0,signup,0
1993,Norway,Direct,Premium,Mobile,2024-01-02 09:12:00,11,300,1,completed,300
1994,Denmark,Organic,Basic,Desktop,2024-01-02 09:13:00,11,100,1,completed,100
1995,Denmark,Direct,Premium,Mobile,2024-01-02 09:14:00,9,300,0,form_started,0
1996,Denmark,Organic,Pro,Mobile,2024-01-02 09:15:00,3,500,1,completed,500
1997,Norway,Organic,Basic,Mobile,2024-01-02 09:16:00,11,100,0,form_started,0
1998,Sweden,Direct,Pro,Tablet,2024-01-02 09:17:00,2,500,1,completed,500
1999,Norway,Organic,Basic,Tablet,2024-01-02 09:18:00,9,100,0,form_started,0
2000,Norway,Paid,Premium,Desktop,2024-01-02 09:19:00,10,300,0,form_started,0
2001,Sweden,Paid,Pro,Mobile,2024-01-02 09:20:00,11,500,0,signup,0
2002,Denmark,Organic,Basic,Tablet,2024-01-02 09:21:00,3,100,0,signup,0
2003,Denmark,Paid,Basic,Desktop,2024-01-02 09:22:00,17,100,0,signup,0
2004,Norway,Direct,Premium,Tablet,2024-01-02 09:23:00,11,300,0,signup,0
2005,Denmark,Paid,Pro,Mobile,2024-01-02 09:24:00,17,500,1,completed,500
2006,Norway,Organic,Pro,Desktop,2024-01-02 09:25:00,19,500,1,completed,500
2007,Norway,Direct,Pro,Mobile,2024-01-02 09:26:00,4,500,0,signup,0
2008,Sweden,Paid,Premium,Mobile,2024-01-02 09:27:00,2,300,1,completed,300
2009,Sweden,Direct,Basic,Tablet,2024-01-02 09:28:00,14,100,0,form_started,0
2010,Sweden,Organic,Basic,Desktop,2024-01-02 09:29:00,15,100,1,completed,100
2011,Norway,Paid,Pro,Desktop,2024-01-02 09:30:00,3,500,0,signup,0
2012,Sweden,Direct,Basic,Desktop,2024-01-02 09:31:00,13,100,1,completed,100
2013,Denmark,Direct,Pro,Tablet,2024-01-02 09:32:00,13,500,1,completed,500
2014,Denmark,Paid,Premium,Desktop,2024-01-02 09:33:00,18,300,0,signup,0
2015,Norway,Direct,Premium,Tablet,2024-01-02 09:34:00,7,300,0,form_started,0
2016,Norway,Direct,Premium,Desktop,2024-01-02 09:35:00,16,300,1,completed,300
2017,Sweden,Organic,Pro,Tablet,2024-01-02 09:36:00,16,500,1,completed,500
2018,Norway,Organic,Basic,Desktop,2024-01-02 09:37:00,6,100,0,form_started,0
2019,Norway,Organic,Premium,Tablet,2024-01-02 09:38:00,6,300,0,form_started,0
2020,Denmark,Organic,Pro,Mobile,2024-01-02 09:39:00,4,500,1,completed,500
2021,Denmark,Organic,Pro,Mobile,2024-01-02 09:40:00,3,500,1,completed,500
2022,Sweden,Organic,Premium,Mobile,2024-01-02 09:41:00,1,300,0,form_started,0
2023,Norway,Paid,Premium,Desktop,2024-01-02 09:42:00,3,300,1,completed,300
2024,Norway,Organic,Premium,Tablet,2024-01-02 09:43:00,19,300,0,form_started,0
2025,Denmark,Direct,Basic,Mobile,2024-01-02 09:44:00,9,100,1,completed,100
2026,Norway,Paid,Basic,Desktop,2024-01-02 09:45:00,14,100,1,completed,100
2027,Denmark,Direct,Pro,Tablet,2024-01-02 09:46:00,19,500,0,form_started,0
2028,Sweden,Organic,Premium,Mobile,2024-01-02 09:47:00,19,300,0,form_started,0
2029,Denmark,Organic,Premium,Mobile,2024-01-02 09:48:00,13,300,0,form_started,0
2030,Norway,Direct,Basic,Desktop,2024-01-02 09:49:00,16,100,0,signup,0
2031,Sweden,Direct,Premium,Tablet,2024-01-02 09:50:00,8,300,1,completed,300
2032,Denmark,Direct,Pro,Desktop,2024-01-02 09:51:00,16,500,1,completed,500
2033,Denmark,Paid,Premium,Mobile,2024-01-02 09:52:00,9,300,0,form_started,0
2034,Sweden,Organic,Basic,Desktop,2024-01-02 09:53:00,9,100,1,completed,100
2035,Sweden,Direct,Pro,Desktop,2024-01-02 09:54:00,3,500,0,form_started,0
2036,Denmark,Organic,Pro,Mobile,2024-01-02 09:55:00,7,500,1,completed,500
2037,Norway,Direct,Premium,Mobile,2024-01-02 09:56:00,18,300,1,completed,300
2038,Denmark,Organic,Pro,Tablet,2024-01-02 09:57:00,2,500,1,completed,500
2039,Sweden,Paid,Premium,Tablet,2024-01-02 09:58:00,1,300,0,signup,0
2040,Denmark,Organic,Premium,Mobile,2024-01-02 09:59:00,12,300,0,signup,0
2041,Sweden,Direct,Basic,Mobile,2024-01-02 10:00:00,16,100,0,signup,0
2042,Sweden,Organic,Pro,Tablet,2024-01-02 10:01:00,12,500,0,form_started,0
2043,Norway,Paid,Premium,Desktop,2024-01-02 10:02:00,10,300,0,signup,0
2044,Sweden,Paid,Premium,Mobile,2024-01-02 10:03:00,9,300,1,completed,300
2045,Sweden,Organic,Premium,Mobile,2024-01-02 10:04:00,18,300,0,signup,0
2046,Norway,Direct,Pro,Desktop,2024-01-02 10:05:00,4,500,0,form_started,0
2047,Sweden,Paid,Pro,Tablet,2024-01-02 10:06:00,8,500,0,signup,0
2048,Norway,Paid,Pro,Tablet,2024-01-02 10:07:00,4,500,0,signup,0
2049,Norway,Organic,Premium,Desktop,2024-01-02 10:08:00,16,300,1,completed,300
2050,Sweden,Paid,Pro,Mobile,2024-01-02 10:09:00,8,500,0,form_started,0
2051,Sweden,Paid,Premium,Desktop,2024-01-02 10:10:00,7,300,0,signup,0
2052,Denmark,Direct,Pro,Mobile,2024-01-02 10:11:00,13,500,0,form_started,0
2053,Norway,Direct,Pro,Tablet,2024-01-02 10:12:00,8,500,0,signup,0
2054,Denmark,Direct,Premium,Mobile,2024-01-02 10:13:00,7,300,0,signup,0
2055,Sweden,Organic,Pro,Mobile,2024-01-02 10:14:00,5,500,1,completed,500
2056,Denmark,Paid,Premium,Mobile,2024-01-02 10:15:00,18,300,1,completed,300
2057,Norway,Organic,Pro,Mobile,2024-01-02 10:16:00,19,500,0,signup,0
2058,Denmark,Paid,Pro,Mobile,2024-01-02 10:17:00,10,500,0,form_started,0
2059,Norway,Paid,Pro,Tablet,2024-01-02 10:18:00,11,500,1,completed,500
2060,Sweden,Paid,Pro,Desktop,2024-01-02 10:19:00,8,500,0,signup,0
2061,Sweden,Direct,Basic,Tablet,2024-01-02 10:20:00,6,100,0,signup,0
2062,Norway,Organic,Premium,Mobile,2024-01-02 10:21:00,11,300,0,signup,0
2063,Sweden,Organic,Basic,Desktop,2024-01-02 10:22:00,16,100,1,completed,100
2064,Sweden,Paid,Pro,Mobile,2024-01-02 10:23:00,4,500,1,completed,500
2065,Sweden,Organic,Pro,Tablet,2024-01-02 10:24:00,2,500,0,signup,0
2066,Sweden,Direct,Premium,Tablet,2024-01-02 10:25:00,13,300,0,signup,0
2067,Norway,Organic,Premium,Mobile,2024-01-02 10:26:00,7,300,1,completed,300
2068,Denmark,Paid,Premium,Mobile,2024-01-02 10:27:00,17,300,1,completed,300
2069,Denmark,Direct,Premium,Desktop,2024-01-02 10:28:00,13,300,1,completed,300
2070,Sweden,Direct,Pro,Desktop,2024-01-02 10:29:00,10,500,1,completed,500
2071,Denmark,Paid,Premium,Mobile,2024-01-02 10:30:00,13,300,1,completed,300
2072,Denmark,Organic,Basic,Desktop,2024-01-02 10:31:00,10,100,0,signup,0
2073,Sweden,Paid,Premium,Mobile,2024-01-02 10:32:00,7,300,0,form_started,0
2074,Sweden,Organic,Premium,Mobile,2024-01-02 10:33:00,10,300,0,form_started,0
2075,Denmark,Organic,Basic,Mobile,2024-01-02 10:34:00,16,100,0,form_started,0
2076,Norway,Direct,Basic,Tablet,2024-01-02 10:35:00,3,100,0,form_started,0
2077,Sweden,Paid,Basic,Mobile,2024-01-02 10:36:00,4,100,1,completed,100
2078,Norway,Direct,Basic,Mobile,2024-01-02 10:37:00,4,100,0,form_started,0
2079,Denmark,Paid,Premium,Mobile,2024-01-02 10:38:00,4,300,1,completed,300
2080,Sweden,Paid,Basic,Desktop,2024-01-02 10:39:00,16,100,0,signup,0
2081,Norway,Direct,Pro,Mobile,2024-01-02 10:40:00,9,500,1,completed,500
2082,Sweden,Paid,Premium,Tablet,2024-01-02 10:41:00,6,300,0,form_started,0
2083,Denmark,Paid,Pro,Tablet,2024-01-02 10:42:00,10,500,1,completed,500
2084,Norway,Organic,Premium,Mobile,2024-01-02 10:43:00,4,300,0,signup,0
2085,Denmark,Paid,Premium,Mobile,2024-01-02 10:44:00,12,300,0,form_started,0
2086,Denmark,Paid,Pro,Mobile,2024-01-02 10:45:00,10,500,0,signup,0
2087,Sweden,Direct,Basic,Tablet,2024-01-02 10:46:00,12,100,0,form_started,0
2088,Norway,Direct,Basic,Desktop,2024-01-02 10:47:00,19,100,0,signup,0
2089,Denmark,Paid,Pro,Desktop,2024-01-02 10:48:00,19,500,0,signup,0
2090,Denmark,Organic,Basic,Mobile,2024-01-02 10:49:00,1,100,0,form_started,0
2091,Norway,Organic,Premium,Desktop,2024-01-02 10:50:00,4,300,1,completed,300
2092,Denmark,Direct,Premium,Tablet,2024-01-02 10:51:00,13,300,1,completed,300
2093,Denmark,Paid,Premium,Mobile,2024-01-02 10:52:00,8,300,1,completed,300
2094,Norway,Paid,Basic,Desktop,2024-01-02 10:53:00,14,100,0,form_started,0
2095,Norway,Organic,Basic,Mobile,2024-01-02 10:54:00,16,100,0,signup,0
2096,Norway,Organic,Pro,Mobile,2024-01-02 10:55:00,2,500,1,completed,500
2097,Norway,Organic,Premium,Tablet,2024-01-02 10:56:00,8,300,0,form_started,0
2098,Sweden,Direct,Pro,Tablet,2024-01-02 10:57:00,13,500,0,form_started,0
2099,Norway,Paid,Basic,Desktop,2024-01-02 10:58:00,1,100,1,completed,100
2100,Sweden,Direct,Pro,Tablet,2024-01-02 10:59:00,12,500,0,signup,0
2101,Sweden,Paid,Basic,Mobile,2024-01-02 11:00:00,17,100,0,signup,0
2102,Sweden,Direct,Premium,Tablet,2024-01-02 11:01:00,7,300,1,completed,300
2103,Denmark,Paid,Premium,Desktop,2024-01-02 11:02:00,16,300,1,completed,300
2104,Sweden,Organic,Basic,Desktop,2024-01-02 11:03:00,14,100,1,completed,100
2105,Sweden,Organic,Basic,Desktop,2024-01-02 11:04:00,10,100,0,signup,0
2106,Denmark,Organic,Basic,Tablet,2024-01-02 11:05:00,3,100,1,completed,100
2107,Denmark,Direct,Premium,Tablet,2024-01-02 11:06:00,12,300,1,completed,300
2108,Denmark,Organic,Basic,Tablet,2024-01-02 11:07:00,8,100,1,completed,100
2109,Norway,Paid,Premium,Tablet,2024-01-02 11:08:00,16,300,1,completed,300
2110,Denmark,Direct,Pro,Tablet,2024-01-02 11:09:00,1,500,0,form_started,0
2111,Denmark,Paid,Premium,Desktop,2024-01-02 11:10:00,17,300,0,signup,0
2112,Sweden,Direct,Pro,Desktop,2024-01-02 11:11:00,6,500,1,completed,500
2113,Denmark,Paid,Premium,Tablet,2024-01-02 11:12:00,1,300,1,completed,300
2114,Norway,Paid,Premium,Mobile,2024-01-02 11:13:00,15,300,0,signup,0
2115,Denmark,Direct,Basic,Desktop,2024-01-02 11:14:00,13,100,1,completed,100
2116,Norway,Direct,Premium,Mobile,2024-01-02 11:15:00,6,300,0,form_started,0
2117,Denmark,Organic,Basic,Mobile,2024-01-02 11:16:00,13,100,0,signup,0
2118,Denmark,Organic,Basic,Desktop,2024-01-02 11:17:00,4,100,0,signup,0
2119,Denmark,Paid,Basic,Mobile,2024-01-02 11:18:00,1,100,0,form_started,0
2120,Denmark,Paid,Premium,Mobile,2024-01-02 11:19:00,10,300,0,signup,0
2121,Norway,Paid,Basic,Desktop,2024-01-02 11:20:00,4,100,1,completed,100
2122,Norway,Direct,Pro,Desktop,2024-01-02 11:21:00,13,500,0,form_started,0
2123,Sweden,Direct,Pro,Tablet,2024-01-02 11:22:00,4,500,0,form_started,0
2124,Norway,Organic,Premium,Desktop,2024-01-02 11:23:00,16,300,1,completed,300
2125,Denmark,Paid,Basic,Mobile,2024-01-02 11:24:00,9,100,0,signup,0
2126,Sweden,Organic,Pro,Desktop,2024-01-02 11:25:00,4,500,1,completed,500
2127,Sweden,Direct,Premium,Tablet,2024-01-02 11:26:00,8,300,1,completed,300
2128,Sweden,Direct,Premium,Desktop,2024-01-02 11:27:00,4,300,0,signup,0
2129,Denmark,Direct,Premium,Mobile,2024-01-02 11:28:00,9,300,1,completed,300
2130,Norway,Organic,Premium,Desktop,2024-01-02 11:29:00,11,300,1,completed,300
2131,Denmark,Direct,Premium,Mobile,2024-01-02 11:30:00,5,300,1,completed,300
2132,Sweden,Paid,Basic,Desktop,2024-01-02 11:31:00,9,100,0,form_started,0
2133,Denmark,Organic,Basic,Tablet,2024-01-02 11:32:00,8,100,0,form_started,0
2134,Denmark,Direct,Basic,Tablet,2024-01-02 11:33:00,4,100,0,form_started,0
2135,Norway,Organic,Basic,Desktop,2024-01-02 11:34:00,1,100,1,completed,100
2136,Norway,Organic,Premium,Mobile,2024-01-02 11:35:00,13,300,1,completed,300
2137,Sweden,Direct,Premium,Tablet,2024-01-02 11:36:00,5,300,1,completed,300
2138,Denmark,Direct,Pro,Mobile,2024-01-02 11:37:00,10,500,0,form_started,0
2139,Denmark,Organic,Pro,Desktop,2024-01-02 11:38:00,16,500,0,form_started,0
2140,Norway,Organic,Basic,Tablet,2024-01-02 11:39:00,8,100,0,form_started,0
2141,Denmark,Direct,Premium,Tablet,2024-01-02 11:40:00,12,300,0,form_started,0
2142,Denmark,Paid,Pro,Mobile,2024-01-02 11:41:00,3,500,1,completed,500
2143,Denmark,Organic,Pro,Tablet,2024-01-02 11:42:00,4,500,0,signup,0
2144,Norway,Organic,Pro,Mobile,2024-01-02 11:43:00,17,500,0,form_started,0
2145,Sweden,Paid,Pro,Mobile,2024-01-02 11:44:00,13,500,1,completed,500
2146,Sweden,Direct,Basic,Desktop,2024-01-02 11:45:00,6,100,0,signup,0
2147,Denmark,Direct,Premium,Mobile,2024-01-02 11:46:00,3,300,1,completed,300
2148,Sweden,Paid,Basic,Tablet,2024-01-02 11:47:00,14,100,0,form_started,0
2149,Norway,Direct,Pro,Mobile,2024-01-02 11:48:00,7,500,1,completed,500
2150,Norway,Direct,Pro,Tablet,2024-01-02 11:49:00,3,500,0,signup,0
2151,Sweden,Organic,Premium,Mobile,2024-01-02 11:50:00,6,300,0,signup,0
2152,Sweden,Organic,Premium,Desktop,2024-01-02 11:51:00,13,300,1,completed,300
2153,Denmark,Organic,Basic,Desktop,2024-01-02 11:52:00,14,100,1,completed,100
2154,Sweden,Paid,Premium,Mobile,2024-01-02 11:53:00,15,300,0,form_started,0
2155,Denmark,Direct,Basic,Mobile,2024-01-02 11:54:00,16,100,1,completed,100
2156,Denmark,Direct,Basic,Mobile,2024-01-02 11:55:00,1,100,1,completed,100
2157,Norway,Organic,Pro,Desktop,2024-01-02 11:56:00,15,500,0,form_started,0
2158,Norway,Organic,Basic,Mobile,2024-01-02 11:57:00,7,100,1,completed,100
2159,Norway,Paid,Pro,Mobile,2024-01-02 11:58:00,9,500,0,signup,0
2160,Norway,Direct,Basic,Tablet,2024-01-02 11:59:00,15,100,0,signup,0
2161,Sweden,Paid,Basic,Desktop,2024-01-02 12:00:00,14,100,0,signup,0
2162,Norway,Direct,Premium,Desktop,2024-01-02 12:01:00,19,300,0,form_started,0
2163,Sweden,Paid,Premium,Mobile,2024-01-02 12:02:00,18,300,0,form_started,0
2164,Norway,Organic,Pro,Mobile,2024-01-02 12:03:00,9,500,0,form_started,0
2165,Sweden,Paid,Premium,Tablet,2024-01-02 12:04:00,1,300,0,signup,0
2166,Denmark,Paid,Basic,Mobile,2024-01-02 12:05:00,12,100,0,form_started,0
2167,Sweden,Organic,Pro,Desktop,2024-01-02 12:06:00,10,500,0,form_started,0
2168,Sweden,Direct,Pro,Tablet,2024-01-02 12:07:00,7,500,0,form_started,0
2169,Norway,Direct,Pro,Desktop,2024-01-02 12:08:00,14,500,0,signup,0
2170,Sweden,Organic,Basic,Mobile,2024-01-02 12:09:00,1,100,1,completed,100
2171,Denmark,Paid,Premium,Tablet,2024-01-02 12:10:00,15,300,0,signup,0
2172,Denmark,Paid,Pro,Desktop,2024-01-02 12:11:00,1,500,0,signup,0
2173,Norway,Paid,Basic,Desktop,2024-01-02 12:12:00,13,100,0,form_started,0
2174,Denmark,Direct,Premium,Desktop,2024-01-02 12:13:00,2,300,1,completed,300
2175,Sweden,Paid,Premium,Mobile,2024-01-02 12:14:00,3,300,0,signup,0
2176,Denmark,Direct,Pro,Mobile,2024-01-02 12:15:00,4,500,0,signup,0
2177,Norway,Paid,Basic,Mobile,2024-01-02 12:16:00,16,100,1,completed,100
2178,Sweden,Organic,Premium,Mobile,2024-01-02 12:17:00,12,300,0,signup,0
2179,Norway,Organic,Basic,Desktop,2024-01-02 12:18:00,4,100,0,signup,0
2180,Sweden,Direct,Premium,Tablet,2024-01-02 12:19:00,12,300,1,completed,300
2181,Denmark,Direct,Pro,Mobile,2024-01-02 12:20:00,7,500,0,form_started,0
2182,Norway,Organic,Pro,Tablet,2024-01-02 12:21:00,3,500,0,signup,0
2183,Norway,Organic,Premium,Desktop,2024-01-02 12:22:00,5,300,0,form_started,0
2184,Sweden,Paid,Basic,Mobile,2024-01-02 12:23:00,12,100,0,signup,0
2185,Norway,Organic,Premium,Desktop,2024-01-02 12:24:00,12,300,0,form_started,0
2186,Sweden,Direct,Basic,Mobile,2024-01-02 12:25:00,7,100,0,signup,0
2187,Sweden,Organic,Premium,Mobile,2024-01-02 12:26:00,12,300,0,signup,0
2188,Sweden,Direct,Pro,Tablet,2024-01-02 12:27:00,2,500,0,form_started,0
2189,Sweden,Direct,Basic,Desktop,2024-01-02 12:28:00,14,100,1,completed,100
2190,Denmark,Paid,Pro,Desktop,2024-01-02 12:29:00,16,500,1,completed,500
2191,Sweden,Paid,Basic,Desktop,2024-01-02 12:30:00,7,100,0,signup,0
2192,Norway,Paid,Premium,Tablet,2024-01-02 12:31:00,4,300,0,signup,0
2193,Denmark,Paid,Pro,Tablet,2024-01-02 12:32:00,5,500,0,form_started,0
2194,Norway,Organic,Pro,Desktop,2024-01-02 12:33:00,14,500,0,form_started,0
2195,Denmark,Paid,Basic,Desktop,2024-01-02 12:34:00,9,100,1,completed,100
2196,Sweden,Organic,Basic,Mobile,2024-01-02 12:35:00,5,100,1,completed,100
2197,Denmark,Paid,Basic,Mobile,2024-01-02 12:36:00,2,100,0,signup,0
2198,Denmark,Paid,Pro,Tablet,2024-01-02 12:37:00,5,500,0,signup,0
2199,Norway,Direct,Premium,Mobile,2024-01-02 12:38:00,3,300,1,completed,300
2200,Norway,Organic,Basic,Desktop,2024-01-02 12:39:00,10,100,1,completed,100
2201,Sweden,Direct,Premium,Desktop,2024-01-02 12:40:00,8,300,0,signup,0
2202,Denmark,Paid,Basic,Mobile,2024-01-02 12:41:00,10,100,0,signup,0
2203,Denmark,Organic,Premium,Mobile,2024-01-02 12:42:00,2,300,0,signup,0
2204,Denmark,Paid,Basic,Tablet,2024-01-02 12:43:00,14,100,1,completed,100
2205,Sweden,Direct,Premium,Mobile,2024-01-02 12:44:00,4,300,0,form_started,0
2206,Sweden,Organic,Pro,Tablet,2024-01-02 12:45:00,12,500,1,completed,500
2207,Sweden,Direct,Basic,Mobile,2024-01-02 12:46:00,14,100,0,signup,0
2208,Sweden,Paid,Basic,Mobile,2024-01-02 12:47:00,16,100,1,completed,100
2209,Sweden,Paid,Pro,Mobile,2024-01-02 12:48:00,5,500,0,signup,0
2210,Norway,Paid,Basic,Mobile,2024-01-02 12:49:00,16,100,0,signup,0
2211,Denmark,Organic,Basic,Desktop,2024-01-02 12:50:00,4,100,0,signup,0
2212,Denmark,Direct,Pro,Desktop,2024-01-02 12:51:00,3,500,0,signup,0
2213,Denmark,Direct,Pro,Desktop,2024-01-02 12:52:00,1,500,0,form_started,0
2214,Denmark,Paid,Premium,Mobile,2024-01-02 12:53:00,4,300,0,signup,0
2215,Denmark,Direct,Pro,Tablet,2024-01-02 12:54:00,9,500,0,signup,0
2216,Denmark,Organic,Pro,Mobile,2024-01-02 12:55:00,1,500,0,form_started,0
2217,Denmark,Paid,Basic,Desktop,2024-01-02 12:56:00,16,100,0,signup,0
2218,Denmark,Paid,Pro,Tablet,2024-01-02 12:57:00,3,500,0,signup,0
2219,Norway,Paid,Basic,Tablet,2024-01-02 12:58:00,6,100,0,signup,0
2220,Denmark,Organic,Pro,Desktop,2024-01-02 12:59:00,13,500,0,form_started,0
2221,Norway,Paid,Pro,Mobile,2024-01-02 13:00:00,17,500,0,form_started,0
2222,Sweden,Paid,Premium,Tablet,2024-01-02 13:01:00,15,300,0,form_started,0
2223,Denmark,Paid,Pro,Tablet,2024-01-02 13:02:00,12,500,0,signup,0
2224,Sweden,Paid,Pro,Desktop,2024-01-02 13:03:00,8,500,0,signup,0
2225,Sweden,Direct,Basic,Tablet,2024-01-02 13:04:00,16,100,0,signup,0
2226,Sweden,Paid,Basic,Tablet,2024-01-02 13:05:00,3,100,1,completed,100
2227,Norway,Organic,Premium,Tablet,2024-01-02 13:06:00,4,300,0,signup,0
2228,Sweden,Paid,Pro,Mobile,2024-01-02 13:07:00,7,500,0,form_started,0
2229,Sweden,Paid,Basic,Mobile,2024-01-02 13:08:00,15,100,1,completed,100
2230,Sweden,Direct,Pro,Desktop,2024-01-02 13:09:00,11,500,0,form_started,0
2231,Denmark,Paid,Premium,Mobile,2024-01-02 13:10:00,16,300,0,signup,0
2232,Denmark,Direct,Basic,Tablet,2024-01-02 13:11:00,14,100,0,form_started,0
2233,Norway,Organic,Basic,Mobile,2024-01-02 13:12:00,13,100,1,completed,100
2234,Norway,Direct,Premium,Tablet,2024-01-02 13:13:00,9,300,1,completed,300
2235,Denmark,Paid,Pro,Tablet,2024-01-02 13:14:00,18,500,1,completed,500
2236,Norway,Organic,Basic,Mobile,2024-01-02 13:15:00,3,100,1,completed,100
2237,Denmark,Paid,Basic,Mobile,2024-01-02 13:16:00,5,100,1,completed,100
2238,Sweden,Direct,Premium,Mobile,2024-01-02 13:17:00,2,300,1,completed,300
2239,Sweden,Organic,Premium,Mobile,2024-01-02 13:18:00,17,300,0,signup,0
2240,Norway,Organic,Premium,Desktop,2024-01-02 13:19:00,16,300,0,signup,0
2241,Denmark,Direct,Pro,Mobile,2024-01-02 13:20:00,13,500,1,completed,500
2242,Denmark,Direct,Pro,Desktop,2024-01-02 13:21:00,11,500,1,completed,500
2243,Norway,Organic,Pro,Tablet,2024-01-02 13:22:00,8,500,0,form_started,0
2244,Denmark,Organic,Premium,Desktop,2024-01-02 13:23:00,5,300,0,form_started,0
2245,Sweden,Direct,Basic,Tablet,2024-01-02 13:24:00,2,100,1,completed,100
2246,Norway,Paid,Pro,Desktop,2024-01-02 13:25:00,4,500,0,form_started,0
2247,Norway,Organic,Premium,Desktop,2024-01-02 13:26:00,3,300,0,signup,0
2248,Denmark,Direct,Pro,Tablet,2024-01-02 13:27:00,2,500,0,signup,0
2249,Norway,Paid,Basic,Desktop,2024-01-02 13:28:00,3,100,0,form_started,0
2250,Denmark,Organic,Basic,Tablet,2024-01-02 13:29:00,16,100,0,form_started,0
2251,Denmark,Organic,Premium,Mobile,2024-01-02 13:30:00,9,300,1,completed,300
2252,Denmark,Direct,Basic,Tablet,2024-01-02 13:31:00,6,100,0,form_started,0
2253,Denmark,Paid,Premium,Desktop,2024-01-02 13:32:00,15,300,1,completed,300
2254,Denmark,Organic,Premium,Mobile,2024-01-02 13:33:00,5,300,1,completed,300
2255,Norway,Paid,Premium,Desktop,2024-01-02 13:34:00,9,300,1,completed,300
2256,Sweden,Paid,Premium,Mobile,2024-01-02 13:35:00,6,300,1,completed,300
2257,Sweden,Organic,Basic,Tablet,2024-01-02 13:36:00,3,100,0,form_started,0
2258,Norway,Paid,Basic,Mobile,2024-01-02 13:37:00,13,100,0,form_started,0
2259,Norway,Organic,Basic,Mobile,2024-01-02 13:38:00,15,100,1,completed,100
2260,Sweden,Paid,Basic,Mobile,2024-01-02 13:39:00,11,100,0,signup,0
2261,Sweden,Organic,Premium,Desktop,2024-01-02 13:40:00,16,300,0,signup,0
2262,Sweden,Direct,Premium,Mobile,2024-01-02 13:41:00,15,300,0,form_started,0
2263,Sweden,Organic,Basic,Tablet,2024-01-02 13:42:00,6,100,1,completed,100
2264,Sweden,Organic,Pro,Tablet,2024-01-02 13:43:00,14,500,1,completed,500
2265,Denmark,Organic,Pro,Tablet,2024-01-02 13:44:00,11,500,1,completed,500
2266,Norway,Paid,Pro,Mobile,2024-01-02 13:45:00,10,500,1,completed,500
2267,Denmark,Direct,Basic,Tablet,2024-01-02 13:46:00,16,100,1,completed,100
2268,Sweden,Paid,Premium,Desktop,2024-01-02 13:47:00,12,300,0,form_started,0
2269,Sweden,Paid,Premium,Tablet,2024-01-02 13:48:00,7,300,0,signup,0
2270,Sweden,Organic,Pro,Mobile,2024-01-02 13:49:00,7,500,1,completed,500
2271,Denmark,Paid,Pro,Tablet,2024-01-02 13:50:00,18,500,0,signup,0
2272,Denmark,Organic,Premium,Mobile,2024-01-02 13:51:00,15,300,1,completed,300
2273,Sweden,Direct,Pro,Mobile,2024-01-02 13:52:00,6,500,1,completed,500
2274,Denmark,Paid,Pro,Tablet,2024-01-02 13:53:00,19,500,1,completed,500
2275,Denmark,Paid,Premium,Desktop,2024-01-02 13:54:00,8,300,1,completed,300
2276,Sweden,Paid,Pro,Desktop,2024-01-02 13:55:00,15,500,0,form_started,0
2277,Denmark,Organic,Pro,Tablet,2024-01-02 13:56:00,4,500,0,signup,0
2278,Norway,Organic,Basic,Mobile,2024-01-02 13:57:00,18,100,0,form_started,0
2279,Norway,Paid,Pro,Tablet,2024-01-02 13:58:00,13,500,0,signup,0
2280,Norway,Paid,Basic,Mobile,2024-01-02 13:59:00,1,100,0,signup,0
2281,Norway,Direct,Premium,Mobile,2024-01-02 14:00:00,8,300,0,form_started,0
2282,Sweden,Direct,Basic,Mobile,2024-01-02 14:01:00,19,100,1,completed,100
2283,Sweden,Direct,Premium,Desktop,2024-01-02 14:02:00,17,300,0,form_started,0
2284,Sweden,Direct,Basic,Desktop,2024-01-02 14:03:00,10,100,0,signup,0
2285,Norway,Direct,Basic,Tablet,2024-01-02 14:04:00,1,100,0,form_started,0
2286,Norway,Organic,Basic,Desktop,2024-01-02 14:05:00,1,100,0,form_started,0
2287,Denmark,Direct,Pro,Mobile,2024-01-02 14:06:00,5,500,0,form_started,0
2288,Denmark,Direct,Pro,Mobile,2024-01-02 14:07:00,1,500,0,form_started,0
2289,Norway,Paid,Pro,Tablet,2024-01-02 14:08:00,13,500,1,completed,500
2290,Norway,Organic,Pro,Mobile,2024-01-02 14:09:00,9,500,0,signup,0
2291,Norway,Direct,Pro,Tablet,2024-01-02 14:10:00,16,500,0,signup,0
2292,Norway,Direct,Basic,Tablet,2024-01-02 14:11:00,8,100,0,signup,0
2293,Denmark,Direct,Pro,Mobile,2024-01-02 14:12:00,14,500,0,signup,0
2294,Norway,Paid,Premium,Desktop,2024-01-02 14:13:00,17,300,1,completed,300
2295,Denmark,Paid,Basic,Mobile,2024-01-02 14:14:00,4,100,1,completed,100
2296,Norway,Paid,Basic,Mobile,2024-01-02 14:15:00,7,100,1,completed,100
2297,Norway,Direct,Premium,Tablet,2024-01-02 14:16:00,17,300,0,signup,0
2298,Norway,Paid,Pro,Desktop,2024-01-02 14:17:00,16,500,0,signup,0
2299,Denmark,Direct,Premium,Tablet,2024-01-02 14:18:00,14,300,0,form_started,0
2300,Denmark,Organic,Basic,Mobile,2024-01-02 14:19:00,16,100,0,signup,0
2301,Sweden,Direct,Basic,Tablet,2024-01-02 14:20:00,2,100,0,form_started,0
2302,Norway,Paid,Basic,Tablet,2024-01-02 14:21:00,15,100,1,completed,100
2303,Sweden,Organic,Premium,Mobile,2024-01-02 14:22:00,11,300,0,form_started,0
2304,Sweden,Direct,Pro,Tablet,2024-01-02 14:23:00,13,500,0,form_started,0
2305,Denmark,Organic,Basic,Mobile,2024-01-02 14:24:00,4,100,0,signup,0
2306,Denmark,Organic,Pro,Tablet,2024-01-02 14:25:00,1,500,1,completed,500
2307,Sweden,Organic,Basic,Desktop,2024-01-02 14:26:00,15,100,0,signup,0
2308,Norway,Direct,Pro,Mobile,2024-01-02 14:27:00,12,500,0,form_started,0
2309,Denmark,Paid,Premium,Desktop,2024-01-02 14:28:00,9,300,0,signup,0
2310,Norway,Direct,Basic,Tablet,2024-01-02 14:29:00,7,100,0,signup,0
2311,Norway,Paid,Basic,Desktop,2024-01-02 14:30:00,3,100,0,form_started,0
2312,Sweden,Direct,Basic,Desktop,2024-01-02 14:31:00,16,100,0,form_started,0
2313,Sweden,Direct,Premium,Desktop,2024-01-02 14:32:00,4,300,0,signup,0
2314,Sweden,Direct,Premium,Tablet,2024-01-02 14:33:00,14,300,0,signup,0
2315,Sweden,Paid,Pro,Mobile,2024-01-02 14:34:00,13,500,0,signup,0
2316,Denmark,Direct,Premium,Tablet,2024-01-02 14:35:00,19,300,1,completed,300
2317,Denmark,Organic,Basic,Tablet,2024-01-02 14:36:00,2,100,0,signup,0
2318,Sweden,Direct,Pro,Tablet,2024-01-02 14:37:00,10,500,0,form_started,0
2319,Denmark,Organic,Premium,Mobile,2024-01-02 14:38:00,19,300,0,signup,0
2320,Sweden,Paid,Pro,Tablet,2024-01-02 14:39:00,15,500,1,completed,500
2321,Norway,Paid,Pro,Tablet,2024-01-02 14:40:00,7,500,0,form_started,0
2322,Norway,Direct,Pro,Mobile,2024-01-02 14:41:00,15,500,0,form_started,0
2323,Norway,Direct,Basic,Mobile,2024-01-02 14:42:00,17,100,1,completed,100
2324,Sweden,Direct,Basic,Mobile,2024-01-02 14:43:00,16,100,0,form_started,0
2325,Norway,Organic,Premium,Desktop,2024-01-02 14:44:00,17,300,0,form_started,0
2326,Denmark,Paid,Basic,Mobile,2024-01-02 14:45:00,16,100,0,signup,0
2327,Norway,Organic,Pro,Desktop,2024-01-02 14:46:00,18,500,0,form_started,0
2328,Norway,Organic,Pro,Desktop,2024-01-02 14:47:00,17,500,1,completed,500
2329,Norway,Direct,Basic,Tablet,2024-01-02 14:48:00,4,100,0,signup,0
2330,Denmark,Direct,Pro,Desktop,2024-01-02 14:49:00,2,500,0,signup,0
2331,Sweden,Organic,Basic,Tablet,2024-01-02 14:50:00,17,100,1,completed,100
2332,Denmark,Organic,Pro,Desktop,2024-01-02 14:51:00,17,500,1,completed,500
2333,Sweden,Direct,Premium,Mobile,2024-01-02 14:52:00,2,300,0,form_started,0
2334,Sweden,Direct,Premium,Tablet,2024-01-02 14:53:00,2,300,1,completed,300
2335,Norway,Organic,Basic,Desktop,2024-01-02 14:54:00,15,100,1,completed,100
2336,Sweden,Direct,Basic,Tablet,2024-01-02 14:55:00,16,100,1,completed,100
2337,Denmark,Direct,Basic,Mobile,2024-01-02 14:56:00,11,100,0,form_started,0
2338,Denmark,Organic,Basic,Desktop,2024-01-02 14:57:00,2,100,0,signup,0
2339,Sweden,Organic,Basic,Desktop,2024-01-02 14:58:00,8,100,0,form_started,0
2340,Norway,Paid,Pro,Mobile,2024-01-02 14:59:00,12,500,0,form_started,0
2341,Norway,Organic,Premium,Desktop,2024-01-02 15:00:00,14,300,0,signup,0
2342,Denmark,Direct,Pro,Desktop,2024-01-02 15:01:00,14,500,0,form_started,0
2343,Norway,Organic,Premium,Tablet,2024-01-02 15:02:00,12,300,0,form_started,0
2344,Sweden,Organic,Pro,Desktop,2024-01-02 15:03:00,2,500,0,form_started,0
2345,Sweden,Organic,Pro,Mobile,2024-01-02 15:04:00,14,500,0,signup,0
2346,Denmark,Paid,Pro,Desktop,2024-01-02 15:05:00,12,500,0,form_started,0
2347,Sweden,Paid,Basic,Tablet,2024-01-02 15:06:00,9,100,1,completed,100
2348,Denmark,Direct,Premium,Desktop,2024-01-02 15:07:00,8,300,1,completed,300
2349,Sweden,Paid,Basic,Tablet,2024-01-02 15:08:00,16,100,1,completed,100
2350,Denmark,Organic,Basic,Desktop,2024-01-02 15:09:00,10,100,0,signup,0
2351,Norway,Paid,Pro,Tablet,2024-01-02 15:10:00,7,500,1,completed,500
2352,Sweden,Organic,Premium,Tablet,2024-01-02 15:11:00,15,300,1,completed,300
2353,Sweden,Paid,Premium,Desktop,2024-01-02 15:12:00,9,300,1,completed,300
2354,Denmark,Paid,Premium,Mobile,2024-01-02 15:13:00,4,300,1,completed,300
2355,Denmark,Paid,Premium,Mobile,2024-01-02 15:14:00,6,300,0,signup,0
2356,Sweden,Organic,Basic,Desktop,2024-01-02 15:15:00,12,100,0,form_started,0
2357,Denmark,Paid,Basic,Desktop,2024-01-02 15:16:00,15,100,1,completed,100
2358,Sweden,Organic,Premium,Desktop,2024-01-02 15:17:00,19,300,1,completed,300
2359,Norway,Organic,Basic,Desktop,2024-01-02 15:18:00,2,100,1,completed,100
2360,Denmark,Direct,Premium,Desktop,2024-01-02 15:19:00,19,300,0,signup,0
2361,Sweden,Paid,Basic,Mobile,2024-01-02 15:20:00,2,100,0,form_started,0
2362,Norway,Direct,Pro,Tablet,2024-01-02 15:21:00,15,500,0,form_started,0
2363,Norway,Direct,Pro,Tablet,2024-01-02 15:22:00,12,500,1,completed,500
2364,Sweden,Organic,Premium,Mobile,2024-01-02 15:23:00,1,300,1,completed,300
2365,Denmark,Paid,Premium,Mobile,2024-01-02 15:24:00,14,300,0,signup,0
2366,Sweden,Organic,Basic,Tablet,2024-01-02 15:25:00,4,100,1,completed,100
2367,Norway,Organic,Premium,Mobile,2024-01-02 15:26:00,11,300,0,signup,0
2368,Sweden,Paid,Premium,Desktop,2024-01-02 15:27:00,7,300,0,form_started,0
2369,Denmark,Organic,Basic,Mobile,2024-01-02 15:28:00,13,100,0,signup,0
2370,Norway,Paid,Premium,Mobile,2024-01-02 15:29:00,14,300,1,completed,300
2371,Sweden,Paid,Premium,Mobile,2024-01-02 15:30:00,7,300,1,completed,300
2372,Denmark,Organic,Pro,Mobile,2024-01-02 15:31:00,11,500,0,signup,0
2373,Norway,Organic,Pro,Tablet,2024-01-02 15:32:00,11,500,0,signup,0
2374,Denmark,Direct,Pro,Tablet,2024-01-02 15:33:00,9,500,0,form_started,0
2375,Norway,Organic,Premium,Tablet,2024-01-02 15:34:00,4,300,0,form_started,0
2376,Sweden,Paid,Basic,Tablet,2024-01-02 15:35:00,2,100,1,completed,100
2377,Denmark,Direct,Pro,Desktop,2024-01-02 15:36:00,2,500,1,completed,500
2378,Norway,Paid,Premium,Desktop,2024-01-02 15:37:00,9,300,0,form_started,0
2379,Denmark,Direct,Pro,Tablet,2024-01-02 15:38:00,19,500,0,form_started,0
2380,Denmark,Organic,Basic,Tablet,2024-01-02 15:39:00,15,100,0,form_started,0
2381,Sweden,Organic,Basic,Tablet,2024-01-02 15:40:00,18,100,0,signup,0
2382,Denmark,Organic,Basic,Mobile,2024-01-02 15:41:00,16,100,1,completed,100
2383,Norway,Paid,Basic,Desktop,2024-01-02 15:42:00,2,100,0,signup,0
2384,Norway,Direct,Basic,Desktop,2024-01-02 15:43:00,12,100,1,completed,100
2385,Norway,Paid,Basic,Mobile,2024-01-02 15:44:00,1,100,0,form_started,0
2386,Norway,Direct,Premium,Mobile,2024-01-02 15:45:00,2,300,1,completed,300
2387,Sweden,Organic,Pro,Mobile,2024-01-02 15:46:00,14,500,0,form_started,0
2388,Denmark,Paid,Basic,Desktop,2024-01-02 15:47:00,7,100,1,completed,100
2389,Sweden,Organic,Pro,Mobile,2024-01-02 15:48:00,17,500,1,completed,500
2390,Denmark,Paid,Pro,Mobile,2024-01-02 15:49:00,15,500,0,signup,0
2391,Denmark,Organic,Premium,Mobile,2024-01-02 15:50:00,17,300,0,form_started,0
2392,Denmark,Paid,Basic,Tablet,2024-01-02 15:51:00,9,100,1,completed,100
2393,Sweden,Paid,Basic,Mobile,2024-01-02 15:52:00,13,100,0,form_started,0
2394,Denmark,Direct,Premium,Tablet,2024-01-02 15:53:00,2,300,0,signup,0
2395,Sweden,Organic,Premium,Desktop,2024-01-02 15:54:00,15,300,1,completed,300
2396,Norway,Direct,Premium,Desktop,2024-01-02 15:55:00,11,300,0,form_started,0
2397,Norway,Direct,Premium,Desktop,2024-01-02 15:56:00,19,300,0,form_started,0
2398,Denmark,Organic,Premium,Tablet,2024-01-02 15:57:00,14,300,1,completed,300
2399,Sweden,Paid,Pro,Mobile,2024-01-02 15:58:00,4,500,0,form_started,0
2400,Norway,Direct,Premium,Desktop,2024-01-02 15:59:00,11,300,0,form_started,0
2401,Sweden,Organic,Basic,Mobile,2024-01-02 16:00:00,16,100,0,signup,0
2402,Sweden,Paid,Basic,Tablet,2024-01-02 16:01:00,2,100,1,completed,100
2403,Denmark,Direct,Premium,Desktop,2024-01-02 16:02:00,2,300,0,form_started,0
2404,Norway,Direct,Premium,Mobile,2024-01-02 16:03:00,9,300,1,completed,300
2405,Denmark,Direct,Premium,Mobile,2024-01-02 16:04:00,4,300,0,form_started,0
2406,Denmark,Paid,Premium,Desktop,2024-01-02 16:05:00,8,300,1,completed,300
2407,Norway,Direct,Premium,Mobile,2024-01-02 16:06:00,18,300,0,signup,0
2408,Norway,Paid,Basic,Tablet,2024-01-02 16:07:00,15,100,1,completed,100
2409,Sweden,Direct,Pro,Desktop,2024-01-02 16:08:00,2,500,0,signup,0
2410,Norway,Organic,Premium,Desktop,2024-01-02 16:09:00,11,300,0,form_started,0
2411,Sweden,Direct,Premium,Desktop,2024-01-02 16:10:00,17,300,0,form_started,0
2412,Sweden,Organic,Premium,Desktop,2024-01-02 16:11:00,7,300,0,signup,0
2413,Sweden,Organic,Basic,Tablet,2024-01-02 16:12:00,8,100,0,signup,0
2414,Norway,Organic,Basic,Tablet,2024-01-02 16:13:00,10,100,1,completed,100
2415,Denmark,Paid,Pro,Mobile,2024-01-02 16:14:00,3,500,1,completed,500
2416,Sweden,Organic,Pro,Tablet,2024-01-02 16:15:00,13,500,0,signup,0
2417,Denmark,Direct,Pro,Mobile,2024-01-02 16:16:00,17,500,0,signup,0
2418,Denmark,Paid,Pro,Mobile,2024-01-02 16:17:00,13,500,1,completed,500
2419,Norway,Organic,Basic,Desktop,2024-01-02 16:18:00,19,100,0,signup,0
2420,Denmark,Paid,Pro,Mobile,2024-01-02 16:19:00,9,500,0,signup,0
2421,Denmark,Paid,Premium,Desktop,2024-01-02 16:20:00,16,300,0,signup,0
2422,Norway,Paid,Basic,Mobile,2024-01-02 16:21:00,5,100,0,signup,0
2423,Sweden,Direct,Basic,Tablet,2024-01-02 16:22:00,9,100,0,form_started,0
2424,Denmark,Organic,Basic,Desktop,2024-01-02 16:23:00,9,100,1,completed,100
2425,Norway,Paid,Premium,Mobile,2024-01-02 16:24:00,6,300,0,form_started,0
2426,Denmark,Paid,Basic,Tablet,2024-01-02 16:25:00,10,100,1,completed,100
2427,Denmark,Paid,Premium,Tablet,2024-01-02 16:26:00,18,300,0,form_started,0
2428,Sweden,Organic,Pro,Desktop,2024-01-02 16:27:00,11,500,0,form_started,0
2429,Denmark,Paid,Basic,Desktop,2024-01-02 16:28:00,15,100,0,form_started,0
2430,Norway,Paid,Premium,Desktop,2024-01-02 16:29:00,7,300,1,completed,300
2431,Denmark,Direct,Basic,Mobile,2024-01-02 16:30:00,14,100,0,form_started,0
2432,Sweden,Organic,Pro,Desktop,2024-01-02 16:31:00,8,500,0,signup,0
2433,Sweden,Direct,Basic,Tablet,2024-01-02 16:32:00,19,100,0,form_started,0
2434,Norway,Organic,Pro,Tablet,2024-01-02 16:33:00,15,500,0,signup,0
2435,Sweden,Organic,Basic,Desktop,2024-01-02 16:34:00,19,100,0,form_started,0
2436,Denmark,Organic,Premium,Desktop,2024-01-02 16:35:00,18,300,0,form_started,0
2437,Sweden,Direct,Pro,Tablet,2024-01-02 16:36:00,17,500,0,form_started,0
2438,Norway,Direct,Basic,Mobile,2024-01-02 16:37:00,3,100,1,completed,100
2439,Sweden,Direct,Pro,Tablet,2024-01-02 16:38:00,3,500,0,form_started,0
2440,Sweden,Direct,Pro,Tablet,2024-01-02 16:39:00,7,500,1,completed,500
2441,Sweden,Paid,Premium,Tablet,2024-01-02 16:40:00,10,300,0,form_started,0
2442,Norway,Paid,Premium,Desktop,2024-01-02 16:41:00,17,300,0,form_started,0
2443,Sweden,Paid,Premium,Mobile,2024-01-02 16:42:00,15,300,1,completed,300
2444,Sweden,Organic,Premium,Mobile,2024-01-02 16:43:00,8,300,1,completed,300
2445,Denmark,Paid,Pro,Desktop,2024-01-02 16:44:00,17,500,0,form_started,0
2446,Norway,Organic,Pro,Tablet,2024-01-02 16:45:00,3,500,1,completed,500
2447,Sweden,Direct,Basic,Desktop,2024-01-02 16:46:00,4,100,1,completed,100
2448,Norway,Organic,Basic,Desktop,2024-01-02 16:47:00,8,100,0,form_started,0
2449,Sweden,Organic,Basic,Mobile,2024-01-02 16:48:00,13,100,0,signup,0
2450,Sweden,Paid,Premium,Mobile,2024-01-02 16:49:00,1,300,0,form_started,0
2451,Sweden,Direct,Pro,Desktop,2024-01-02 16:50:00,18,500,1,completed,500
2452,Denmark,Direct,Pro,Desktop,2024-01-02 16:51:00,11,500,1,completed,500
2453,Denmark,Paid,Basic,Mobile,2024-01-02 16:52:00,6,100,1,completed,100
2454,Denmark,Direct,Basic,Mobile,2024-01-02 16:53:00,16,100,0,form_started,0
2455,Norway,Direct,Pro,Tablet,2024-01-02 16:54:00,19,500,1,completed,500
2456,Norway,Direct,Premium,Desktop,2024-01-02 16:55:00,17,300,0,form_started,0
2457,Denmark,Paid,Basic,Tablet,2024-01-02 16:56:00,18,100,0,signup,0
2458,Norway,Direct,Basic,Tablet,2024-01-02 16:57:00,11,100,0,signup,0
2459,Sweden,Organic,Pro,Tablet,2024-01-02 16:58:00,14,500,1,completed,500
2460,Sweden,Organic,Pro,Mobile,2024-01-02 16:59:00,12,500,0,signup,0
2461,Sweden,Direct,Basic,Tablet,2024-01-02 17:00:00,7,100,0,signup,0
2462,Denmark,Paid,Basic,Mobile,2024-01-02 17:01:00,17,100,1,completed,100
2463,Norway,Paid,Premium,Mobile,2024-01-02 17:02:00,5,300,1,completed,300
2464,Denmark,Paid,Premium,Mobile,2024-01-02 17:03:00,14,300,0,signup,0
2465,Norway,Direct,Premium,Desktop,2024-01-02 17:04:00,13,300,1,completed,300
2466,Sweden,Direct,Premium,Tablet,2024-01-02 17:05:00,12,300,1,completed,300
2467,Denmark,Organic,Basic,Mobile,2024-01-02 17:06:00,14,100,0,signup,0
2468,Norway,Paid,Basic,Desktop,2024-01-02 17:07:00,9,100,0,form_started,0
2469,Norway,Organic,Basic,Desktop,2024-01-02 17:08:00,4,100,0,form_started,0
2470,Sweden,Organic,Premium,Desktop,2024-01-02 17:09:00,19,300,0,form_started,0
2471,Denmark,Paid,Basic,Mobile,2024-01-02 17:10:00,1,100,1,completed,100
2472,Denmark,Direct,Pro,Mobile,2024-01-02 17:11:00,13,500,0,form_started,0
2473,Denmark,Direct,Premium,Mobile,2024-01-02 17:12:00,6,300,1,completed,300
2474,Sweden,Organic,Pro,Desktop,2024-01-02 17:13:00,1,500,1,completed,500
2475,Denmark,Organic,Premium,Mobile,2024-01-02 17:14:00,17,300,0,signup,0
2476,Sweden,Organic,Basic,Tablet,2024-01-02 17:15:00,3,100,1,completed,100
2477,Sweden,Organic,Premium,Mobile,2024-01-02 17:16:00,17,300,1,completed,300
2478,Sweden,Paid,Pro,Mobile,2024-01-02 17:17:00,2,500,0,signup,0
2479,Norway,Organic,Premium,Tablet,2024-01-02 17:18:00,7,300,1,completed,300
2480,Denmark,Organic,Pro,Mobile,2024-01-02 17:19:00,1,500,1,completed,500
2481,Denmark,Direct,Basic,Mobile,2024-01-02 17:20:00,15,100,0,form_started,0
2482,Sweden,Direct,Pro,Mobile,2024-01-02 17:21:00,4,500,1,completed,500
2483,Sweden,Direct,Basic,Mobile,2024-01-02 17:22:00,6,100,0,form_started,0
2484,Denmark,Paid,Pro,Desktop,2024-01-02 17:23:00,13,500,0,signup,0
2485,Sweden,Paid,Basic,Mobile,2024-01-02 17:24:00,13,100,1,completed,100
2486,Denmark,Direct,Pro,Tablet,2024-01-02 17:25:00,1,500,1,completed,500
2487,Norway,Direct,Basic,Tablet,2024-01-02 17:26:00,2,100,1,completed,100
2488,Sweden,Organic,Basic,Desktop,2024-01-02 17:27:00,6,100,0,signup,0
2489,Denmark,Organic,Basic,Mobile,2024-01-02 17:28:00,11,100,1,completed,100
2490,Sweden,Paid,Pro,Tablet,2024-01-02 17:29:00,18,500,1,completed,500
2491,Denmark,Paid,Pro,Desktop,2024-01-02 17:30:00,13,500,0,signup,0
2492,Denmark,Organic,Basic,Mobile,2024-01-02 17:31:00,12,100,0,form_started,0
2493,Sweden,Direct,Premium,Desktop,2024-01-02 17:32:00,7,300,1,completed,300
2494,Norway,Organic,Basic,Mobile,2024-01-02 17:33:00,7,100,0,signup,0
2495,Denmark,Paid,Premium,Desktop,2024-01-02 17:34:00,7,300,0,signup,0
2496,Denmark,Paid,Basic,Desktop,2024-01-02 17:35:00,2,100,0,form_started,0
2497,Denmark,Organic,Pro,Tablet,2024-01-02 17:36:00,11,500,1,completed,500
2498,Norway,Organic,Premium,Tablet,2024-01-02 17:37:00,1,300,0,form_started,0
2499,Norway,Organic,Pro,Desktop,2024-01-02 17:38:00,13,500,0,form_started,0
2500,Sweden,Paid,Premium,Mobile,2024-01-02 17:39:00,12,300,0,form_started,0
2501,Norway,Direct,Premium,Mobile,2024-01-02 17:40:00,13,300,0,signup,0
2502,Sweden,Organic,Premium,Mobile,2024-01-02 17:41:00,7,300,0,signup,0
2503,Sweden,Paid,Premium,Mobile,2024-01-02 17:42:00,12,300,0,form_started,0
2504,Norway,Paid,Pro,Mobile,2024-01-02 17:43:00,17,500,0,signup,0
2505,Sweden,Paid,Premium,Tablet,2024-01-02 17:44:00,8,300,0,signup,0
2506,Norway,Organic,Basic,Desktop,2024-01-02 17:45:00,3,100,1,completed,100
2507,Sweden,Organic,Basic,Tablet,2024-01-02 17:46:00,7,100,0,form_started,0
2508,Norway,Direct,Premium,Mobile,2024-01-02 17:47:00,19,300,1,completed,300
2509,Norway,Paid,Pro,Desktop,2024-01-02 17:48:00,8,500,1,completed,500
2510,Sweden,Organic,Pro,Mobile,2024-01-02 17:49:00,14,500,0,form_started,0
2511,Denmark,Paid,Premium,Mobile,2024-01-02 17:50:00,14,300,0,signup,0
2512,Sweden,Paid,Pro,Desktop,2024-01-02 17:51:00,2,500,1,completed,500
2513,Norway,Direct,Pro,Mobile,2024-01-02 17:52:00,6,500,0,form_started,0
2514,Denmark,Organic,Pro,Tablet,2024-01-02 17:53:00,16,500,0,form_started,0
2515,Sweden,Organic,Premium,Tablet,2024-01-02 17:54:00,9,300,0,signup,0
2516,Sweden,Paid,Basic,Tablet,2024-01-02 17:55:00,15,100,0,form_started,0
2517,Sweden,Paid,Basic,Mobile,2024-01-02 17:56:00,19,100,1,completed,100
2518,Denmark,Direct,Basic,Tablet,2024-01-02 17:57:00,15,100,1,completed,100
2519,Norway,Direct,Basic,Mobile,2024-01-02 17:58:00,12,100,0,signup,0
2520,Sweden,Direct,Basic,Mobile,2024-01-02 17:59:00,9,100,0,form_started,0
2521,Sweden,Direct,Pro,Tablet,2024-01-02 18:00:00,16,500,0,signup,0
2522,Sweden,Direct,Pro,Tablet,2024-01-02 18:01:00,6,500,1,completed,500
2523,Sweden,Direct,Pro,Mobile,2024-01-02 18:02:00,15,500,0,form_started,0
2524,Sweden,Paid,Premium,Mobile,2024-01-02 18:03:00,13,300,1,completed,300
2525,Norway,Direct,Pro,Mobile,2024-01-02 18:04:00,10,500,0,form_started,0
2526,Norway,Paid,Basic,Mobile,2024-01-02 18:05:00,14,100,1,completed,100
2527,Sweden,Paid,Pro,Tablet,2024-01-02 18:06:00,3,500,0,signup,0
2528,Denmark,Organic,Basic,Mobile,2024-01-02 18:07:00,12,100,1,completed,100
2529,Norway,Paid,Pro,Mobile,2024-01-02 18:08:00,1,500,0,signup,0
2530,Denmark,Paid,Basic,Mobile,2024-01-02 18:09:00,16,100,1,completed,100
2531,Norway,Direct,Pro,Mobile,2024-01-02 18:10:00,10,500,0,form_started,0
2532,Sweden,Paid,Basic,Mobile,2024-01-02 18:11:00,9,100,1,completed,100
2533,Norway,Direct,Basic,Desktop,2024-01-02 18:12:00,18,100,0,signup,0
2534,Sweden,Direct,Premium,Desktop,2024-01-02 18:13:00,1,300,0,signup,0
2535,Norway,Direct,Pro,Desktop,2024-01-02 18:14:00,10,500,0,form_started,0
2536,Sweden,Organic,Basic,Tablet,2024-01-02 18:15:00,7,100,0,form_started,0
2537,Sweden,Direct,Pro,Mobile,2024-01-02 18:16:00,10,500,0,signup,0
2538,Sweden,Paid,Basic,Tablet,2024-01-02 18:17:00,12,100,0,form_started,0
2539,Sweden,Direct,Premium,Mobile,2024-01-02 18:18:00,11,300,0,form_started,0
2540,Denmark,Direct,Premium,Desktop,2024-01-02 18:19:00,9,300,0,form_started,0
2541,Sweden,Direct,Premium,Mobile,2024-01-02 18:20:00,5,300,0,signup,0
2542,Denmark,Organic,Premium,Tablet,2024-01-02 18:21:00,4,300,0,signup,0
2543,Denmark,Paid,Basic,Tablet,2024-01-02 18:22:00,13,100,0,form_started,0
2544,Sweden,Organic,Pro,Mobile,2024-01-02 18:23:00,8,500,0,signup,0
2545,Denmark,Paid,Premium,Tablet,2024-01-02 18:24:00,16,300,1,completed,300
2546,Norway,Organic,Premium,Desktop,2024-01-02 18:25:00,1,300,0,form_started,0
2547,Sweden,Paid,Premium,Mobile,2024-01-02 18:26:00,17,300,1,completed,300
2548,Denmark,Organic,Pro,Desktop,2024-01-02 18:27:00,15,500,0,signup,0
2549,Sweden,Direct,Basic,Desktop,2024-01-02 18:28:00,15,100,1,completed,100
2550,Sweden,Organic,Basic,Tablet,2024-01-02 18:29:00,18,100,0,form_started,0
2551,Sweden,Organic,Basic,Mobile,2024-01-02 18:30:00,6,100,1,completed,100
2552,Denmark,Direct,Basic,Desktop,2024-01-02 18:31:00,2,100,0,signup,0
2553,Norway,Direct,Pro,Desktop,2024-01-02 18:32:00,5,500,0,signup,0
2554,Norway,Paid,Pro,Mobile,2024-01-02 18:33:00,19,500,0,signup,0
2555,Denmark,Paid,Pro,Tablet,2024-01-02 18:34:00,7,500,0,form_started,0
2556,Sweden,Paid,Premium,Desktop,2024-01-02 18:35:00,9,300,0,signup,0
2557,Denmark,Organic,Pro,Mobile,2024-01-02 18:36:00,2,500,0,form_started,0
2558,Denmark,Paid,Basic,Mobile,2024-01-02 18:37:00,7,100,1,completed,100
2559,Denmark,Organic,Pro,Desktop,2024-01-02 18:38:00,14,500,0,form_started,0
2560,Sweden,Organic,Premium,Desktop,2024-01-02 18:39:00,15,300,0,signup,0
2561,Denmark,Paid,Basic,Desktop,2024-01-02 18:40:00,12,100,1,completed,100
2562,Sweden,Paid,Pro,Tablet,2024-01-02 18:41:00,4,500,1,completed,500
2563,Denmark,Organic,Basic,Tablet,2024-01-02 18:42:00,13,100,0,form_started,0
2564,Norway,Direct,Basic,Mobile,2024-01-02 18:43:00,9,100,1,completed,100
2565,Denmark,Direct,Pro,Mobile,2024-01-02 18:44:00,12,500,0,signup,0
2566,Denmark,Organic,Pro,Desktop,2024-01-02 18:45:00,10,500,0,signup,0
2567,Norway,Paid,Premium,Mobile,2024-01-02 18:46:00,9,300,0,form_started,0
2568,Sweden,Organic,Pro,Tablet,2024-01-02 18:47:00,7,500,0,form_started,0
2569,Sweden,Organic,Pro,Mobile,2024-01-02 18:48:00,12,500,0,form_started,0
2570,Denmark,Paid,Pro,Mobile,2024-01-02 18:49:00,16,500,0,form_started,0
2571,Norway,Direct,Basic,Desktop,2024-01-02 18:50:00,15,100,0,form_started,0
2572,Sweden,Organic,Premium,Desktop,2024-01-02 18:51:00,7,300,0,signup,0
2573,Denmark,Direct,Basic,Tablet,2024-01-02 18:52:00,8,100,1,completed,100
2574,Norway,Direct,Pro,Mobile,2024-01-02 18:53:00,7,500,0,form_started,0
2575,Sweden,Paid,Premium,Mobile,2024-01-02 18:54:00,11,300,1,completed,300
2576,Sweden,Organic,Pro,Mobile,2024-01-02 18:55:00,4,500,1,completed,500
2577,Norway,Organic,Basic,Desktop,2024-01-02 18:56:00,18,100,1,completed,100
2578,Norway,Direct,Basic,Tablet,2024-01-02 18:57:00,19,100,1,completed,100
2579,Norway,Direct,Pro,Mobile,2024-01-02 18:58:00,7,500,0,form_started,0
2580,Norway,Paid,Premium,Mobile,2024-01-02 18:59:00,13,300,0,form_started,0
2581,Denmark,Direct,Basic,Mobile,2024-01-02 19:00:00,9,100,0,form_started,0
2582,Norway,Paid,Pro,Mobile,2024-01-02 19:01:00,18,500,0,signup,0
2583,Sweden,Organic,Pro,Tablet,2024-01-02 19:02:00,7,500,0,form_started,0
2584,Sweden,Paid,Pro,Tablet,2024-01-02 19:03:00,16,500,0,form_started,0
2585,Denmark,Direct,Premium,Tablet,2024-01-02 19:04:00,5,300,1,completed,300
2586,Sweden,Organic,Pro,Desktop,2024-01-02 19:05:00,7,500,0,form_started,0
2587,Sweden,Paid,Pro,Mobile,2024-01-02 19:06:00,6,500,0,form_started,0
2588,Norway,Organic,Basic,Mobile,2024-01-02 19:07:00,2,100,0,signup,0
2589,Sweden,Paid,Pro,Mobile,2024-01-02 19:08:00,7,500,1,completed,500
2590,Denmark,Direct,Premium,Mobile,2024-01-02 19:09:00,9,300,0,form_started,0
2591,Norway,Direct,Pro,Tablet,2024-01-02 19:10:00,13,500,0,signup,0
2592,Norway,Organic,Premium,Desktop,2024-01-02 19:11:00,17,300,1,completed,300
2593,Denmark,Organic,Pro,Desktop,2024-01-02 19:12:00,17,500,1,completed,500
2594,Norway,Organic,Pro,Mobile,2024-01-02 19:13:00,15,500,1,completed,500
2595,Norway,Paid,Pro,Tablet,2024-01-02 19:14:00,18,500,1,completed,500
2596,Denmark,Direct,Premium,Desktop,2024-01-02 19:15:00,15,300,0,form_started,0
2597,Norway,Organic,Basic,Desktop,2024-01-02 19:16:00,11,100,1,completed,100
2598,Denmark,Organic,Premium,Mobile,2024-01-02 19:17:00,12,300,0,signup,0
2599,Denmark,Organic,Basic,Desktop,2024-01-02 19:18:00,17,100,1,completed,100
2600,Sweden,Paid,Premium,Mobile,2024-01-02 19:19:00,12,300,0,signup,0
2601,Sweden,Organic,Pro,Tablet,2024-01-02 19:20:00,7,500,0,signup,0
2602,Norway,Organic,Pro,Mobile,2024-01-02 19:21:00,7,500,0,form_started,0
2603,Norway,Paid,Basic,Desktop,2024-01-02 19:22:00,10,100,0,form_started,0
2604,Denmark,Paid,Basic,Mobile,2024-01-02 19:23:00,16,100,0,signup,0
2605,Norway,Organic,Premium,Mobile,2024-01-02 19:24:00,11,300,0,signup,0
2606,Denmark,Organic,Premium,Mobile,2024-01-02 19:25:00,16,300,0,signup,0
2607,Denmark,Paid,Basic,Mobile,2024-01-02 19:26:00,2,100,0,signup,0
2608,Norway,Direct,Basic,Mobile,2024-01-02 19:27:00,2,100,0,signup,0
2609,Denmark,Paid,Premium,Mobile,2024-01-02 19:28:00,18,300,0,form_started,0
2610,Sweden,Direct,Basic,Desktop,2024-01-02 19:29:00,5,100,1,completed,100
2611,Norway,Organic,Basic,Mobile,2024-01-02 19:30:00,14,100,0,form_started,0
2612,Sweden,Organic,Basic,Desktop,2024-01-02 19:31:00,8,100,0,signup,0
2613,Norway,Direct,Basic,Mobile,2024-01-02 19:32:00,6,100,1,completed,100
2614,Denmark,Paid,Pro,Tablet,2024-01-02 19:33:00,9,500,0,form_started,0
2615,Norway,Organic,Pro,Mobile,2024-01-02 19:34:00,6,500,0,form_started,0
2616,Sweden,Direct,Basic,Desktop,2024-01-02 19:35:00,17,100,0,form_started,0
2617,Denmark,Paid,Premium,Desktop,2024-01-02 19:36:00,8,300,1,completed,300
2618,Norway,Direct,Pro,Tablet,2024-01-02 19:37:00,3,500,0,form_started,0
2619,Norway,Paid,Premium,Mobile,2024-01-02 19:38:00,12,300,0,form_started,0
2620,Norway,Paid,Premium,Tablet,2024-01-02 19:39:00,13,300,1,completed,300
2621,Sweden,Paid,Pro,Mobile,2024-01-02 19:40:00,18,500,0,signup,0
2622,Sweden,Paid,Premium,Mobile,2024-01-02 19:41:00,11,300,0,form_started,0
2623,Norway,Direct,Premium,Desktop,2024-01-02 19:42:00,2,300,0,form_started,0
2624,Denmark,Direct,Basic,Tablet,2024-01-02 19:43:00,14,100,1,completed,100
2625,Denmark,Direct,Basic,Tablet,2024-01-02 19:44:00,1,100,1,completed,100
2626,Sweden,Direct,Basic,Desktop,2024-01-02 19:45:00,15,100,0,form_started,0
2627,Denmark,Direct,Pro,Desktop,2024-01-02 19:46:00,18,500,0,form_started,0
2628,Sweden,Paid,Basic,Tablet,2024-01-02 19:47:00,18,100,0,form_started,0
2629,Norway,Organic,Premium,Desktop,2024-01-02 19:48:00,17,300,0,form_started,0
2630,Sweden,Organic,Premium,Mobile,2024-01-02 19:49:00,1,300,0,form_started,0
2631,Sweden,Direct,Premium,Tablet,2024-01-02 19:50:00,14,300,0,form_started,0
2632,Norway,Direct,Premium,Tablet,2024-01-02 19:51:00,16,300,0,form_started,0
2633,Denmark,Organic,Premium,Desktop,2024-01-02 19:52:00,4,300,1,completed,300
2634,Sweden,Paid,Pro,Mobile,2024-01-02 19:53:00,6,500,0,signup,0
2635,Sweden,Direct,Premium,Tablet,2024-01-02 19:54:00,16,300,0,signup,0
2636,Norway,Paid,Pro,Tablet,2024-01-02 19:55:00,6,500,1,completed,500
2637,Denmark,Organic,Premium,Mobile,2024-01-02 19:56:00,15,300,0,form_started,0
2638,Sweden,Organic,Pro,Desktop,2024-01-02 19:57:00,1,500,1,completed,500
2639,Norway,Direct,Pro,Desktop,2024-01-02 19:58:00,7,500,0,form_started,0
2640,Sweden,Paid,Premium,Desktop,2024-01-02 19:59:00,11,300,1,completed,300
2641,Norway,Direct,Premium,Desktop,2024-01-02 20:00:00,1,300,1,completed,300
2642,Denmark,Organic,Premium,Mobile,2024-01-02 20:01:00,8,300,0,signup,0
2643,Denmark,Paid,Premium,Mobile,2024-01-02 20:02:00,14,300,0,form_started,0
2644,Denmark,Direct,Basic,Tablet,2024-01-02 20:03:00,5,100,0,signup,0
2645,Denmark,Direct,Basic,Tablet,2024-01-02 20:04:00,13,100,0,signup,0
2646,Sweden,Direct,Pro,Mobile,2024-01-02 20:05:00,15,500,0,signup,0
2647,Sweden,Organic,Pro,Tablet,2024-01-02 20:06:00,9,500,0,signup,0
2648,Denmark,Direct,Basic,Mobile,2024-01-02 20:07:00,8,100,1,completed,100
2649,Denmark,Paid,Pro,Desktop,2024-01-02 20:08:00,19,500,1,completed,500
2650,Denmark,Direct,Premium,Mobile,2024-01-02 20:09:00,17,300,1,completed,300
2651,Sweden,Organic,Pro,Mobile,2024-01-02 20:10:00,19,500,0,form_started,0
2652,Denmark,Direct,Pro,Tablet,2024-01-02 20:11:00,18,500,0,signup,0
2653,Denmark,Organic,Pro,Mobile,2024-01-02 20:12:00,18,500,1,completed,500
2654,Denmark,Organic,Basic,Desktop,2024-01-02 20:13:00,4,100,0,form_started,0
2655,Norway,Paid,Basic,Desktop,2024-01-02 20:14:00,2,100,1,completed,100
2656,Denmark,Paid,Pro,Tablet,2024-01-02 20:15:00,5,500,0,form_started,0
2657,Norway,Direct,Premium,Tablet,2024-01-02 20:16:00,17,300,0,form_started,0
2658,Norway,Organic,Pro,Mobile,2024-01-02 20:17:00,7,500,0,signup,0
2659,Denmark,Organic,Basic,Tablet,2024-01-02 20:18:00,16,100,0,signup,0
2660,Norway,Paid,Premium,Desktop,2024-01-02 20:19:00,1,300,0,signup,0
2661,Denmark,Paid,Pro,Tablet,2024-01-02 20:20:00,12,500,0,form_started,0
2662,Sweden,Direct,Basic,Tablet,2024-01-02 20:21:00,19,100,1,completed,100
2663,Sweden,Organic,Premium,Desktop,2024-01-02 20:22:00,9,300,0,form_started,0
2664,Sweden,Paid,Pro,Mobile,2024-01-02 20:23:00,16,500,0,signup,0
2665,Sweden,Direct,Basic,Mobile,2024-01-02 20:24:00,7,100,0,form_started,0
2666,Norway,Organic,Premium,Tablet,2024-01-02 20:25:00,15,300,0,signup,0
2667,Denmark,Organic,Pro,Desktop,2024-01-02 20:26:00,12,500,0,signup,0
2668,Denmark,Paid,Premium,Desktop,2024-01-02 20:27:00,4,300,0,form_started,0
2669,Denmark,Direct,Premium,Desktop,2024-01-02 20:28:00,6,300,0,form_started,0
2670,Sweden,Paid,Premium,Mobile,2024-01-02 20:29:00,6,300,0,signup,0
2671,Sweden,Direct,Basic,Desktop,2024-01-02 20:30:00,15,100,0,signup,0
2672,Denmark,Organic,Pro,Desktop,2024-01-02 20:31:00,3,500,1,completed,500
2673,Sweden,Direct,Premium,Mobile,2024-01-02 20:32:00,2,300,0,form_started,0
2674,Denmark,Direct,Premium,Desktop,2024-01-02 20:33:00,5,300,0,form_started,0
2675,Denmark,Direct,Premium,Mobile,2024-01-02 20:34:00,8,300,1,completed,300
2676,Denmark,Direct,Basic,Tablet,2024-01-02 20:35:00,19,100,0,form_started,0
2677,Denmark,Direct,Premium,Tablet,2024-01-02 20:36:00,16,300,0,form_started,0
2678,Denmark,Paid,Basic,Tablet,2024-01-02 20:37:00,19,100,0,signup,0
2679,Denmark,Direct,Basic,Tablet,2024-01-02 20:38:00,16,100,0,signup,0
2680,Denmark,Direct,Premium,Tablet,2024-01-02 20:39:00,6,300,0,signup,0
2681,Sweden,Organic,Premium,Mobile,2024-01-02 20:40:00,1,300,0,signup,0
2682,Denmark,Direct,Basic,Mobile,2024-01-02 20:41:00,18,100,0,signup,0
2683,Denmark,Organic,Basic,Mobile,2024-01-02 20:42:00,8,100,1,completed,100
2684,Sweden,Paid,Premium,Desktop,2024-01-02 20:43:00,5,300,0,signup,0
2685,Sweden,Paid,Basic,Tablet,2024-01-02 20:44:00,12,100,0,signup,0
2686,Sweden,Direct,Basic,Desktop,2024-01-02 20:45:00,18,100,0,signup,0
2687,Denmark,Paid,Premium,Desktop,2024-01-02 20:46:00,5,300,0,form_started,0
2688,Norway,Direct,Premium,Desktop,2024-01-02 20:47:00,13,300,0,form_started,0
2689,Norway,Paid,Pro,Tablet,2024-01-02 20:48:00,12,500,1,completed,500
2690,Sweden,Direct,Premium,Desktop,2024-01-02 20:49:00,16,300,0,signup,0
2691,Norway,Direct,Premium,Tablet,2024-01-02 20:50:00,14,300,1,completed,300
2692,Sweden,Organic,Premium,Tablet,2024-01-02 20:51:00,11,300,0,form_started,0
2693,Denmark,Organic,Pro,Tablet,2024-01-02 20:52:00,9,500,0,signup,0
2694,Norway,Organic,Basic,Desktop,2024-01-02 20:53:00,10,100,0,signup,0
2695,Denmark,Organic,Premium,Tablet,2024-01-02 20:54:00,16,300,0,form_started,0
2696,Norway,Direct,Premium,Tablet,2024-01-02 20:55:00,19,300,0,signup,0
2697,Denmark,Paid,Pro,Mobile,2024-01-02 20:56:00,10,500,1,completed,500
2698,Norway,Direct,Pro,Desktop,2024-01-02 20:57:00,4,500,0,form_started,0
2699,Denmark,Organic,Pro,Mobile,2024-01-02 20:58:00,8,500,0,signup,0
2700,Denmark,Organic,Basic,Mobile,2024-01-02 20:59:00,11,100,1,completed,100
2701,Norway,Paid,Pro,Desktop,2024-01-02 21:00:00,6,500,0,signup,0
2702,Denmark,Organic,Basic,Mobile,2024-01-02 21:01:00,4,100,0,form_started,0
2703,Denmark,Direct,Premium,Tablet,2024-01-02 21:02:00,5,300,0,form_started,0
2704,Denmark,Direct,Premium,Mobile,2024-01-02 21:03:00,18,300,0,signup,0
2705,Norway,Direct,Premium,Mobile,2024-01-02 21:04:00,3,300,1,completed,300
2706,Norway,Direct,Pro,Tablet,2024-01-02 21:05:00,7,500,0,form_started,0
2707,Denmark,Direct,Premium,Mobile,2024-01-02 21:06:00,12,300,1,completed,300
2708,Denmark,Paid,Pro,Tablet,2024-01-02 21:07:00,3,500,1,completed,500
2709,Norway,Direct,Basic,Desktop,2024-01-02 21:08:00,17,100,0,form_started,0
2710,Norway,Organic,Premium,Mobile,2024-01-02 21:09:00,3,300,0,form_started,0
2711,Denmark,Organic,Basic,Desktop,2024-01-02 21:10:00,11,100,1,completed,100
2712,Denmark,Organic,Pro,Mobile,2024-01-02 21:11:00,6,500,1,completed,500
2713,Denmark,Organic,Pro,Tablet,2024-01-02 21:12:00,11,500,0,form_started,0
2714,Sweden,Paid,Premium,Mobile,2024-01-02 21:13:00,4,300,1,completed,300
2715,Norway,Organic,Premium,Desktop,2024-01-02 21:14:00,17,300,1,completed,300
2716,Sweden,Paid,Pro,Tablet,2024-01-02 21:15:00,1,500,0,form_started,0
2717,Norway,Organic,Premium,Tablet,2024-01-02 21:16:00,12,300,1,completed,300
2718,Norway,Paid,Premium,Desktop,2024-01-02 21:17:00,3,300,0,signup,0
2719,Norway,Paid,Basic,Desktop,2024-01-02 21:18:00,16,100,0,signup,0
2720,Norway,Paid,Pro,Mobile,2024-01-02 21:19:00,3,500,0,form_started,0
2721,Norway,Organic,Basic,Mobile,2024-01-02 21:20:00,14,100,0,form_started,0
2722,Norway,Paid,Premium,Tablet,2024-01-02 21:21:00,17,300,1,completed,300
2723,Norway,Direct,Basic,Desktop,2024-01-02 21:22:00,19,100,0,signup,0
2724,Sweden,Direct,Pro,Desktop,2024-01-02 21:23:00,7,500,0,form_started,0
2725,Denmark,Organic,Basic,Mobile,2024-01-02 21:24:00,11,100,1,completed,100
2726,Denmark,Direct,Basic,Mobile,2024-01-02 21:25:00,16,100,0,form_started,0
2727,Sweden,Direct,Premium,Tablet,2024-01-02 21:26:00,19,300,0,form_started,0
2728,Sweden,Direct,Pro,Desktop,2024-01-02 21:27:00,5,500,0,signup,0
2729,Sweden,Organic,Premium,Desktop,2024-01-02 21:28:00,1,300,0,signup,0
2730,Sweden,Organic,Premium,Desktop,2024-01-02 21:29:00,10,300,1,completed,300
2731,Norway,Direct,Pro,Desktop,2024-01-02 21:30:00,18,500,0,signup,0
2732,Denmark,Organic,Basic,Mobile,2024-01-02 21:31:00,10,100,0,form_started,0
2733,Norway,Paid,Premium,Mobile,2024-01-02 21:32:00,1,300,0,form_started,0
2734,Denmark,Direct,Basic,Mobile,2024-01-02 21:33:00,13,100,0,signup,0
2735,Denmark,Organic,Pro,Tablet,2024-01-02 21:34:00,4,500,0,form_started,0
2736,Sweden,Organic,Premium,Desktop,2024-01-02 21:35:00,12,300,0,form_started,0
2737,Norway,Direct,Basic,Mobile,2024-01-02 21:36:00,16,100,0,form_started,0
2738,Sweden,Organic,Basic,Desktop,2024-01-02 21:37:00,19,100,0,signup,0
2739,Norway,Direct,Premium,Mobile,2024-01-02 21:38:00,12,300,0,form_started,0
2740,Denmark,Organic,Pro,Tablet,2024-01-02 21:39:00,6,500,0,signup,0
2741,Sweden,Paid,Basic,Mobile,2024-01-02 21:40:00,16,100,0,form_started,0
2742,Sweden,Direct,Pro,Tablet,2024-01-02 21:41:00,12,500,1,completed,500
2743,Denmark,Paid,Premium,Desktop,2024-01-02 21:42:00,10,300,0,form_started,0
2744,Denmark,Direct,Basic,Mobile,2024-01-02 21:43:00,5,100,0,form_started,0
2745,Denmark,Organic,Basic,Mobile,2024-01-02 21:44:00,19,100,1,completed,100
2746,Sweden,Paid,Basic,Mobile,2024-01-02 21:45:00,12,100,1,completed,100
2747,Norway,Organic,Pro,Desktop,2024-01-02 21:46:00,8,500,0,signup,0
2748,Sweden,Direct,Basic,Tablet,2024-01-02 21:47:00,4,100,0,form_started,0
2749,Norway,Direct,Basic,Tablet,2024-01-02 21:48:00,7,100,0,form_started,0
2750,Sweden,Direct,Premium,Mobile,2024-01-02 21:49:00,5,300,1,completed,300
2751,Sweden,Direct,Basic,Desktop,2024-01-02 21:50:00,11,100,0,signup,0
2752,Denmark,Direct,Pro,Tablet,2024-01-02 21:51:00,17,500,1,completed,500
2753,Norway,Paid,Premium,Tablet,2024-01-02 21:52:00,3,300,0,form_started,0
2754,Sweden,Direct,Premium,Tablet,2024-01-02 21:53:00,2,300,0,form_started,0
2755,Sweden,Organic,Basic,Tablet,2024-01-02 21:54:00,19,100,1,completed,100
2756,Denmark,Paid,Premium,Tablet,2024-01-02 21:55:00,2,300,1,completed,300
2757,Denmark,Organic,Basic,Mobile,2024-01-02 21:56:00,14,100,1,completed,100
2758,Norway,Direct,Premium,Mobile,2024-01-02 21:57:00,1,300,1,completed,300
2759,Sweden,Organic,Pro,Mobile,2024-01-02 21:58:00,16,500,1,completed,500
2760,Norway,Paid,Basic,Tablet,2024-01-02 21:59:00,15,100,0,form_started,0
2761,Sweden,Paid,Pro,Tablet,2024-01-02 22:00:00,18,500,0,signup,0
2762,Norway,Paid,Basic,Tablet,2024-01-02 22:01:00,2,100,0,signup,0
2763,Denmark,Organic,Pro,Mobile,2024-01-02 22:02:00,11,500,0,signup,0
2764,Sweden,Paid,Pro,Tablet,2024-01-02 22:03:00,17,500,0,form_started,0
2765,Norway,Organic,Premium,Mobile,2024-01-02 22:04:00,13,300,0,form_started,0
2766,Denmark,Direct,Basic,Tablet,2024-01-02 22:05:00,12,100,0,signup,0
2767,Denmark,Direct,Premium,Mobile,2024-01-02 22:06:00,2,300,0,signup,0
2768,Norway,Organic,Pro,Desktop,2024-01-02 22:07:00,18,500,1,completed,500
2769,Sweden,Paid,Basic,Tablet,2024-01-02 22:08:00,10,100,0,signup,0
2770,Sweden,Organic,Pro,Tablet,2024-01-02 22:09:00,12,500,0,signup,0
2771,Denmark,Organic,Pro,Mobile,2024-01-02 22:10:00,17,500,0,signup,0
2772,Sweden,Organic,Pro,Tablet,2024-01-02 22:11:00,14,500,0,signup,0
2773,Sweden,Direct,Pro,Mobile,2024-01-02 22:12:00,19,500,0,signup,0
2774,Sweden,Organic,Premium,Mobile,2024-01-02 22:13:00,13,300,0,form_started,0
2775,Denmark,Direct,Pro,Desktop,2024-01-02 22:14:00,3,500,0,form_started,0
2776,Norway,Organic,Premium,Desktop,2024-01-02 22:15:00,8,300,1,completed,300
2777,Sweden,Direct,Pro,Tablet,2024-01-02 22:16:00,5,500,1,completed,500
2778,Denmark,Organic,Basic,Tablet,2024-01-02 22:17:00,12,100,0,signup,0
2779,Denmark,Organic,Pro,Mobile,2024-01-02 22:18:00,1,500,1,completed,500
2780,Norway,Paid,Pro,Mobile,2024-01-02 22:19:00,16,500,0,form_started,0
2781,Sweden,Paid,Basic,Mobile,2024-01-02 22:20:00,12,100,1,completed,100
2782,Sweden,Organic,Basic,Mobile,2024-01-02 22:21:00,17,100,0,signup,0
2783,Norway,Organic,Pro,Tablet,2024-01-02 22:22:00,9,500,0,form_started,0
2784,Norway,Organic,Pro,Desktop,2024-01-02 22:23:00,13,500,1,completed,500
2785,Denmark,Organic,Premium,Tablet,2024-01-02 22:24:00,4,300,0,form_started,0
2786,Denmark,Paid,Basic,Tablet,2024-01-02 22:25:00,4,100,0,signup,0
2787,Norway,Direct,Basic,Tablet,2024-01-02 22:26:00,15,100,0,form_started,0
2788,Sweden,Organic,Premium,Desktop,2024-01-02 22:27:00,10,300,1,completed,300
2789,Denmark,Paid,Pro,Tablet,2024-01-02 22:28:00,6,500,0,form_started,0
2790,Denmark,Organic,Pro,Desktop,2024-01-02 22:29:00,3,500,0,form_started,0
2791,Sweden,Organic,Basic,Mobile,2024-01-02 22:30:00,15,100,1,completed,100
2792,Denmark,Direct,Premium,Tablet,2024-01-02 22:31:00,6,300,1,completed,300
2793,Sweden,Organic,Pro,Mobile,2024-01-02 22:32:00,11,500,0,form_started,0
2794,Sweden,Organic,Basic,Mobile,2024-01-02 22:33:00,2,100,0,signup,0
2795,Sweden,Direct,Pro,Mobile,2024-01-02 22:34:00,2,500,0,signup,0
2796,Norway,Direct,Pro,Tablet,2024-01-02 22:35:00,1,500,0,form_started,0
2797,Norway,Direct,Pro,Mobile,2024-01-02 22:36:00,11,500,1,completed,500
2798,Norway,Direct,Basic,Tablet,2024-01-02 22:37:00,5,100,1,completed,100
2799,Sweden,Paid,Premium,Mobile,2024-01-02 22:38:00,6,300,0,form_started,0
2800,Sweden,Paid,Premium,Tablet,2024-01-02 22:39:00,3,300,0,signup,0
2801,Norway,Paid,Pro,Tablet,2024-01-02 22:40:00,5,500,0,form_started,0
2802,Denmark,Organic,Premium,Tablet,2024-01-02 22:41:00,9,300,0,signup,0
2803,Sweden,Direct,Pro,Mobile,2024-01-02 22:42:00,19,500,0,form_started,0
2804,Denmark,Direct,Basic,Tablet,2024-01-02 22:43:00,5,100,0,form_started,0
2805,Denmark,Paid,Basic,Mobile,2024-01-02 22:44:00,12,100,0,form_started,0
2806,Sweden,Organic,Basic,Desktop,2024-01-02 22:45:00,12,100,0,signup,0
2807,Sweden,Organic,Pro,Mobile,2024-01-02 22:46:00,16,500,0,form_started,0
2808,Denmark,Organic,Premium,Mobile,2024-01-02 22:47:00,7,300,0,signup,0
2809,Denmark,Paid,Basic,Tablet,2024-01-02 22:48:00,14,100,0,signup,0
2810,Norway,Organic,Pro,Mobile,2024-01-02 22:49:00,9,500,0,signup,0
2811,Norway,Organic,Premium,Desktop,2024-01-02 22:50:00,15,300,0,signup,0
2812,Sweden,Organic,Premium,Tablet,2024-01-02 22:51:00,11,300,1,completed,300
2813,Norway,Direct,Premium,Mobile,2024-01-02 22:52:00,4,300,1,completed,300
2814,Norway,Paid,Pro,Mobile,2024-01-02 22:53:00,11,500,1,completed,500
2815,Norway,Direct,Pro,Tablet,2024-01-02 22:54:00,9,500,0,form_started,0
2816,Norway,Direct,Pro,Tablet,2024-01-02 22:55:00,6,500,0,signup,0
2817,Denmark,Paid,Basic,Mobile,2024-01-02 22:56:00,17,100,0,signup,0
2818,Sweden,Direct,Pro,Mobile,2024-01-02 22:57:00,9,500,1,completed,500
2819,Norway,Organic,Basic,Tablet,2024-01-02 22:58:00,6,100,1,completed,100
2820,Denmark,Organic,Basic,Tablet,2024-01-02 22:59:00,6,100,1,completed,100
2821,Denmark,Organic,Basic,Desktop,2024-01-02 23:00:00,4,100,0,signup,0
2822,Denmark,Organic,Pro,Desktop,2024-01-02 23:01:00,11,500,1,completed,500
2823,Norway,Paid,Basic,Desktop,2024-01-02 23:02:00,3,100,1,completed,100
2824,Norway,Direct,Pro,Tablet,2024-01-02 23:03:00,18,500,0,signup,0
2825,Sweden,Direct,Pro,Tablet,2024-01-02 23:04:00,16,500,0,form_started,0
2826,Norway,Organic,Basic,Tablet,2024-01-02 23:05:00,16,100,0,signup,0
2827,Norway,Organic,Basic,Mobile,2024-01-02 23:06:00,12,100,0,signup,0
2828,Denmark,Direct,Basic,Tablet,2024-01-02 23:07:00,14,100,0,signup,0
2829,Sweden,Paid,Pro,Mobile,2024-01-02 23:08:00,9,500,1,completed,500
2830,Norway,Direct,Pro,Tablet,2024-01-02 23:09:00,7,500,1,completed,500
2831,Norway,Organic,Basic,Tablet,2024-01-02 23:10:00,14,100,1,completed,100
2832,Denmark,Organic,Basic,Mobile,2024-01-02 23:11:00,10,100,0,signup,0
2833,Denmark,Paid,Premium,Tablet,2024-01-02 23:12:00,11,300,0,form_started,0
2834,Norway,Direct,Basic,Tablet,2024-01-02 23:13:00,7,100,1,completed,100
2835,Sweden,Paid,Premium,Tablet,2024-01-02 23:14:00,19,300,0,signup,0
2836,Sweden,Paid,Premium,Desktop,2024-01-02 23:15:00,19,300,0,form_started,0
2837,Denmark,Organic,Pro,Tablet,2024-01-02 23:16:00,11,500,1,completed,500
2838,Denmark,Direct,Pro,Mobile,2024-01-02 23:17:00,6,500,0,signup,0
2839,Norway,Organic,Premium,Mobile,2024-01-02 23:18:00,8,300,0,form_started,0
2840,Denmark,Direct,Premium,Mobile,2024-01-02 23:19:00,1,300,0,signup,0
2841,Norway,Organic,Basic,Tablet,2024-01-02 23:20:00,8,100,1,completed,100
2842,Sweden,Organic,Premium,Mobile,2024-01-02 23:21:00,5,300,0,signup,0
2843,Sweden,Direct,Basic,Desktop,2024-01-02 23:22:00,10,100,0,signup,0
2844,Norway,Direct,Pro,Mobile,2024-01-02 23:23:00,2,500,1,completed,500
2845,Denmark,Organic,Basic,Tablet,2024-01-02 23:24:00,4,100,0,signup,0
2846,Sweden,Direct,Pro,Desktop,2024-01-02 23:25:00,2,500,0,form_started,0
2847,Denmark,Organic,Premium,Mobile,2024-01-02 23:26:00,15,300,0,signup,0
2848,Sweden,Direct,Premium,Desktop,2024-01-02 23:27:00,10,300,0,form_started,0
2849,Norway,Organic,Premium,Mobile,2024-01-02 23:28:00,2,300,0,signup,0
2850,Norway,Organic,Basic,Tablet,2024-01-02 23:29:00,6,100,1,completed,100
2851,Norway,Organic,Pro,Desktop,2024-01-02 23:30:00,14,500,0,signup,0
2852,Sweden,Paid,Pro,Mobile,2024-01-02 23:31:00,5,500,1,completed,500
2853,Denmark,Direct,Pro,Mobile,2024-01-02 23:32:00,2,500,0,form_started,0
2854,Denmark,Organic,Pro,Desktop,2024-01-02 23:33:00,14,500,0,signup,0
2855,Denmark,Paid,Pro,Desktop,2024-01-02 23:34:00,13,500,0,form_started,0
2856,Sweden,Organic,Basic,Desktop,2024-01-02 23:35:00,2,100,0,signup,0
2857,Sweden,Paid,Pro,Desktop,2024-01-02 23:36:00,9,500,0,signup,0
2858,Sweden,Organic,Premium,Mobile,2024-01-02 23:37:00,3,300,0,form_started,0
2859,Sweden,Organic,Pro,Mobile,2024-01-02 23:38:00,15,500,0,signup,0
2860,Sweden,Paid,Premium,Mobile,2024-01-02 23:39:00,3,300,1,completed,300
2861,Denmark,Paid,Basic,Tablet,2024-01-02 23:40:00,12,100,0,form_started,0
2862,Sweden,Direct,Basic,Desktop,2024-01-02 23:41:00,6,100,0,signup,0
2863,Sweden,Direct,Premium,Mobile,2024-01-02 23:42:00,19,300,1,completed,300
2864,Denmark,Paid,Pro,Desktop,2024-01-02 23:43:00,17,500,0,signup,0
2865,Sweden,Direct,Basic,Desktop,2024-01-02 23:44:00,6,100,1,completed,100
2866,Denmark,Paid,Basic,Mobile,2024-01-02 23:45:00,19,100,0,form_started,0
2867,Denmark,Direct,Basic,Desktop,2024-01-02 23:46:00,17,100,1,completed,100
2868,Norway,Organic,Pro,Desktop,2024-01-02 23:47:00,16,500,0,signup,0
2869,Norway,Direct,Premium,Desktop,2024-01-02 23:48:00,8,300,1,completed,300
2870,Norway,Organic,Premium,Desktop,2024-01-02 23:49:00,19,300,0,signup,0
2871,Norway,Organic,Pro,Desktop,2024-01-02 23:50:00,8,500,1,completed,500
2872,Sweden,Direct,Basic,Mobile,2024-01-02 23:51:00,15,100,1,completed,100
2873,Norway,Paid,Pro,Mobile,2024-01-02 23:52:00,8,500,0,form_started,0
2874,Denmark,Organic,Pro,Desktop,2024-01-02 23:53:00,3,500,1,completed,500
2875,Sweden,Organic,Premium,Desktop,2024-01-02 23:54:00,16,300,0,form_started,0
2876,Norway,Direct,Pro,Desktop,2024-01-02 23:55:00,3,500,0,signup,0
2877,Denmark,Paid,Pro,Tablet,2024-01-02 23:56:00,1,500,0,form_started,0
2878,Sweden,Paid,Basic,Desktop,2024-01-02 23:57:00,8,100,0,form_started,0
2879,Sweden,Direct,Basic,Tablet,2024-01-02 23:58:00,9,100,0,form_started,0
2880,Norway,Paid,Premium,Tablet,2024-01-02 23:59:00,12,300,1,completed,300
2881,Sweden,Direct,Basic,Tablet,2024-01-03 00:00:00,18,100,1,completed,100
2882,Denmark,Direct,Pro,Mobile,2024-01-03 00:01:00,17,500,1,completed,500
2883,Sweden,Direct,Pro,Tablet,2024-01-03 00:02:00,8,500,0,signup,0
2884,Denmark,Organic,Pro,Desktop,2024-01-03 00:03:00,11,500,0,signup,0
2885,Sweden,Organic,Premium,Desktop,2024-01-03 00:04:00,7,300,0,signup,0
2886,Norway,Organic,Basic,Mobile,2024-01-03 00:05:00,14,100,0,form_started,0
2887,Denmark,Direct,Pro,Mobile,2024-01-03 00:06:00,10,500,0,signup,0
2888,Sweden,Organic,Basic,Desktop,2024-01-03 00:07:00,15,100,1,completed,100
2889,Sweden,Organic,Basic,Mobile,2024-01-03 00:08:00,12,100,1,completed,100
2890,Sweden,Organic,Basic,Mobile,2024-01-03 00:09:00,17,100,0,signup,0
2891,Denmark,Direct,Basic,Tablet,2024-01-03 00:10:00,8,100,0,signup,0
2892,Denmark,Direct,Premium,Tablet,2024-01-03 00:11:00,14,300,0,signup,0
2893,Denmark,Direct,Premium,Mobile,2024-01-03 00:12:00,15,300,0,signup,0
2894,Norway,Organic,Premium,Desktop,2024-01-03 00:13:00,11,300,0,form_started,0
2895,Norway,Paid,Pro,Tablet,2024-01-03 00:14:00,12,500,0,form_started,0
2896,Denmark,Organic,Pro,Desktop,2024-01-03 00:15:00,16,500,0,form_started,0
2897,Sweden,Organic,Pro,Mobile,2024-01-03 00:16:00,18,500,1,completed,500
2898,Norway,Direct,Premium,Desktop,2024-01-03 00:17:00,10,300,0,signup,0
2899,Denmark,Direct,Basic,Desktop,2024-01-03 00:18:00,19,100,1,completed,100
2900,Sweden,Organic,Premium,Desktop,2024-01-03 00:19:00,18,300,0,form_started,0
2901,Norway,Organic,Pro,Desktop,2024-01-03 00:20:00,1,500,0,signup,0
2902,Sweden,Paid,Pro,Mobile,2024-01-03 00:21:00,4,500,1,completed,500
2903,Sweden,Paid,Basic,Mobile,2024-01-03 00:22:00,7,100,0,form_started,0
2904,Sweden,Direct,Premium,Tablet,2024-01-03 00:23:00,1,300,0,signup,0
2905,Sweden,Paid,Basic,Tablet,2024-01-03 00:24:00,8,100,0,signup,0
2906,Norway,Paid,Premium,Tablet,2024-01-03 00:25:00,17,300,1,completed,300
2907,Norway,Direct,Pro,Tablet,2024-01-03 00:26:00,8,500,0,form_started,0
2908,Norway,Paid,Basic,Desktop,2024-01-03 00:27:00,5,100,0,form_started,0
2909,Denmark,Organic,Basic,Tablet,2024-01-03 00:28:00,1,100,0,form_started,0
2910,Norway,Paid,Premium,Tablet,2024-01-03 00:29:00,15,300,0,form_started,0
2911,Sweden,Direct,Premium,Desktop,2024-01-03 00:30:00,4,300,1,completed,300
2912,Norway,Organic,Premium,Mobile,2024-01-03 00:31:00,7,300,1,completed,300
2913,Sweden,Paid,Pro,Tablet,2024-01-03 00:32:00,14,500,0,signup,0
2914,Denmark,Organic,Premium,Mobile,2024-01-03 00:33:00,12,300,0,signup,0
2915,Sweden,Organic,Pro,Tablet,2024-01-03 00:34:00,3,500,1,completed,500
2916,Sweden,Paid,Premium,Mobile,2024-01-03 00:35:00,18,300,0,signup,0
2917,Sweden,Paid,Premium,Tablet,2024-01-03 00:36:00,8,300,1,completed,300
2918,Denmark,Direct,Pro,Mobile,2024-01-03 00:37:00,2,500,0,form_started,0
2919,Norway,Direct,Premium,Mobile,2024-01-03 00:38:00,6,300,0,signup,0
2920,Norway,Organic,Pro,Tablet,2024-01-03 00:39:00,7,500,1,completed,500
2921,Denmark,Direct,Pro,Mobile,2024-01-03 00:40:00,7,500,0,signup,0
2922,Sweden,Organic,Premium,Tablet,2024-01-03 00:41:00,13,300,1,completed,300
2923,Norway,Organic,Premium,Tablet,2024-01-03 00:42:00,1,300,1,completed,300
2924,Denmark,Direct,Basic,Desktop,2024-01-03 00:43:00,8,100,0,signup,0
2925,Norway,Direct,Premium,Tablet,2024-01-03 00:44:00,13,300,1,completed,300
2926,Denmark,Direct,Basic,Tablet,2024-01-03 00:45:00,19,100,0,signup,0
2927,Sweden,Paid,Premium,Tablet,2024-01-03 00:46:00,17,300,1,completed,300
2928,Norway,Organic,Pro,Tablet,2024-01-03 00:47:00,13,500,1,completed,500
2929,Denmark,Organic,Pro,Desktop,2024-01-03 00:48:00,16,500,1,completed,500
2930,Norway,Organic,Basic,Desktop,2024-01-03 00:49:00,15,100,1,completed,100
2931,Norway,Direct,Premium,Desktop,2024-01-03 00:50:00,11,300,0,form_started,0
2932,Norway,Direct,Basic,Desktop,2024-01-03 00:51:00,12,100,1,completed,100
2933,Norway,Direct,Premium,Mobile,2024-01-03 00:52:00,3,300,1,completed,300
2934,Denmark,Direct,Premium,Tablet,2024-01-03 00:53:00,9,300,0,form_started,0
2935,Sweden,Direct,Pro,Desktop,2024-01-03 00:54:00,14,500,0,form_started,0
2936,Denmark,Paid,Basic,Tablet,2024-01-03 00:55:00,7,100,0,form_started,0
2937,Denmark,Direct,Pro,Desktop,2024-01-03 00:56:00,11,500,0,signup,0
2938,Denmark,Organic,Pro,Tablet,2024-01-03 00:57:00,10,500,1,completed,500
2939,Sweden,Direct,Pro,Mobile,2024-01-03 00:58:00,3,500,0,signup,0
2940,Norway,Organic,Basic,Desktop,2024-01-03 00:59:00,19,100,0,form_started,0
2941,Norway,Direct,Premium,Mobile,2024-01-03 01:00:00,2,300,0,form_started,0
2942,Norway,Direct,Premium,Mobile,2024-01-03 01:01:00,17,300,1,completed,300
2943,Sweden,Organic,Basic,Tablet,2024-01-03 01:02:00,2,100,1,completed,100
2944,Norway,Organic,Premium,Desktop,2024-01-03 01:03:00,16,300,0,form_started,0
2945,Sweden,Organic,Basic,Mobile,2024-01-03 01:04:00,17,100,1,completed,100
2946,Norway,Organic,Basic,Tablet,2024-01-03 01:05:00,10,100,0,signup,0
2947,Norway,Paid,Premium,Tablet,2024-01-03 01:06:00,4,300,0,form_started,0
2948,Denmark,Organic,Pro,Tablet,2024-01-03 01:07:00,11,500,1,completed,500
2949,Sweden,Direct,Basic,Mobile,2024-01-03 01:08:00,17,100,0,signup,0
2950,Denmark,Direct,Basic,Tablet,2024-01-03 01:09:00,12,100,0,signup,0
2951,Denmark,Paid,Basic,Tablet,2024-01-03 01:10:00,10,100,0,form_started,0
2952,Denmark,Organic,Basic,Tablet,2024-01-03 01:11:00,16,100,0,form_started,0
2953,Sweden,Direct,Premium,Mobile,2024-01-03 01:12:00,4,300,0,form_started,0
2954,Sweden,Paid,Premium,Tablet,2024-01-03 01:13:00,3,300,0,form_started,0
2955,Norway,Direct,Basic,Mobile,2024-01-03 01:14:00,9,100,0,form_started,0
2956,Denmark,Paid,Pro,Tablet,2024-01-03 01:15:00,6,500,0,form_started,0
2957,Norway,Paid,Premium,Mobile,2024-01-03 01:16:00,12,300,0,signup,0
2958,Denmark,Organic,Pro,Mobile,2024-01-03 01:17:00,1,500,0,form_started,0
2959,Sweden,Paid,Pro,Desktop,2024-01-03 01:18:00,14,500,1,completed,500
2960,Sweden,Direct,Basic,Desktop,2024-01-03 01:19:00,10,100,0,form_started,0
2961,Sweden,Direct,Premium,Desktop,2024-01-03 01:20:00,18,300,1,completed,300
2962,Denmark,Organic,Basic,Mobile,2024-01-03 01:21:00,13,100,0,signup,0
2963,Sweden,Organic,Basic,Tablet,2024-01-03 01:22:00,9,100,1,completed,100
2964,Denmark,Paid,Pro,Tablet,2024-01-03 01:23:00,19,500,0,signup,0
2965,Norway,Organic,Pro,Mobile,2024-01-03 01:24:00,4,500,1,completed,500
2966,Denmark,Direct,Pro,Tablet,2024-01-03 01:25:00,3,500,0,signup,0
2967,Norway,Direct,Basic,Mobile,2024-01-03 01:26:00,6,100,0,form_started,0
2968,Denmark,Organic,Basic,Tablet,2024-01-03 01:27:00,9,100,0,signup,0
2969,Norway,Organic,Basic,Mobile,2024-01-03 01:28:00,10,100,0,signup,0
2970,Sweden,Organic,Basic,Desktop,2024-01-03 01:29:00,9,100,1,completed,100
2971,Norway,Paid,Basic,Desktop,2024-01-03 01:30:00,17,100,1,completed,100
2972,Sweden,Paid,Basic,Tablet,2024-01-03 01:31:00,10,100,0,form_started,0
2973,Sweden,Direct,Basic,Tablet,2024-01-03 01:32:00,6,100,1,completed,100
2974,Norway,Paid,Basic,Tablet,2024-01-03 01:33:00,16,100,0,form_started,0
2975,Denmark,Paid,Premium,Tablet,2024-01-03 01:34:00,17,300,1,completed,300
2976,Denmark,Paid,Premium,Desktop,2024-01-03 01:35:00,11,300,1,completed,300
2977,Denmark,Paid,Premium,Desktop,2024-01-03 01:36:00,7,300,0,signup,0
2978,Denmark,Direct,Premium,Mobile,2024-01-03 01:37:00,4,300,0,form_started,0
2979,Denmark,Organic,Basic,Tablet,2024-01-03 01:38:00,10,100,0,form_started,0
2980,Sweden,Direct,Basic,Desktop,2024-01-03 01:39:00,14,100,0,form_started,0
2981,Denmark,Paid,Pro,Mobile,2024-01-03 01:40:00,17,500,1,completed,500
2982,Sweden,Organic,Pro,Mobile,2024-01-03 01:41:00,14,500,1,completed,500
2983,Sweden,Organic,Premium,Mobile,2024-01-03 01:42:00,13,300,1,completed,300
2984,Sweden,Organic,Pro,Desktop,2024-01-03 01:43:00,2,500,0,signup,0
2985,Norway,Direct,Premium,Mobile,2024-01-03 01:44:00,9,300,0,form_started,0
2986,Norway,Organic,Basic,Tablet,2024-01-03 01:45:00,3,100,0,form_started,0
2987,Sweden,Direct,Basic,Mobile,2024-01-03 01:46:00,4,100,1,completed,100
2988,Norway,Direct,Pro,Mobile,2024-01-03 01:47:00,12,500,0,signup,0
2989,Denmark,Paid,Basic,Desktop,2024-01-03 01:48:00,15,100,1,completed,100
2990,Denmark,Paid,Basic,Mobile,2024-01-03 01:49:00,8,100,0,signup,0
2991,Sweden,Organic,Premium,Desktop,2024-01-03 01:50:00,18,300,0,signup,0
2992,Denmark,Organic,Pro,Desktop,2024-01-03 01:51:00,5,500,0,signup,0
2993,Sweden,Paid,Basic,Tablet,2024-01-03 01:52:00,2,100,1,completed,100
2994,Sweden,Direct,Pro,Mobile,2024-01-03 01:53:00,9,500,0,form_started,0
2995,Denmark,Direct,Basic,Tablet,2024-01-03 01:54:00,14,100,1,completed,100
2996,Norway,Paid,Premium,Tablet,2024-01-03 01:55:00,1,300,0,form_started,0
2997,Denmark,Direct,Basic,Mobile,2024-01-03 01:56:00,4,100,0,form_started,0
2998,Denmark,Paid,Pro,Mobile,2024-01-03 01:57:00,17,500,0,form_started,0
2999,Sweden,Paid,Pro,Desktop,2024-01-03 01:58:00,10,500,1,completed,500
3000,Sweden,Organic,Premium,Mobile,2024-01-03 01:59:00,2,300,0,form_started,0
3001,Sweden,Organic,Basic,Desktop,2024-01-03 02:00:00,6,100,1,completed,100
3002,Sweden,Paid,Premium,Tablet,2024-01-03 02:01:00,19,300,0,form_started,0
3003,Norway,Organic,Pro,Tablet,2024-01-03 02:02:00,9,500,0,form_started,0
3004,Norway,Paid,Premium,Desktop,2024-01-03 02:03:00,19,300,0,signup,0
3005,Norway,Direct,Basic,Mobile,2024-01-03 02:04:00,19,100,0,form_started,0
3006,Sweden,Direct,Basic,Mobile,2024-01-03 02:05:00,9,100,1,completed,100
3007,Sweden,Direct,Premium,Desktop,2024-01-03 02:06:00,3,300,1,completed,300
3008,Sweden,Direct,Pro,Tablet,2024-01-03 02:07:00,6,500,0,form_started,0
3009,Norway,Paid,Pro,Desktop,2024-01-03 02:08:00,6,500,1,completed,500
3010,Sweden,Direct,Premium,Mobile,2024-01-03 02:09:00,17,300,0,signup,0
3011,Denmark,Direct,Basic,Mobile,2024-01-03 02:10:00,13,100,1,completed,100
3012,Denmark,Direct,Basic,Desktop,2024-01-03 02:11:00,13,100,0,form_started,0
3013,Sweden,Direct,Basic,Mobile,2024-01-03 02:12:00,7,100,0,signup,0
3014,Denmark,Paid,Basic,Tablet,2024-01-03 02:13:00,9,100,0,signup,0
3015,Denmark,Direct,Pro,Desktop,2024-01-03 02:14:00,18,500,0,form_started,0
3016,Norway,Organic,Basic,Tablet,2024-01-03 02:15:00,1,100,1,completed,100
3017,Sweden,Organic,Premium,Tablet,2024-01-03 02:16:00,13,300,0,signup,0
3018,Sweden,Organic,Premium,Desktop,2024-01-03 02:17:00,8,300,0,form_started,0
3019,Norway,Organic,Premium,Desktop,2024-01-03 02:18:00,9,300,0,signup,0
3020,Denmark,Organic,Premium,Mobile,2024-01-03 02:19:00,1,300,0,signup,0
3021,Denmark,Organic,Basic,Mobile,2024-01-03 02:20:00,9,100,0,form_started,0
3022,Sweden,Paid,Pro,Desktop,2024-01-03 02:21:00,11,500,0,form_started,0
3023,Denmark,Organic,Basic,Desktop,2024-01-03 02:22:00,4,100,0,signup,0
3024,Norway,Direct,Pro,Mobile,2024-01-03 02:23:00,16,500,0,signup,0
3025,Norway,Organic,Basic,Mobile,2024-01-03 02:24:00,14,100,0,form_started,0
3026,Sweden,Paid,Pro,Mobile,2024-01-03 02:25:00,18,500,0,form_started,0
3027,Norway,Organic,Premium,Desktop,2024-01-03 02:26:00,9,300,1,completed,300
3028,Norway,Direct,Premium,Desktop,2024-01-03 02:27:00,1,300,1,completed,300
3029,Sweden,Direct,Pro,Mobile,2024-01-03 02:28:00,3,500,1,completed,500
3030,Norway,Paid,Pro,Tablet,2024-01-03 02:29:00,1,500,1,completed,500
3031,Norway,Paid,Pro,Tablet,2024-01-03 02:30:00,3,500,1,completed,500
3032,Norway,Paid,Premium,Mobile,2024-01-03 02:31:00,14,300,0,signup,0
3033,Denmark,Paid,Premium,Desktop,2024-01-03 02:32:00,14,300,0,form_started,0
3034,Sweden,Organic,Basic,Desktop,2024-01-03 02:33:00,13,100,1,completed,100
3035,Sweden,Organic,Pro,Tablet,2024-01-03 02:34:00,1,500,0,signup,0
3036,Sweden,Direct,Pro,Mobile,2024-01-03 02:35:00,15,500,0,form_started,0
3037,Denmark,Paid,Pro,Tablet,2024-01-03 02:36:00,7,500,0,form_started,0
3038,Denmark,Paid,Premium,Tablet,2024-01-03 02:37:00,16,300,1,completed,300
3039,Sweden,Organic,Pro,Mobile,2024-01-03 02:38:00,1,500,1,completed,500
3040,Denmark,Paid,Pro,Tablet,2024-01-03 02:39:00,15,500,0,signup,0
3041,Sweden,Direct,Premium,Desktop,2024-01-03 02:40:00,15,300,1,completed,300
3042,Denmark,Direct,Pro,Tablet,2024-01-03 02:41:00,19,500,1,completed,500
3043,Norway,Paid,Basic,Mobile,2024-01-03 02:42:00,6,100,0,form_started,0
3044,Norway,Direct,Premium,Desktop,2024-01-03 02:43:00,6,300,1,completed,300
3045,Sweden,Direct,Premium,Desktop,2024-01-03 02:44:00,1,300,1,completed,300
3046,Denmark,Organic,Premium,Tablet,2024-01-03 02:45:00,16,300,0,signup,0
3047,Denmark,Direct,Basic,Desktop,2024-01-03 02:46:00,18,100,1,completed,100
3048,Norway,Paid,Premium,Mobile,2024-01-03 02:47:00,13,300,0,signup,0
3049,Norway,Paid,Premium,Tablet,2024-01-03 02:48:00,12,300,1,completed,300
3050,Denmark,Direct,Premium,Desktop,2024-01-03 02:49:00,18,300,1,completed,300
3051,Denmark,Paid,Premium,Mobile,2024-01-03 02:50:00,10,300,0,signup,0
3052,Denmark,Organic,Basic,Tablet,2024-01-03 02:51:00,14,100,0,signup,0
3053,Denmark,Direct,Pro,Mobile,2024-01-03 02:52:00,11,500,1,completed,500
3054,Denmark,Direct,Pro,Desktop,2024-01-03 02:53:00,18,500,1,completed,500
3055,Denmark,Direct,Premium,Tablet,2024-01-03 02:54:00,12,300,0,form_started,0
3056,Sweden,Paid,Basic,Tablet,2024-01-03 02:55:00,17,100,1,completed,100
3057,Denmark,Paid,Premium,Desktop,2024-01-03 02:56:00,3,300,0,form_started,0
3058,Norway,Direct,Pro,Mobile,2024-01-03 02:57:00,1,500,0,signup,0
3059,Sweden,Paid,Pro,Desktop,2024-01-03 02:58:00,1,500,1,completed,500
3060,Denmark,Paid,Basic,Tablet,2024-01-03 02:59:00,6,100,1,completed,100
3061,Norway,Direct,Pro,Tablet,2024-01-03 03:00:00,19,500,1,completed,500
3062,Sweden,Direct,Premium,Desktop,2024-01-03 03:01:00,4,300,0,form_started,0
3063,Norway,Paid,Basic,Mobile,2024-01-03 03:02:00,13,100,0,form_started,0
3064,Denmark,Direct,Pro,Desktop,2024-01-03 03:03:00,12,500,1,completed,500
3065,Denmark,Direct,Premium,Mobile,2024-01-03 03:04:00,8,300,0,form_started,0
3066,Denmark,Direct,Basic,Mobile,2024-01-03 03:05:00,7,100,0,form_started,0
3067,Denmark,Direct,Premium,Tablet,2024-01-03 03:06:00,7,300,1,completed,300
3068,Sweden,Paid,Pro,Mobile,2024-01-03 03:07:00,7,500,0,form_started,0
3069,Sweden,Direct,Premium,Tablet,2024-01-03 03:08:00,14,300,0,form_started,0
3070,Norway,Organic,Basic,Mobile,2024-01-03 03:09:00,18,100,0,signup,0
3071,Denmark,Direct,Premium,Mobile,2024-01-03 03:10:00,19,300,1,completed,300
3072,Norway,Organic,Pro,Tablet,2024-01-03 03:11:00,19,500,1,completed,500
3073,Sweden,Direct,Basic,Mobile,2024-01-03 03:12:00,18,100,0,form_started,0
3074,Denmark,Organic,Basic,Desktop,2024-01-03 03:13:00,6,100,0,form_started,0
3075,Denmark,Organic,Pro,Mobile,2024-01-03 03:14:00,16,500,0,signup,0
3076,Sweden,Direct,Premium,Tablet,2024-01-03 03:15:00,3,300,1,completed,300
3077,Sweden,Direct,Premium,Tablet,2024-01-03 03:16:00,2,300,0,signup,0
3078,Sweden,Direct,Pro,Desktop,2024-01-03 03:17:00,15,500,1,completed,500
3079,Sweden,Organic,Basic,Mobile,2024-01-03 03:18:00,11,100,0,signup,0
3080,Sweden,Paid,Pro,Desktop,2024-01-03 03:19:00,19,500,0,form_started,0
3081,Denmark,Paid,Basic,Mobile,2024-01-03 03:20:00,18,100,1,completed,100
3082,Sweden,Direct,Basic,Desktop,2024-01-03 03:21:00,11,100,0,signup,0
3083,Denmark,Paid,Premium,Tablet,2024-01-03 03:22:00,3,300,1,completed,300
3084,Denmark,Paid,Pro,Tablet,2024-01-03 03:23:00,4,500,0,signup,0
3085,Sweden,Direct,Basic,Desktop,2024-01-03 03:24:00,6,100,0,form_started,0
3086,Sweden,Organic,Premium,Mobile,2024-01-03 03:25:00,12,300,0,signup,0
3087,Denmark,Direct,Pro,Mobile,2024-01-03 03:26:00,4,500,0,form_started,0
3088,Sweden,Paid,Pro,Tablet,2024-01-03 03:27:00,12,500,0,form_started,0
3089,Sweden,Organic,Basic,Mobile,2024-01-03 03:28:00,4,100,1,completed,100
3090,Sweden,Paid,Basic,Desktop,2024-01-03 03:29:00,2,100,0,form_started,0
3091,Norway,Organic,Basic,Desktop,2024-01-03 03:30:00,12,100,1,completed,100
3092,Denmark,Paid,Pro,Mobile,2024-01-03 03:31:00,13,500,0,form_started,0
3093,Norway,Direct,Basic,Tablet,2024-01-03 03:32:00,16,100,0,form_started,0
3094,Sweden,Paid,Pro,Tablet,2024-01-03 03:33:00,4,500,0,form_started,0
3095,Norway,Paid,Premium,Tablet,2024-01-03 03:34:00,8,300,1,completed,300
3096,Sweden,Organic,Pro,Tablet,2024-01-03 03:35:00,5,500,0,form_started,0
3097,Norway,Paid,Basic,Tablet,2024-01-03 03:36:00,14,100,0,form_started,0
3098,Sweden,Direct,Pro,Desktop,2024-01-03 03:37:00,15,500,0,signup,0
3099,Norway,Direct,Basic,Mobile,2024-01-03 03:38:00,11,100,0,signup,0
3100,Norway,Direct,Premium,Desktop,2024-01-03 03:39:00,10,300,0,form_started,0
3101,Norway,Organic,Basic,Tablet,2024-01-03 03:40:00,10,100,0,form_started,0
3102,Denmark,Organic,Basic,Tablet,2024-01-03 03:41:00,6,100,0,form_started,0
3103,Norway,Paid,Basic,Mobile,2024-01-03 03:42:00,16,100,0,form_started,0
3104,Denmark,Paid,Basic,Mobile,2024-01-03 03:43:00,4,100,1,completed,100
3105,Sweden,Paid,Basic,Mobile,2024-01-03 03:44:00,9,100,1,completed,100
3106,Norway,Organic,Basic,Desktop,2024-01-03 03:45:00,10,100,1,completed,100
3107,Sweden,Organic,Premium,Mobile,2024-01-03 03:46:00,5,300,0,form_started,0
3108,Sweden,Paid,Premium,Desktop,2024-01-03 03:47:00,10,300,0,signup,0
3109,Norway,Organic,Pro,Tablet,2024-01-03 03:48:00,16,500,1,completed,500
3110,Denmark,Organic,Basic,Desktop,2024-01-03 03:49:00,11,100,0,signup,0
3111,Norway,Direct,Pro,Mobile,2024-01-03 03:50:00,6,500,0,form_started,0
3112,Sweden,Direct,Premium,Desktop,2024-01-03 03:51:00,7,300,1,completed,300
3113,Sweden,Paid,Premium,Desktop,2024-01-03 03:52:00,12,300,1,completed,300
3114,Norway,Paid,Basic,Desktop,2024-01-03 03:53:00,13,100,1,completed,100
3115,Denmark,Direct,Basic,Mobile,2024-01-03 03:54:00,17,100,1,completed,100
3116,Denmark,Organic,Pro,Desktop,2024-01-03 03:55:00,9,500,1,completed,500
3117,Sweden,Paid,Premium,Mobile,2024-01-03 03:56:00,8,300,1,completed,300
3118,Sweden,Paid,Pro,Desktop,2024-01-03 03:57:00,16,500,0,signup,0
3119,Denmark,Paid,Pro,Desktop,2024-01-03 03:58:00,3,500,1,completed,500
3120,Norway,Organic,Pro,Desktop,2024-01-03 03:59:00,5,500,1,completed,500
3121,Sweden,Direct,Basic,Mobile,2024-01-03 04:00:00,13,100,0,signup,0
3122,Denmark,Paid,Premium,Mobile,2024-01-03 04:01:00,18,300,0,form_started,0
3123,Sweden,Direct,Pro,Mobile,2024-01-03 04:02:00,16,500,0,form_started,0
3124,Norway,Direct,Premium,Tablet,2024-01-03 04:03:00,14,300,1,completed,300
3125,Denmark,Organic,Premium,Mobile,2024-01-03 04:04:00,11,300,0,form_started,0
3126,Sweden,Organic,Pro,Desktop,2024-01-03 04:05:00,18,500,0,signup,0
3127,Norway,Organic,Pro,Tablet,2024-01-03 04:06:00,8,500,0,form_started,0
3128,Sweden,Organic,Basic,Mobile,2024-01-03 04:07:00,12,100,1,completed,100
3129,Norway,Organic,Premium,Mobile,2024-01-03 04:08:00,19,300,0,form_started,0
3130,Norway,Organic,Pro,Tablet,2024-01-03 04:09:00,2,500,0,form_started,0
3131,Denmark,Paid,Pro,Tablet,2024-01-03 04:10:00,9,500,0,signup,0
3132,Norway,Direct,Premium,Mobile,2024-01-03 04:11:00,9,300,0,signup,0
3133,Sweden,Organic,Pro,Tablet,2024-01-03 04:12:00,14,500,0,form_started,0
3134,Norway,Paid,Premium,Desktop,2024-01-03 04:13:00,15,300,0,form_started,0
3135,Norway,Direct,Pro,Desktop,2024-01-03 04:14:00,11,500,0,signup,0
3136,Denmark,Organic,Premium,Desktop,2024-01-03 04:15:00,13,300,0,signup,0
3137,Norway,Organic,Pro,Mobile,2024-01-03 04:16:00,5,500,0,form_started,0
3138,Norway,Paid,Pro,Desktop,2024-01-03 04:17:00,6,500,0,form_started,0
3139,Sweden,Direct,Basic,Tablet,2024-01-03 04:18:00,5,100,1,completed,100
3140,Denmark,Organic,Premium,Desktop,2024-01-03 04:19:00,1,300,0,signup,0
3141,Denmark,Direct,Basic,Tablet,2024-01-03 04:20:00,18,100,0,signup,0
3142,Denmark,Paid,Pro,Desktop,2024-01-03 04:21:00,8,500,0,signup,0
3143,Norway,Organic,Premium,Tablet,2024-01-03 04:22:00,17,300,0,signup,0
3144,Denmark,Direct,Premium,Desktop,2024-01-03 04:23:00,11,300,0,signup,0
3145,Norway,Paid,Pro,Desktop,2024-01-03 04:24:00,11,500,0,form_started,0
3146,Norway,Paid,Pro,Desktop,2024-01-03 04:25:00,3,500,1,completed,500
3147,Sweden,Organic,Pro,Tablet,2024-01-03 04:26:00,8,500,0,form_started,0
3148,Sweden,Direct,Pro,Tablet,2024-01-03 04:27:00,8,500,0,form_started,0
3149,Sweden,Organic,Premium,Desktop,2024-01-03 04:28:00,3,300,1,completed,300
3150,Sweden,Organic,Basic,Tablet,2024-01-03 04:29:00,10,100,0,signup,0
3151,Sweden,Direct,Premium,Tablet,2024-01-03 04:30:00,19,300,1,completed,300
3152,Norway,Direct,Premium,Mobile,2024-01-03 04:31:00,14,300,0,form_started,0
3153,Norway,Direct,Premium,Desktop,2024-01-03 04:32:00,18,300,0,form_started,0
3154,Denmark,Paid,Premium,Tablet,2024-01-03 04:33:00,3,300,0,form_started,0
3155,Norway,Paid,Pro,Tablet,2024-01-03 04:34:00,14,500,0,form_started,0
3156,Norway,Direct,Basic,Tablet,2024-01-03 04:35:00,11,100,1,completed,100
3157,Sweden,Paid,Premium,Tablet,2024-01-03 04:36:00,10,300,0,signup,0
3158,Norway,Organic,Premium,Mobile,2024-01-03 04:37:00,14,300,0,form_started,0
3159,Sweden,Direct,Basic,Tablet,2024-01-03 04:38:00,1,100,0,signup,0
3160,Denmark,Organic,Pro,Tablet,2024-01-03 04:39:00,16,500,0,form_started,0
3161,Denmark,Direct,Premium,Mobile,2024-01-03 04:40:00,6,300,1,completed,300
3162,Norway,Organic,Pro,Desktop,2024-01-03 04:41:00,18,500,0,signup,0
3163,Denmark,Direct,Premium,Desktop,2024-01-03 04:42:00,16,300,1,completed,300
3164,Norway,Organic,Premium,Mobile,2024-01-03 04:43:00,19,300,1,completed,300
3165,Denmark,Direct,Basic,Desktop,2024-01-03 04:44:00,16,100,0,form_started,0
3166,Sweden,Direct,Basic,Desktop,2024-01-03 04:45:00,5,100,0,form_started,0
3167,Sweden,Paid,Pro,Mobile,2024-01-03 04:46:00,12,500,0,signup,0
3168,Sweden,Organic,Premium,Tablet,2024-01-03 04:47:00,6,300,0,signup,0
3169,Sweden,Paid,Pro,Mobile,2024-01-03 04:48:00,2,500,0,signup,0
3170,Norway,Organic,Basic,Mobile,2024-01-03 04:49:00,16,100,1,completed,100
3171,Denmark,Paid,Basic,Mobile,2024-01-03 04:50:00,11,100,0,signup,0
3172,Norway,Direct,Basic,Mobile,2024-01-03 04:51:00,12,100,0,form_started,0
3173,Sweden,Paid,Basic,Mobile,2024-01-03 04:52:00,11,100,0,form_started,0
3174,Norway,Paid,Basic,Tablet,2024-01-03 04:53:00,19,100,0,signup,0
3175,Denmark,Direct,Pro,Desktop,2024-01-03 04:54:00,8,500,0,form_started,0
3176,Norway,Paid,Pro,Mobile,2024-01-03 04:55:00,18,500,0,form_started,0
3177,Denmark,Direct,Basic,Tablet,2024-01-03 04:56:00,5,100,0,form_started,0
3178,Norway,Organic,Premium,Mobile,2024-01-03 04:57:00,12,300,0,signup,0
3179,Denmark,Paid,Premium,Tablet,2024-01-03 04:58:00,10,300,1,completed,300
3180,Denmark,Direct,Premium,Desktop,2024-01-03 04:59:00,15,300,1,completed,300
3181,Sweden,Direct,Premium,Tablet,2024-01-03 05:00:00,5,300,0,form_started,0
3182,Denmark,Paid,Premium,Tablet,2024-01-03 05:01:00,17,300,1,completed,300
3183,Sweden,Organic,Basic,Desktop,2024-01-03 05:02:00,4,100,0,form_started,0
3184,Sweden,Paid,Pro,Desktop,2024-01-03 05:03:00,12,500,1,completed,500
3185,Sweden,Direct,Basic,Tablet,2024-01-03 05:04:00,18,100,0,signup,0
3186,Norway,Organic,Premium,Mobile,2024-01-03 05:05:00,8,300,1,completed,300
3187,Norway,Paid,Premium,Mobile,2024-01-03 05:06:00,17,300,1,completed,300
3188,Norway,Direct,Pro,Desktop,2024-01-03 05:07:00,8,500,1,completed,500
3189,Norway,Paid,Basic,Mobile,2024-01-03 05:08:00,13,100,1,completed,100
3190,Denmark,Organic,Pro,Desktop,2024-01-03 05:09:00,3,500,0,signup,0
3191,Denmark,Organic,Premium,Tablet,2024-01-03 05:10:00,3,300,0,form_started,0
3192,Norway,Organic,Premium,Tablet,2024-01-03 05:11:00,7,300,0,form_started,0
3193,Denmark,Organic,Pro,Mobile,2024-01-03 05:12:00,18,500,0,signup,0
3194,Denmark,Organic,Premium,Desktop,2024-01-03 05:13:00,7,300,0,form_started,0
3195,Sweden,Paid,Basic,Mobile,2024-01-03 05:14:00,2,100,0,signup,0
3196,Sweden,Organic,Premium,Mobile,2024-01-03 05:15:00,7,300,1,completed,300
3197,Sweden,Organic,Premium,Tablet,2024-01-03 05:16:00,2,300,0,form_started,0
3198,Sweden,Direct,Basic,Mobile,2024-01-03 05:17:00,7,100,0,signup,0
3199,Denmark,Organic,Premium,Tablet,2024-01-03 05:18:00,14,300,1,completed,300
3200,Norway,Direct,Pro,Desktop,2024-01-03 05:19:00,15,500,0,signup,0
3201,Denmark,Direct,Pro,Mobile,2024-01-03 05:20:00,16,500,0,form_started,0
3202,Denmark,Direct,Premium,Tablet,2024-01-03 05:21:00,8,300,1,completed,300
3203,Denmark,Paid,Basic,Mobile,2024-01-03 05:22:00,16,100,1,completed,100
3204,Sweden,Paid,Basic,Desktop,2024-01-03 05:23:00,7,100,0,signup,0
3205,Sweden,Direct,Pro,Mobile,2024-01-03 05:24:00,11,500,0,form_started,0
3206,Sweden,Paid,Premium,Mobile,2024-01-03 05:25:00,4,300,0,form_started,0
3207,Norway,Organic,Basic,Tablet,2024-01-03 05:26:00,18,100,0,form_started,0
3208,Denmark,Paid,Basic,Desktop,2024-01-03 05:27:00,13,100,0,form_started,0
3209,Norway,Organic,Pro,Desktop,2024-01-03 05:28:00,17,500,1,completed,500
3210,Sweden,Organic,Pro,Desktop,2024-01-03 05:29:00,12,500,1,completed,500
3211,Norway,Paid,Basic,Mobile,2024-01-03 05:30:00,18,100,1,completed,100
3212,Denmark,Paid,Pro,Tablet,2024-01-03 05:31:00,10,500,0,form_started,0
3213,Denmark,Direct,Basic,Mobile,2024-01-03 05:32:00,7,100,0,signup,0
3214,Sweden,Paid,Premium,Mobile,2024-01-03 05:33:00,12,300,0,form_started,0
3215,Sweden,Paid,Pro,Mobile,2024-01-03 05:34:00,12,500,0,form_started,0
3216,Norway,Paid,Pro,Desktop,2024-01-03 05:35:00,13,500,0,form_started,0
3217,Sweden,Organic,Premium,Tablet,2024-01-03 05:36:00,1,300,1,completed,300
3218,Sweden,Organic,Basic,Desktop,2024-01-03 05:37:00,7,100,1,completed,100
3219,Denmark,Organic,Basic,Mobile,2024-01-03 05:38:00,16,100,1,completed,100
3220,Sweden,Direct,Pro,Mobile,2024-01-03 05:39:00,16,500,0,signup,0
3221,Sweden,Direct,Basic,Tablet,2024-01-03 05:40:00,16,100,1,completed,100
3222,Denmark,Direct,Basic,Desktop,2024-01-03 05:41:00,16,100,0,signup,0
3223,Denmark,Organic,Premium,Mobile,2024-01-03 05:42:00,14,300,1,completed,300
3224,Norway,Paid,Premium,Mobile,2024-01-03 05:43:00,11,300,0,signup,0
3225,Sweden,Direct,Premium,Tablet,2024-01-03 05:44:00,19,300,0,signup,0
3226,Denmark,Direct,Pro,Mobile,2024-01-03 05:45:00,11,500,0,form_started,0
3227,Norway,Organic,Premium,Desktop,2024-01-03 05:46:00,2,300,0,form_started,0
3228,Norway,Direct,Premium,Desktop,2024-01-03 05:47:00,7,300,1,completed,300
3229,Sweden,Paid,Basic,Mobile,2024-01-03 05:48:00,9,100,0,signup,0
3230,Sweden,Organic,Premium,Mobile,2024-01-03 05:49:00,9,300,1,completed,300
3231,Norway,Organic,Pro,Mobile,2024-01-03 05:50:00,14,500,0,signup,0
3232,Denmark,Paid,Premium,Tablet,2024-01-03 05:51:00,10,300,0,signup,0
3233,Norway,Paid,Pro,Tablet,2024-01-03 05:52:00,16,500,0,signup,0
3234,Sweden,Paid,Basic,Desktop,2024-01-03 05:53:00,18,100,0,form_started,0
3235,Denmark,Direct,Basic,Desktop,2024-01-03 05:54:00,1,100,0,signup,0
3236,Denmark,Paid,Premium,Mobile,2024-01-03 05:55:00,2,300,0,form_started,0
3237,Norway,Organic,Basic,Mobile,2024-01-03 05:56:00,4,100,1,completed,100
3238,Sweden,Paid,Premium,Mobile,2024-01-03 05:57:00,2,300,0,form_started,0
3239,Norway,Organic,Basic,Tablet,2024-01-03 05:58:00,4,100,0,signup,0
3240,Norway,Organic,Pro,Tablet,2024-01-03 05:59:00,6,500,0,form_started,0
3241,Norway,Direct,Basic,Mobile,2024-01-03 06:00:00,4,100,1,completed,100
3242,Denmark,Paid,Premium,Mobile,2024-01-03 06:01:00,18,300,1,completed,300
3243,Denmark,Direct,Premium,Desktop,2024-01-03 06:02:00,5,300,0,form_started,0
3244,Sweden,Paid,Premium,Tablet,2024-01-03 06:03:00,11,300,0,signup,0
3245,Sweden,Paid,Pro,Mobile,2024-01-03 06:04:00,13,500,0,form_started,0
3246,Norway,Paid,Basic,Tablet,2024-01-03 06:05:00,3,100,1,completed,100
3247,Norway,Paid,Premium,Mobile,2024-01-03 06:06:00,19,300,0,signup,0
3248,Norway,Paid,Pro,Mobile,2024-01-03 06:07:00,11,500,1,completed,500
3249,Sweden,Organic,Pro,Desktop,2024-01-03 06:08:00,11,500,0,signup,0
3250,Denmark,Organic,Pro,Desktop,2024-01-03 06:09:00,2,500,0,signup,0
3251,Denmark,Paid,Basic,Desktop,2024-01-03 06:10:00,15,100,1,completed,100
3252,Norway,Organic,Basic,Mobile,2024-01-03 06:11:00,8,100,0,form_started,0
3253,Norway,Direct,Basic,Desktop,2024-01-03 06:12:00,2,100,1,completed,100
3254,Norway,Direct,Pro,Mobile,2024-01-03 06:13:00,8,500,0,form_started,0
3255,Norway,Direct,Basic,Tablet,2024-01-03 06:14:00,15,100,0,signup,0
3256,Sweden,Paid,Premium,Tablet,2024-01-03 06:15:00,16,300,1,completed,300
3257,Denmark,Paid,Pro,Mobile,2024-01-03 06:16:00,13,500,1,completed,500
3258,Norway,Organic,Basic,Desktop,2024-01-03 06:17:00,17,100,1,completed,100
3259,Sweden,Organic,Pro,Desktop,2024-01-03 06:18:00,14,500,0,signup,0
3260,Norway,Organic,Pro,Tablet,2024-01-03 06:19:00,14,500,0,form_started,0
3261,Norway,Direct,Basic,Mobile,2024-01-03 06:20:00,1,100,0,form_started,0
3262,Denmark,Direct,Pro,Mobile,2024-01-03 06:21:00,1,500,0,signup,0
3263,Norway,Direct,Basic,Mobile,2024-01-03 06:22:00,3,100,0,form_started,0
3264,Denmark,Direct,Basic,Tablet,2024-01-03 06:23:00,15,100,0,form_started,0
3265,Denmark,Organic,Basic,Tablet,2024-01-03 06:24:00,5,100,1,completed,100
3266,Denmark,Paid,Pro,Desktop,2024-01-03 06:25:00,5,500,1,completed,500
3267,Sweden,Paid,Pro,Mobile,2024-01-03 06:26:00,4,500,1,completed,500
3268,Sweden,Direct,Basic,Mobile,2024-01-03 06:27:00,14,100,1,completed,100
3269,Denmark,Paid,Pro,Mobile,2024-01-03 06:28:00,7,500,0,form_started,0
3270,Norway,Paid,Basic,Mobile,2024-01-03 06:29:00,15,100,1,completed,100
3271,Denmark,Paid,Premium,Tablet,2024-01-03 06:30:00,11,300,1,completed,300
3272,Norway,Direct,Pro,Desktop,2024-01-03 06:31:00,14,500,1,completed,500
3273,Denmark,Organic,Pro,Tablet,2024-01-03 06:32:00,6,500,0,form_started,0
3274,Norway,Organic,Premium,Desktop,2024-01-03 06:33:00,10,300,0,form_started,0
3275,Sweden,Paid,Premium,Mobile,2024-01-03 06:34:00,7,300,1,completed,300
3276,Norway,Organic,Premium,Mobile,2024-01-03 06:35:00,10,300,1,completed,300
3277,Denmark,Organic,Basic,Mobile,2024-01-03 06:36:00,14,100,1,completed,100
3278,Sweden,Direct,Basic,Mobile,2024-01-03 06:37:00,5,100,1,completed,100
3279,Norway,Direct,Premium,Mobile,2024-01-03 06:38:00,1,300,0,signup,0
3280,Norway,Paid,Basic,Tablet,2024-01-03 06:39:00,19,100,1,completed,100
3281,Norway,Paid,Pro,Desktop,2024-01-03 06:40:00,8,500,1,completed,500
3282,Norway,Paid,Premium,Tablet,2024-01-03 06:41:00,19,300,1,completed,300
3283,Norway,Direct,Pro,Mobile,2024-01-03 06:42:00,17,500,1,completed,500
3284,Sweden,Organic,Basic,Desktop,2024-01-03 06:43:00,19,100,0,signup,0
3285,Sweden,Direct,Premium,Desktop,2024-01-03 06:44:00,16,300,1,completed,300
3286,Sweden,Direct,Basic,Mobile,2024-01-03 06:45:00,4,100,0,signup,0
3287,Sweden,Organic,Pro,Desktop,2024-01-03 06:46:00,8,500,1,completed,500
3288,Denmark,Organic,Basic,Tablet,2024-01-03 06:47:00,4,100,0,signup,0
3289,Sweden,Paid,Pro,Tablet,2024-01-03 06:48:00,13,500,0,signup,0
3290,Norway,Organic,Basic,Tablet,2024-01-03 06:49:00,7,100,1,completed,100
3291,Norway,Organic,Pro,Tablet,2024-01-03 06:50:00,1,500,0,signup,0
3292,Sweden,Organic,Basic,Desktop,2024-01-03 06:51:00,9,100,0,form_started,0
3293,Norway,Organic,Premium,Tablet,2024-01-03 06:52:00,4,300,1,completed,300
3294,Sweden,Paid,Premium,Desktop,2024-01-03 06:53:00,14,300,0,form_started,0
3295,Norway,Paid,Basic,Mobile,2024-01-03 06:54:00,9,100,0,signup,0
3296,Denmark,Organic,Pro,Tablet,2024-01-03 06:55:00,3,500,1,completed,500
3297,Denmark,Organic,Basic,Mobile,2024-01-03 06:56:00,15,100,0,form_started,0
3298,Sweden,Paid,Premium,Tablet,2024-01-03 06:57:00,5,300,0,signup,0
3299,Sweden,Paid,Pro,Mobile,2024-01-03 06:58:00,1,500,0,signup,0
3300,Sweden,Organic,Basic,Mobile,2024-01-03 06:59:00,11,100,0,signup,0
3301,Norway,Direct,Basic,Mobile,2024-01-03 07:00:00,19,100,0,form_started,0
3302,Sweden,Paid,Pro,Mobile,2024-01-03 07:01:00,5,500,0,form_started,0
3303,Denmark,Paid,Basic,Mobile,2024-01-03 07:02:00,17,100,1,completed,100
3304,Norway,Paid,Premium,Desktop,2024-01-03 07:03:00,19,300,0,form_started,0
3305,Sweden,Organic,Premium,Desktop,2024-01-03 07:04:00,17,300,0,form_started,0
3306,Norway,Organic,Pro,Tablet,2024-01-03 07:05:00,5,500,0,signup,0
3307,Norway,Paid,Basic,Desktop,2024-01-03 07:06:00,9,100,0,form_started,0
3308,Sweden,Organic,Basic,Mobile,2024-01-03 07:07:00,6,100,0,form_started,0
3309,Norway,Organic,Premium,Desktop,2024-01-03 07:08:00,13,300,0,form_started,0
3310,Denmark,Paid,Pro,Desktop,2024-01-03 07:09:00,11,500,1,completed,500
3311,Denmark,Organic,Pro,Mobile,2024-01-03 07:10:00,1,500,0,signup,0
3312,Norway,Direct,Pro,Desktop,2024-01-03 07:11:00,17,500,0,signup,0
3313,Sweden,Organic,Premium,Mobile,2024-01-03 07:12:00,6,300,1,completed,300
3314,Norway,Organic,Premium,Desktop,2024-01-03 07:13:00,3,300,0,form_started,0
3315,Denmark,Paid,Pro,Mobile,2024-01-03 07:14:00,16,500,0,form_started,0
3316,Norway,Paid,Pro,Tablet,2024-01-03 07:15:00,13,500,0,form_started,0
3317,Norway,Direct,Basic,Desktop,2024-01-03 07:16:00,12,100,1,completed,100
3318,Denmark,Organic,Basic,Tablet,2024-01-03 07:17:00,11,100,1,completed,100
3319,Norway,Direct,Pro,Mobile,2024-01-03 07:18:00,2,500,0,signup,0
3320,Norway,Direct,Premium,Mobile,2024-01-03 07:19:00,19,300,0,form_started,0
3321,Sweden,Paid,Premium,Tablet,2024-01-03 07:20:00,8,300,0,signup,0
3322,Sweden,Organic,Basic,Mobile,2024-01-03 07:21:00,13,100,1,completed,100
3323,Denmark,Paid,Pro,Mobile,2024-01-03 07:22:00,14,500,0,signup,0
3324,Denmark,Direct,Premium,Mobile,2024-01-03 07:23:00,15,300,0,form_started,0
3325,Denmark,Direct,Premium,Mobile,2024-01-03 07:24:00,17,300,1,completed,300
3326,Sweden,Paid,Premium,Mobile,2024-01-03 07:25:00,15,300,0,signup,0
3327,Denmark,Paid,Premium,Mobile,2024-01-03 07:26:00,10,300,0,form_started,0
3328,Denmark,Paid,Basic,Mobile,2024-01-03 07:27:00,1,100,1,completed,100
3329,Denmark,Paid,Premium,Mobile,2024-01-03 07:28:00,12,300,1,completed,300
3330,Sweden,Paid,Premium,Tablet,2024-01-03 07:29:00,9,300,1,completed,300
3331,Norway,Direct,Pro,Desktop,2024-01-03 07:30:00,5,500,1,completed,500
3332,Denmark,Paid,Pro,Mobile,2024-01-03 07:31:00,15,500,0,form_started,0
3333,Norway,Organic,Basic,Tablet,2024-01-03 07:32:00,3,100,0,form_started,0
3334,Denmark,Direct,Basic,Mobile,2024-01-03 07:33:00,19,100,0,form_started,0
3335,Norway,Direct,Basic,Desktop,2024-01-03 07:34:00,7,100,0,signup,0
3336,Sweden,Organic,Basic,Mobile,2024-01-03 07:35:00,7,100,0,form_started,0
3337,Sweden,Organic,Premium,Tablet,2024-01-03 07:36:00,7,300,0,form_started,0
3338,Denmark,Direct,Pro,Tablet,2024-01-03 07:37:00,2,500,0,signup,0
3339,Norway,Paid,Premium,Desktop,2024-01-03 07:38:00,2,300,0,signup,0
3340,Sweden,Direct,Premium,Mobile,2024-01-03 07:39:00,12,300,0,form_started,0
3341,Denmark,Direct,Premium,Tablet,2024-01-03 07:40:00,5,300,0,signup,0
3342,Denmark,Organic,Pro,Desktop,2024-01-03 07:41:00,4,500,1,completed,500
3343,Sweden,Direct,Basic,Desktop,2024-01-03 07:42:00,7,100,0,form_started,0
3344,Sweden,Paid,Basic,Mobile,2024-01-03 07:43:00,16,100,0,form_started,0
3345,Denmark,Organic,Pro,Tablet,2024-01-03 07:44:00,3,500,1,completed,500
3346,Norway,Direct,Pro,Mobile,2024-01-03 07:45:00,2,500,1,completed,500
3347,Norway,Direct,Basic,Mobile,2024-01-03 07:46:00,17,100,0,form_started,0
3348,Norway,Paid,Premium,Mobile,2024-01-03 07:47:00,9,300,0,signup,0
3349,Denmark,Direct,Basic,Tablet,2024-01-03 07:48:00,8,100,0,form_started,0
3350,Sweden,Direct,Pro,Desktop,2024-01-03 07:49:00,12,500,0,signup,0
3351,Denmark,Direct,Basic,Mobile,2024-01-03 07:50:00,7,100,0,signup,0
3352,Sweden,Direct,Basic,Mobile,2024-01-03 07:51:00,14,100,0,form_started,0
3353,Norway,Paid,Basic,Tablet,2024-01-03 07:52:00,16,100,0,form_started,0
3354,Norway,Direct,Pro,Mobile,2024-01-03 07:53:00,1,500,0,form_started,0
3355,Sweden,Direct,Pro,Desktop,2024-01-03 07:54:00,10,500,0,signup,0
3356,Sweden,Direct,Basic,Mobile,2024-01-03 07:55:00,11,100,0,signup,0
3357,Denmark,Organic,Basic,Desktop,2024-01-03 07:56:00,7,100,1,completed,100
3358,Norway,Paid,Premium,Mobile,2024-01-03 07:57:00,18,300,0,form_started,0
3359,Denmark,Organic,Premium,Mobile,2024-01-03 07:58:00,19,300,0,signup,0
3360,Denmark,Organic,Basic,Mobile,2024-01-03 07:59:00,14,100,0,signup,0
3361,Denmark,Paid,Pro,Desktop,2024-01-03 08:00:00,17,500,0,signup,0
3362,Norway,Organic,Premium,Mobile,2024-01-03 08:01:00,19,300,0,form_started,0
3363,Denmark,Organic,Basic,Mobile,2024-01-03 08:02:00,13,100,0,form_started,0
3364,Denmark,Organic,Premium,Mobile,2024-01-03 08:03:00,3,300,0,signup,0
3365,Denmark,Paid,Premium,Desktop,2024-01-03 08:04:00,2,300,1,completed,300
3366,Denmark,Direct,Premium,Mobile,2024-01-03 08:05:00,9,300,0,signup,0
3367,Denmark,Paid,Pro,Tablet,2024-01-03 08:06:00,7,500,0,form_started,0
3368,Denmark,Paid,Basic,Desktop,2024-01-03 08:07:00,14,100,1,completed,100
3369,Norway,Paid,Pro,Tablet,2024-01-03 08:08:00,5,500,0,signup,0
3370,Denmark,Organic,Pro,Mobile,2024-01-03 08:09:00,15,500,0,signup,0
3371,Sweden,Direct,Premium,Desktop,2024-01-03 08:10:00,1,300,0,form_started,0
3372,Denmark,Paid,Basic,Desktop,2024-01-03 08:11:00,7,100,0,form_started,0
3373,Denmark,Paid,Premium,Mobile,2024-01-03 08:12:00,5,300,0,form_started,0
3374,Norway,Direct,Pro,Tablet,2024-01-03 08:13:00,4,500,0,signup,0
3375,Norway,Direct,Pro,Desktop,2024-01-03 08:14:00,11,500,0,form_started,0
3376,Sweden,Direct,Basic,Desktop,2024-01-03 08:15:00,19,100,0,signup,0
3377,Sweden,Organic,Pro,Desktop,2024-01-03 08:16:00,6,500,0,form_started,0
3378,Norway,Direct,Pro,Desktop,2024-01-03 08:17:00,18,500,1,completed,500
3379,Norway,Organic,Basic,Desktop,2024-01-03 08:18:00,5,100,1,completed,100
3380,Denmark,Paid,Premium,Mobile,2024-01-03 08:19:00,15,300,0,form_started,0
3381,Norway,Organic,Basic,Desktop,2024-01-03 08:20:00,6,100,1,completed,100
3382,Sweden,Direct,Pro,Tablet,2024-01-03 08:21:00,4,500,1,completed,500
3383,Denmark,Organic,Basic,Desktop,2024-01-03 08:22:00,17,100,1,completed,100
3384,Sweden,Direct,Premium,Mobile,2024-01-03 08:23:00,15,300,0,form_started,0
3385,Denmark,Organic,Pro,Mobile,2024-01-03 08:24:00,18,500,1,completed,500
3386,Norway,Paid,Premium,Tablet,2024-01-03 08:25:00,6,300,1,completed,300
3387,Sweden,Organic,Premium,Desktop,2024-01-03 08:26:00,19,300,0,form_started,0
3388,Denmark,Paid,Basic,Tablet,2024-01-03 08:27:00,12,100,1,completed,100
3389,Denmark,Direct,Premium,Tablet,2024-01-03 08:28:00,9,300,1,completed,300
3390,Norway,Paid,Basic,Tablet,2024-01-03 08:29:00,8,100,0,form_started,0
3391,Norway,Direct,Basic,Tablet,2024-01-03 08:30:00,15,100,0,form_started,0
3392,Norway,Direct,Premium,Desktop,2024-01-03 08:31:00,1,300,0,signup,0
3393,Sweden,Paid,Basic,Mobile,2024-01-03 08:32:00,2,100,0,form_started,0
3394,Denmark,Paid,Basic,Mobile,2024-01-03 08:33:00,3,100,0,signup,0
3395,Norway,Organic,Premium,Desktop,2024-01-03 08:34:00,19,300,0,form_started,0
3396,Sweden,Organic,Pro,Tablet,2024-01-03 08:35:00,10,500,0,signup,0
3397,Sweden,Paid,Basic,Desktop,2024-01-03 08:36:00,14,100,1,completed,100
3398,Sweden,Paid,Basic,Tablet,2024-01-03 08:37:00,19,100,0,signup,0
3399,Norway,Paid,Premium,Tablet,2024-01-03 08:38:00,11,300,0,signup,0
3400,Norway,Paid,Basic,Desktop,2024-01-03 08:39:00,6,100,0,form_started,0
3401,Denmark,Direct,Premium,Desktop,2024-01-03 08:40:00,19,300,1,completed,300
3402,Denmark,Paid,Pro,Tablet,2024-01-03 08:41:00,14,500,0,signup,0
3403,Norway,Paid,Pro,Tablet,2024-01-03 08:42:00,8,500,1,completed,500
3404,Sweden,Paid,Premium,Tablet,2024-01-03 08:43:00,2,300,0,form_started,0
3405,Sweden,Paid,Pro,Tablet,2024-01-03 08:44:00,18,500,0,signup,0
3406,Sweden,Direct,Premium,Desktop,2024-01-03 08:45:00,4,300,0,form_started,0
3407,Denmark,Organic,Basic,Mobile,2024-01-03 08:46:00,3,100,0,signup,0
3408,Sweden,Organic,Pro,Mobile,2024-01-03 08:47:00,2,500,1,completed,500
3409,Denmark,Organic,Basic,Tablet,2024-01-03 08:48:00,4,100,0,signup,0
3410,Denmark,Organic,Basic,Mobile,2024-01-03 08:49:00,18,100,0,form_started,0
3411,Sweden,Organic,Premium,Mobile,2024-01-03 08:50:00,11,300,1,completed,300
3412,Sweden,Direct,Pro,Mobile,2024-01-03 08:51:00,9,500,0,signup,0
3413,Norway,Organic,Pro,Mobile,2024-01-03 08:52:00,8,500,0,signup,0
3414,Norway,Direct,Basic,Mobile,2024-01-03 08:53:00,8,100,1,completed,100
3415,Sweden,Direct,Basic,Mobile,2024-01-03 08:54:00,5,100,0,signup,0
3416,Denmark,Organic,Premium,Tablet,2024-01-03 08:55:00,13,300,1,completed,300
3417,Denmark,Organic,Pro,Tablet,2024-01-03 08:56:00,7,500,1,completed,500
3418,Denmark,Organic,Premium,Tablet,2024-01-03 08:57:00,5,300,0,signup,0
3419,Denmark,Paid,Premium,Desktop,2024-01-03 08:58:00,13,300,0,form_started,0
3420,Denmark,Direct,Premium,Mobile,2024-01-03 08:59:00,16,300,0,signup,0
3421,Norway,Organic,Pro,Mobile,2024-01-03 09:00:00,14,500,0,form_started,0
3422,Sweden,Paid,Premium,Desktop,2024-01-03 09:01:00,5,300,1,completed,300
3423,Norway,Direct,Pro,Mobile,2024-01-03 09:02:00,19,500,0,form_started,0
3424,Denmark,Paid,Premium,Tablet,2024-01-03 09:03:00,4,300,0,signup,0
3425,Denmark,Paid,Basic,Tablet,2024-01-03 09:04:00,11,100,0,signup,0
3426,Denmark,Organic,Premium,Desktop,2024-01-03 09:05:00,2,300,0,form_started,0
3427,Denmark,Direct,Premium,Tablet,2024-01-03 09:06:00,13,300,1,completed,300
3428,Sweden,Paid,Pro,Desktop,2024-01-03 09:07:00,16,500,1,completed,500
3429,Denmark,Direct,Basic,Tablet,2024-01-03 09:08:00,9,100,1,completed,100
3430,Sweden,Organic,Basic,Mobile,2024-01-03 09:09:00,16,100,1,completed,100
3431,Denmark,Direct,Pro,Tablet,2024-01-03 09:10:00,7,500,0,signup,0
3432,Sweden,Paid,Pro,Desktop,2024-01-03 09:11:00,16,500,0,signup,0
3433,Norway,Paid,Basic,Mobile,2024-01-03 09:12:00,13,100,0,form_started,0
3434,Denmark,Direct,Pro,Desktop,2024-01-03 09:13:00,5,500,1,completed,500
3435,Sweden,Paid,Basic,Mobile,2024-01-03 09:14:00,15,100,0,form_started,0
3436,Norway,Paid,Premium,Mobile,2024-01-03 09:15:00,7,300,1,completed,300
3437,Denmark,Paid,Premium,Tablet,2024-01-03 09:16:00,18,300,1,completed,300
3438,Denmark,Organic,Basic,Tablet,2024-01-03 09:17:00,2,100,1,completed,100
3439,Denmark,Organic,Basic,Mobile,2024-01-03 09:18:00,8,100,0,signup,0
3440,Sweden,Paid,Premium,Tablet,2024-01-03 09:19:00,10,300,0,signup,0
3441,Sweden,Direct,Premium,Tablet,2024-01-03 09:20:00,10,300,0,signup,0
3442,Norway,Organic,Basic,Desktop,2024-01-03 09:21:00,11,100,0,signup,0
3443,Sweden,Direct,Pro,Tablet,2024-01-03 09:22:00,8,500,1,completed,500
3444,Sweden,Paid,Pro,Mobile,2024-01-03 09:23:00,16,500,1,completed,500
3445,Denmark,Paid,Basic,Tablet,2024-01-03 09:24:00,16,100,1,completed,100
3446,Denmark,Direct,Pro,Mobile,2024-01-03 09:25:00,17,500,0,form_started,0
3447,Denmark,Organic,Premium,Mobile,2024-01-03 09:26:00,6,300,0,form_started,0
3448,Denmark,Direct,Premium,Desktop,2024-01-03 09:27:00,18,300,1,completed,300
3449,Denmark,Direct,Pro,Mobile,2024-01-03 09:28:00,17,500,0,signup,0
3450,Denmark,Paid,Basic,Mobile,2024-01-03 09:29:00,12,100,1,completed,100
3451,Denmark,Organic,Premium,Desktop,2024-01-03 09:30:00,15,300,1,completed,300
3452,Norway,Direct,Premium,Mobile,2024-01-03 09:31:00,7,300,0,form_started,0
3453,Norway,Organic,Premium,Desktop,2024-01-03 09:32:00,14,300,0,form_started,0
3454,Norway,Paid,Pro,Mobile,2024-01-03 09:33:00,4,500,1,completed,500
3455,Norway,Organic,Basic,Tablet,2024-01-03 09:34:00,17,100,0,form_started,0
3456,Denmark,Paid,Pro,Desktop,2024-01-03 09:35:00,11,500,0,signup,0
3457,Norway,Organic,Basic,Desktop,2024-01-03 09:36:00,6,100,0,form_started,0
3458,Denmark,Direct,Basic,Mobile,2024-01-03 09:37:00,10,100,0,signup,0
3459,Norway,Paid,Pro,Desktop,2024-01-03 09:38:00,15,500,1,completed,500
3460,Sweden,Direct,Premium,Mobile,2024-01-03 09:39:00,6,300,0,form_started,0
3461,Norway,Paid,Basic,Desktop,2024-01-03 09:40:00,16,100,1,completed,100
3462,Norway,Organic,Pro,Desktop,2024-01-03 09:41:00,12,500,0,form_started,0
3463,Denmark,Organic,Premium,Tablet,2024-01-03 09:42:00,19,300,1,completed,300
3464,Norway,Paid,Basic,Mobile,2024-01-03 09:43:00,16,100,1,completed,100
3465,Sweden,Paid,Basic,Tablet,2024-01-03 09:44:00,14,100,1,completed,100
3466,Denmark,Paid,Premium,Desktop,2024-01-03 09:45:00,6,300,0,signup,0
3467,Denmark,Organic,Basic,Mobile,2024-01-03 09:46:00,9,100,0,signup,0
3468,Norway,Paid,Pro,Tablet,2024-01-03 09:47:00,1,500,0,signup,0
3469,Denmark,Paid,Basic,Desktop,2024-01-03 09:48:00,8,100,0,signup,0
3470,Denmark,Direct,Basic,Tablet,2024-01-03 09:49:00,7,100,0,signup,0
3471,Denmark,Paid,Premium,Desktop,2024-01-03 09:50:00,14,300,1,completed,300
3472,Denmark,Direct,Pro,Desktop,2024-01-03 09:51:00,8,500,0,signup,0
3473,Denmark,Direct,Premium,Mobile,2024-01-03 09:52:00,11,300,0,signup,0
3474,Denmark,Direct,Pro,Mobile,2024-01-03 09:53:00,9,500,0,form_started,0
3475,Sweden,Organic,Premium,Mobile,2024-01-03 09:54:00,19,300,1,completed,300
3476,Norway,Direct,Basic,Desktop,2024-01-03 09:55:00,7,100,0,form_started,0
3477,Sweden,Paid,Pro,Tablet,2024-01-03 09:56:00,6,500,0,form_started,0
3478,Denmark,Organic,Pro,Mobile,2024-01-03 09:57:00,18,500,1,completed,500
3479,Denmark,Organic,Basic,Mobile,2024-01-03 09:58:00,5,100,0,signup,0
3480,Norway,Organic,Premium,Mobile,2024-01-03 09:59:00,19,300,1,completed,300
3481,Sweden,Organic,Pro,Mobile,2024-01-03 10:00:00,11,500,0,form_started,0
3482,Norway,Organic,Basic,Desktop,2024-01-03 10:01:00,5,100,0,signup,0
3483,Sweden,Organic,Basic,Tablet,2024-01-03 10:02:00,9,100,0,form_started,0
3484,Denmark,Organic,Pro,Desktop,2024-01-03 10:03:00,8,500,1,completed,500
3485,Norway,Direct,Pro,Desktop,2024-01-03 10:04:00,11,500,0,signup,0
3486,Norway,Paid,Pro,Desktop,2024-01-03 10:05:00,6,500,0,signup,0
3487,Denmark,Paid,Basic,Mobile,2024-01-03 10:06:00,15,100,0,signup,0
3488,Norway,Direct,Premium,Tablet,2024-01-03 10:07:00,6,300,0,form_started,0
3489,Sweden,Direct,Premium,Desktop,2024-01-03 10:08:00,11,300,0,form_started,0
3490,Sweden,Organic,Pro,Desktop,2024-01-03 10:09:00,15,500,1,completed,500
3491,Sweden,Organic,Basic,Desktop,2024-01-03 10:10:00,12,100,1,completed,100
3492,Sweden,Direct,Basic,Mobile,2024-01-03 10:11:00,9,100,0,form_started,0
3493,Denmark,Organic,Pro,Mobile,2024-01-03 10:12:00,10,500,0,signup,0
3494,Norway,Paid,Basic,Desktop,2024-01-03 10:13:00,15,100,0,form_started,0
3495,Sweden,Paid,Basic,Mobile,2024-01-03 10:14:00,17,100,1,completed,100
3496,Denmark,Organic,Basic,Tablet,2024-01-03 10:15:00,16,100,0,form_started,0
3497,Norway,Organic,Pro,Mobile,2024-01-03 10:16:00,8,500,0,form_started,0
3498,Norway,Organic,Pro,Desktop,2024-01-03 10:17:00,17,500,1,completed,500
3499,Denmark,Paid,Pro,Tablet,2024-01-03 10:18:00,11,500,0,form_started,0
3500,Denmark,Organic,Premium,Mobile,2024-01-03 10:19:00,11,300,0,signup,0
3501,Sweden,Direct,Premium,Desktop,2024-01-03 10:20:00,6,300,0,signup,0
3502,Norway,Organic,Pro,Tablet,2024-01-03 10:21:00,2,500,0,signup,0
3503,Norway,Direct,Basic,Tablet,2024-01-03 10:22:00,1,100,1,completed,100
3504,Denmark,Organic,Basic,Tablet,2024-01-03 10:23:00,6,100,0,form_started,0
3505,Norway,Organic,Pro,Mobile,2024-01-03 10:24:00,5,500,0,signup,0
3506,Sweden,Paid,Basic,Tablet,2024-01-03 10:25:00,9,100,0,signup,0
3507,Norway,Direct,Basic,Mobile,2024-01-03 10:26:00,5,100,1,completed,100
3508,Denmark,Direct,Premium,Desktop,2024-01-03 10:27:00,18,300,1,completed,300
3509,Denmark,Direct,Basic,Mobile,2024-01-03 10:28:00,19,100,0,signup,0
3510,Sweden,Paid,Basic,Mobile,2024-01-03 10:29:00,15,100,0,form_started,0
3511,Sweden,Direct,Pro,Desktop,2024-01-03 10:30:00,15,500,0,signup,0
3512,Norway,Paid,Premium,Mobile,2024-01-03 10:31:00,9,300,0,form_started,0
3513,Norway,Organic,Premium,Mobile,2024-01-03 10:32:00,14,300,0,signup,0
3514,Denmark,Organic,Basic,Desktop,2024-01-03 10:33:00,5,100,0,form_started,0
3515,Sweden,Direct,Pro,Tablet,2024-01-03 10:34:00,17,500,1,completed,500
3516,Sweden,Organic,Premium,Desktop,2024-01-03 10:35:00,15,300,0,signup,0
3517,Sweden,Organic,Premium,Tablet,2024-01-03 10:36:00,17,300,0,form_started,0
3518,Norway,Direct,Basic,Mobile,2024-01-03 10:37:00,9,100,1,completed,100
3519,Sweden,Organic,Premium,Desktop,2024-01-03 10:38:00,13,300,0,form_started,0
3520,Denmark,Direct,Pro,Tablet,2024-01-03 10:39:00,13,500,0,form_started,0
3521,Denmark,Direct,Pro,Mobile,2024-01-03 10:40:00,5,500,0,form_started,0
3522,Norway,Organic,Premium,Mobile,2024-01-03 10:41:00,14,300,0,form_started,0
3523,Norway,Organic,Pro,Mobile,2024-01-03 10:42:00,7,500,1,completed,500
3524,Sweden,Organic,Pro,Tablet,2024-01-03 10:43:00,5,500,0,signup,0
3525,Norway,Organic,Basic,Tablet,2024-01-03 10:44:00,12,100,0,form_started,0
3526,Denmark,Organic,Premium,Tablet,2024-01-03 10:45:00,3,300,1,completed,300
3527,Sweden,Paid,Premium,Mobile,2024-01-03 10:46:00,9,300,0,signup,0
3528,Denmark,Organic,Basic,Tablet,2024-01-03 10:47:00,10,100,0,form_started,0
3529,Sweden,Paid,Basic,Desktop,2024-01-03 10:48:00,1,100,0,signup,0
3530,Norway,Direct,Basic,Tablet,2024-01-03 10:49:00,14,100,1,completed,100
3531,Sweden,Organic,Basic,Tablet,2024-01-03 10:50:00,1,100,0,signup,0
3532,Sweden,Organic,Pro,Mobile,2024-01-03 10:51:00,10,500,0,signup,0
3533,Denmark,Organic,Pro,Desktop,2024-01-03 10:52:00,11,500,0,form_started,0
3534,Denmark,Direct,Basic,Desktop,2024-01-03 10:53:00,2,100,1,completed,100
3535,Sweden,Paid,Premium,Desktop,2024-01-03 10:54:00,2,300,1,completed,300
3536,Norway,Paid,Premium,Tablet,2024-01-03 10:55:00,11,300,0,signup,0
3537,Norway,Organic,Premium,Mobile,2024-01-03 10:56:00,8,300,1,completed,300
3538,Denmark,Organic,Basic,Tablet,2024-01-03 10:57:00,3,100,1,completed,100
3539,Norway,Organic,Pro,Mobile,2024-01-03 10:58:00,9,500,1,completed,500
3540,Denmark,Organic,Pro,Desktop,2024-01-03 10:59:00,16,500,1,completed,500
3541,Norway,Direct,Pro,Tablet,2024-01-03 11:00:00,16,500,0,form_started,0
3542,Sweden,Organic,Pro,Mobile,2024-01-03 11:01:00,10,500,0,form_started,0
3543,Denmark,Direct,Premium,Tablet,2024-01-03 11:02:00,6,300,1,completed,300
3544,Denmark,Organic,Premium,Mobile,2024-01-03 11:03:00,11,300,0,signup,0
3545,Sweden,Paid,Pro,Desktop,2024-01-03 11:04:00,8,500,0,form_started,0
3546,Denmark,Paid,Basic,Tablet,2024-01-03 11:05:00,1,100,0,signup,0
3547,Norway,Organic,Pro,Desktop,2024-01-03 11:06:00,6,500,1,completed,500
3548,Norway,Organic,Pro,Tablet,2024-01-03 11:07:00,8,500,1,completed,500
3549,Denmark,Direct,Basic,Tablet,2024-01-03 11:08:00,14,100,0,form_started,0
3550,Norway,Organic,Pro,Mobile,2024-01-03 11:09:00,3,500,1,completed,500
3551,Denmark,Organic,Premium,Mobile,2024-01-03 11:10:00,2,300,1,completed,300
3552,Sweden,Organic,Basic,Mobile,2024-01-03 11:11:00,1,100,1,completed,100
3553,Denmark,Paid,Basic,Desktop,2024-01-03 11:12:00,11,100,0,signup,0
3554,Sweden,Direct,Pro,Desktop,2024-01-03 11:13:00,6,500,0,form_started,0
3555,Norway,Paid,Premium,Tablet,2024-01-03 11:14:00,8,300,1,completed,300
3556,Sweden,Direct,Premium,Mobile,2024-01-03 11:15:00,7,300,0,signup,0
3557,Norway,Paid,Premium,Desktop,2024-01-03 11:16:00,6,300,0,form_started,0
3558,Denmark,Organic,Pro,Tablet,2024-01-03 11:17:00,18,500,0,form_started,0
3559,Norway,Paid,Pro,Desktop,2024-01-03 11:18:00,12,500,1,completed,500
3560,Denmark,Paid,Premium,Tablet,2024-01-03 11:19:00,8,300,0,signup,0
3561,Denmark,Direct,Pro,Mobile,2024-01-03 11:20:00,19,500,0,form_started,0
3562,Sweden,Direct,Premium,Tablet,2024-01-03 11:21:00,5,300,0,form_started,0
3563,Sweden,Paid,Pro,Tablet,2024-01-03 11:22:00,19,500,0,form_started,0
3564,Sweden,Direct,Basic,Mobile,2024-01-03 11:23:00,9,100,1,completed,100
3565,Sweden,Direct,Basic,Mobile,2024-01-03 11:24:00,12,100,0,form_started,0
3566,Norway,Direct,Pro,Tablet,2024-01-03 11:25:00,15,500,0,signup,0
3567,Norway,Direct,Pro,Desktop,2024-01-03 11:26:00,13,500,0,form_started,0
3568,Norway,Direct,Premium,Mobile,2024-01-03 11:27:00,13,300,0,signup,0
3569,Denmark,Paid,Basic,Tablet,2024-01-03 11:28:00,5,100,1,completed,100
3570,Norway,Direct,Premium,Mobile,2024-01-03 11:29:00,2,300,1,completed,300
3571,Norway,Organic,Pro,Mobile,2024-01-03 11:30:00,19,500,0,signup,0
3572,Norway,Paid,Premium,Desktop,2024-01-03 11:31:00,8,300,0,form_started,0
3573,Sweden,Paid,Premium,Mobile,2024-01-03 11:32:00,14,300,0,form_started,0
3574,Norway,Paid,Pro,Tablet,2024-01-03 11:33:00,6,500,0,signup,0
3575,Denmark,Direct,Basic,Tablet,2024-01-03 11:34:00,7,100,0,signup,0
3576,Sweden,Organic,Premium,Mobile,2024-01-03 11:35:00,14,300,0,form_started,0
3577,Denmark,Direct,Pro,Mobile,2024-01-03 11:36:00,6,500,1,completed,500
3578,Norway,Paid,Premium,Desktop,2024-01-03 11:37:00,16,300,1,completed,300
3579,Sweden,Paid,Pro,Desktop,2024-01-03 11:38:00,4,500,0,form_started,0
3580,Denmark,Paid,Pro,Desktop,2024-01-03 11:39:00,7,500,1,completed,500
3581,Norway,Paid,Pro,Tablet,2024-01-03 11:40:00,16,500,1,completed,500
3582,Denmark,Direct,Basic,Desktop,2024-01-03 11:41:00,4,100,0,form_started,0
3583,Denmark,Organic,Basic,Tablet,2024-01-03 11:42:00,7,100,1,completed,100
3584,Denmark,Organic,Pro,Desktop,2024-01-03 11:43:00,2,500,1,completed,500
3585,Norway,Paid,Basic,Tablet,2024-01-03 11:44:00,8,100,0,signup,0
3586,Norway,Organic,Premium,Mobile,2024-01-03 11:45:00,10,300,1,completed,300
3587,Denmark,Paid,Basic,Tablet,2024-01-03 11:46:00,2,100,0,signup,0
3588,Sweden,Paid,Basic,Mobile,2024-01-03 11:47:00,6,100,0,form_started,0
3589,Sweden,Organic,Premium,Tablet,2024-01-03 11:48:00,4,300,0,signup,0
3590,Norway,Paid,Premium,Tablet,2024-01-03 11:49:00,1,300,1,completed,300
3591,Norway,Organic,Premium,Mobile,2024-01-03 11:50:00,6,300,0,form_started,0
3592,Norway,Paid,Pro,Tablet,2024-01-03 11:51:00,12,500,0,signup,0
3593,Norway,Organic,Premium,Tablet,2024-01-03 11:52:00,14,300,0,signup,0
3594,Norway,Paid,Premium,Desktop,2024-01-03 11:53:00,15,300,0,signup,0
3595,Sweden,Organic,Premium,Mobile,2024-01-03 11:54:00,18,300,1,completed,300
3596,Norway,Paid,Pro,Mobile,2024-01-03 11:55:00,17,500,0,form_started,0
3597,Denmark,Paid,Basic,Desktop,2024-01-03 11:56:00,9,100,0,signup,0
3598,Denmark,Paid,Pro,Desktop,2024-01-03 11:57:00,15,500,1,completed,500
3599,Sweden,Organic,Basic,Mobile,2024-01-03 11:58:00,18,100,1,completed,100
3600,Denmark,Direct,Premium,Mobile,2024-01-03 11:59:00,18,300,1,completed,300
3601,Sweden,Paid,Pro,Mobile,2024-01-03 12:00:00,5,500,0,signup,0
3602,Sweden,Paid,Pro,Desktop,2024-01-03 12:01:00,16,500,0,form_started,0
3603,Denmark,Organic,Basic,Desktop,2024-01-03 12:02:00,9,100,1,completed,100
3604,Norway,Paid,Pro,Tablet,2024-01-03 12:03:00,3,500,0,form_started,0
3605,Denmark,Paid,Pro,Desktop,2024-01-03 12:04:00,12,500,1,completed,500
3606,Denmark,Paid,Basic,Tablet,2024-01-03 12:05:00,14,100,0,signup,0
3607,Sweden,Paid,Pro,Tablet,2024-01-03 12:06:00,1,500,0,signup,0
3608,Denmark,Direct,Pro,Desktop,2024-01-03 12:07:00,9,500,0,form_started,0
3609,Sweden,Direct,Premium,Desktop,2024-01-03 12:08:00,9,300,0,form_started,0
3610,Norway,Paid,Premium,Desktop,2024-01-03 12:09:00,13,300,0,signup,0
3611,Norway,Paid,Premium,Desktop,2024-01-03 12:10:00,8,300,0,form_started,0
3612,Norway,Paid,Premium,Mobile,2024-01-03 12:11:00,11,300,1,completed,300
3613,Denmark,Direct,Premium,Desktop,2024-01-03 12:12:00,14,300,0,form_started,0
3614,Sweden,Direct,Pro,Tablet,2024-01-03 12:13:00,16,500,0,form_started,0
3615,Norway,Organic,Pro,Tablet,2024-01-03 12:14:00,11,500,0,form_started,0
3616,Sweden,Organic,Premium,Mobile,2024-01-03 12:15:00,19,300,0,signup,0
3617,Sweden,Paid,Basic,Mobile,2024-01-03 12:16:00,10,100,0,form_started,0
3618,Norway,Paid,Premium,Desktop,2024-01-03 12:17:00,8,300,1,completed,300
3619,Norway,Direct,Pro,Mobile,2024-01-03 12:18:00,11,500,0,form_started,0
3620,Sweden,Paid,Basic,Desktop,2024-01-03 12:19:00,8,100,0,form_started,0
3621,Norway,Paid,Premium,Desktop,2024-01-03 12:20:00,10,300,0,signup,0
3622,Sweden,Direct,Basic,Mobile,2024-01-03 12:21:00,17,100,1,completed,100
3623,Sweden,Direct,Premium,Mobile,2024-01-03 12:22:00,11,300,0,form_started,0
3624,Norway,Direct,Pro,Tablet,2024-01-03 12:23:00,12,500,0,signup,0
3625,Denmark,Direct,Premium,Mobile,2024-01-03 12:24:00,10,300,0,form_started,0
3626,Norway,Organic,Basic,Mobile,2024-01-03 12:25:00,17,100,0,signup,0
3627,Denmark,Direct,Pro,Mobile,2024-01-03 12:26:00,3,500,0,signup,0
3628,Sweden,Direct,Premium,Tablet,2024-01-03 12:27:00,7,300,0,form_started,0
3629,Sweden,Paid,Premium,Desktop,2024-01-03 12:28:00,3,300,0,signup,0
3630,Denmark,Paid,Premium,Tablet,2024-01-03 12:29:00,17,300,0,form_started,0
3631,Sweden,Paid,Premium,Mobile,2024-01-03 12:30:00,8,300,0,signup,0
3632,Denmark,Organic,Pro,Mobile,2024-01-03 12:31:00,19,500,0,signup,0
3633,Denmark,Direct,Pro,Mobile,2024-01-03 12:32:00,14,500,0,signup,0
3634,Sweden,Direct,Premium,Desktop,2024-01-03 12:33:00,5,300,0,form_started,0
3635,Denmark,Organic,Pro,Tablet,2024-01-03 12:34:00,19,500,0,signup,0
3636,Norway,Direct,Basic,Tablet,2024-01-03 12:35:00,13,100,1,completed,100
3637,Norway,Paid,Pro,Desktop,2024-01-03 12:36:00,18,500,0,signup,0
3638,Sweden,Organic,Basic,Tablet,2024-01-03 12:37:00,11,100,0,signup,0
3639,Sweden,Direct,Basic,Desktop,2024-01-03 12:38:00,12,100,1,completed,100
3640,Denmark,Organic,Pro,Desktop,2024-01-03 12:39:00,8,500,0,form_started,0
3641,Denmark,Organic,Premium,Tablet,2024-01-03 12:40:00,12,300,0,form_started,0
3642,Denmark,Direct,Pro,Tablet,2024-01-03 12:41:00,1,500,0,signup,0
3643,Denmark,Paid,Basic,Desktop,2024-01-03 12:42:00,18,100,0,signup,0
3644,Norway,Direct,Basic,Tablet,2024-01-03 12:43:00,2,100,0,form_started,0
3645,Norway,Direct,Pro,Desktop,2024-01-03 12:44:00,12,500,0,form_started,0
3646,Sweden,Paid,Basic,Tablet,2024-01-03 12:45:00,19,100,0,signup,0
3647,Denmark,Direct,Pro,Tablet,2024-01-03 12:46:00,7,500,1,completed,500
3648,Denmark,Direct,Pro,Tablet,2024-01-03 12:47:00,7,500,1,completed,500
3649,Sweden,Direct,Premium,Tablet,2024-01-03 12:48:00,1,300,1,completed,300
3650,Denmark,Organic,Basic,Tablet,2024-01-03 12:49:00,18,100,0,form_started,0
3651,Denmark,Organic,Pro,Mobile,2024-01-03 12:50:00,8,500,1,completed,500
3652,Denmark,Organic,Basic,Mobile,2024-01-03 12:51:00,10,100,1,completed,100
3653,Denmark,Direct,Pro,Tablet,2024-01-03 12:52:00,1,500,1,completed,500
3654,Denmark,Paid,Pro,Tablet,2024-01-03 12:53:00,15,500,0,form_started,0
3655,Sweden,Organic,Premium,Tablet,2024-01-03 12:54:00,15,300,1,completed,300
3656,Denmark,Paid,Pro,Desktop,2024-01-03 12:55:00,4,500,0,form_started,0
3657,Sweden,Direct,Premium,Mobile,2024-01-03 12:56:00,10,300,0,signup,0
3658,Denmark,Organic,Basic,Desktop,2024-01-03 12:57:00,8,100,0,signup,0
3659,Norway,Direct,Premium,Mobile,2024-01-03 12:58:00,14,300,1,completed,300
3660,Norway,Paid,Premium,Mobile,2024-01-03 12:59:00,13,300,0,signup,0
3661,Norway,Organic,Basic,Tablet,2024-01-03 13:00:00,17,100,0,signup,0
3662,Norway,Organic,Premium,Tablet,2024-01-03 13:01:00,7,300,1,completed,300
3663,Sweden,Organic,Premium,Desktop,2024-01-03 13:02:00,6,300,0,signup,0
3664,Sweden,Organic,Pro,Desktop,2024-01-03 13:03:00,9,500,1,completed,500
3665,Denmark,Paid,Premium,Tablet,2024-01-03 13:04:00,8,300,1,completed,300
3666,Norway,Organic,Pro,Tablet,2024-01-03 13:05:00,14,500,0,form_started,0
3667,Sweden,Direct,Premium,Mobile,2024-01-03 13:06:00,3,300,0,form_started,0
3668,Denmark,Organic,Basic,Mobile,2024-01-03 13:07:00,13,100,0,signup,0
3669,Denmark,Paid,Basic,Tablet,2024-01-03 13:08:00,9,100,1,completed,100
3670,Sweden,Organic,Premium,Mobile,2024-01-03 13:09:00,9,300,1,completed,300
3671,Norway,Paid,Pro,Desktop,2024-01-03 13:10:00,11,500,0,form_started,0
3672,Denmark,Paid,Premium,Mobile,2024-01-03 13:11:00,6,300,0,form_started,0
3673,Norway,Direct,Pro,Tablet,2024-01-03 13:12:00,12,500,0,form_started,0
3674,Norway,Organic,Premium,Mobile,2024-01-03 13:13:00,4,300,1,completed,300
3675,Norway,Organic,Basic,Tablet,2024-01-03 13:14:00,4,100,0,form_started,0
3676,Denmark,Organic,Basic,Mobile,2024-01-03 13:15:00,17,100,0,signup,0
3677,Norway,Direct,Pro,Desktop,2024-01-03 13:16:00,7,500,1,completed,500
3678,Denmark,Direct,Premium,Desktop,2024-01-03 13:17:00,6,300,0,form_started,0
3679,Norway,Paid,Pro,Tablet,2024-01-03 13:18:00,8,500,0,signup,0
3680,Denmark,Paid,Basic,Tablet,2024-01-03 13:19:00,7,100,1,completed,100
3681,Norway,Paid,Pro,Tablet,2024-01-03 13:20:00,8,500,0,form_started,0
3682,Sweden,Direct,Premium,Mobile,2024-01-03 13:21:00,9,300,0,form_started,0
3683,Norway,Direct,Pro,Mobile,2024-01-03 13:22:00,1,500,1,completed,500
3684,Norway,Direct,Premium,Mobile,2024-01-03 13:23:00,3,300,0,form_started,0
3685,Denmark,Paid,Premium,Desktop,2024-01-03 13:24:00,18,300,0,signup,0
3686,Denmark,Direct,Basic,Tablet,2024-01-03 13:25:00,19,100,1,completed,100
3687,Norway,Paid,Premium,Mobile,2024-01-03 13:26:00,11,300,0,signup,0
3688,Sweden,Paid,Premium,Desktop,2024-01-03 13:27:00,16,300,1,completed,300
3689,Sweden,Organic,Premium,Tablet,2024-01-03 13:28:00,18,300,0,form_started,0
3690,Denmark,Organic,Pro,Desktop,2024-01-03 13:29:00,6,500,0,form_started,0
3691,Sweden,Organic,Basic,Tablet,2024-01-03 13:30:00,2,100,0,form_started,0
3692,Norway,Paid,Pro,Mobile,2024-01-03 13:31:00,4,500,0,signup,0
3693,Denmark,Organic,Pro,Desktop,2024-01-03 13:32:00,5,500,1,completed,500
3694,Norway,Organic,Basic,Desktop,2024-01-03 13:33:00,14,100,0,signup,0
3695,Denmark,Organic,Pro,Desktop,2024-01-03 13:34:00,1,500,0,signup,0
3696,Denmark,Direct,Pro,Tablet,2024-01-03 13:35:00,14,500,1,completed,500
3697,Denmark,Paid,Premium,Tablet,2024-01-03 13:36:00,13,300,0,form_started,0
3698,Denmark,Organic,Pro,Desktop,2024-01-03 13:37:00,16,500,1,completed,500
3699,Sweden,Direct,Basic,Tablet,2024-01-03 13:38:00,4,100,0,form_started,0
3700,Norway,Direct,Pro,Desktop,2024-01-03 13:39:00,6,500,0,signup,0
3701,Norway,Direct,Premium,Mobile,2024-01-03 13:40:00,9,300,0,signup,0
3702,Norway,Organic,Pro,Desktop,2024-01-03 13:41:00,1,500,0,signup,0
3703,Denmark,Direct,Basic,Desktop,2024-01-03 13:42:00,17,100,0,form_started,0
3704,Sweden,Paid,Premium,Tablet,2024-01-03 13:43:00,4,300,0,form_started,0
3705,Norway,Direct,Pro,Tablet,2024-01-03 13:44:00,6,500,0,form_started,0
3706,Sweden,Direct,Basic,Tablet,2024-01-03 13:45:00,16,100,1,completed,100
3707,Denmark,Direct,Basic,Mobile,2024-01-03 13:46:00,7,100,0,signup,0
3708,Norway,Direct,Pro,Mobile,2024-01-03 13:47:00,5,500,1,completed,500
3709,Sweden,Paid,Pro,Mobile,2024-01-03 13:48:00,9,500,0,signup,0
3710,Denmark,Organic,Premium,Tablet,2024-01-03 13:49:00,19,300,0,form_started,0
3711,Sweden,Paid,Pro,Desktop,2024-01-03 13:50:00,1,500,0,form_started,0
3712,Norway,Paid,Premium,Desktop,2024-01-03 13:51:00,8,300,0,form_started,0
3713,Norway,Organic,Pro,Desktop,2024-01-03 13:52:00,4,500,1,completed,500
3714,Denmark,Direct,Basic,Tablet,2024-01-03 13:53:00,17,100,1,completed,100
3715,Denmark,Organic,Basic,Tablet,2024-01-03 13:54:00,1,100,0,form_started,0
3716,Denmark,Organic,Basic,Mobile,2024-01-03 13:55:00,2,100,0,form_started,0
3717,Sweden,Paid,Basic,Tablet,2024-01-03 13:56:00,14,100,1,completed,100
3718,Sweden,Organic,Premium,Desktop,2024-01-03 13:57:00,2,300,1,completed,300
3719,Sweden,Direct,Basic,Mobile,2024-01-03 13:58:00,1,100,0,form_started,0
3720,Denmark,Paid,Premium,Mobile,2024-01-03 13:59:00,13,300,0,signup,0
3721,Norway,Direct,Premium,Tablet,2024-01-03 14:00:00,8,300,0,signup,0
3722,Norway,Paid,Premium,Mobile,2024-01-03 14:01:00,9,300,1,completed,300
3723,Sweden,Direct,Pro,Mobile,2024-01-03 14:02:00,2,500,1,completed,500
3724,Sweden,Organic,Premium,Tablet,2024-01-03 14:03:00,17,300,0,signup,0
3725,Norway,Organic,Pro,Mobile,2024-01-03 14:04:00,6,500,0,signup,0
3726,Norway,Organic,Premium,Desktop,2024-01-03 14:05:00,3,300,1,completed,300
3727,Sweden,Direct,Pro,Tablet,2024-01-03 14:06:00,17,500,1,completed,500
3728,Sweden,Paid,Pro,Desktop,2024-01-03 14:07:00,6,500,0,form_started,0
3729,Norway,Paid,Basic,Desktop,2024-01-03 14:08:00,8,100,0,signup,0
3730,Denmark,Paid,Premium,Desktop,2024-01-03 14:09:00,14,300,0,signup,0
3731,Sweden,Organic,Pro,Desktop,2024-01-03 14:10:00,10,500,0,signup,0
3732,Norway,Direct,Basic,Mobile,2024-01-03 14:11:00,10,100,0,form_started,0
3733,Norway,Paid,Premium,Mobile,2024-01-03 14:12:00,15,300,0,signup,0
3734,Norway,Direct,Basic,Tablet,2024-01-03 14:13:00,8,100,1,completed,100
3735,Norway,Paid,Pro,Tablet,2024-01-03 14:14:00,11,500,1,completed,500
3736,Denmark,Organic,Basic,Desktop,2024-01-03 14:15:00,16,100,0,signup,0
3737,Norway,Direct,Basic,Desktop,2024-01-03 14:16:00,3,100,1,completed,100
3738,Sweden,Paid,Premium,Tablet,2024-01-03 14:17:00,15,300,1,completed,300
3739,Denmark,Paid,Pro,Tablet,2024-01-03 14:18:00,13,500,0,form_started,0
3740,Norway,Paid,Premium,Tablet,2024-01-03 14:19:00,11,300,1,completed,300
3741,Denmark,Paid,Premium,Tablet,2024-01-03 14:20:00,14,300,0,form_started,0
3742,Sweden,Organic,Basic,Desktop,2024-01-03 14:21:00,7,100,1,completed,100
3743,Norway,Paid,Pro,Tablet,2024-01-03 14:22:00,19,500,0,form_started,0
3744,Sweden,Paid,Premium,Mobile,2024-01-03 14:23:00,15,300,0,signup,0
3745,Norway,Organic,Pro,Desktop,2024-01-03 14:24:00,6,500,0,signup,0
3746,Norway,Paid,Premium,Mobile,2024-01-03 14:25:00,7,300,0,form_started,0
3747,Norway,Direct,Basic,Tablet,2024-01-03 14:26:00,14,100,0,signup,0
3748,Norway,Direct,Premium,Mobile,2024-01-03 14:27:00,4,300,1,completed,300
3749,Norway,Paid,Premium,Tablet,2024-01-03 14:28:00,9,300,0,signup,0
3750,Denmark,Organic,Premium,Mobile,2024-01-03 14:29:00,7,300,0,signup,0
3751,Norway,Organic,Pro,Desktop,2024-01-03 14:30:00,15,500,0,signup,0
3752,Norway,Organic,Basic,Mobile,2024-01-03 14:31:00,3,100,1,completed,100
3753,Denmark,Paid,Pro,Desktop,2024-01-03 14:32:00,5,500,0,form_started,0
3754,Denmark,Paid,Premium,Mobile,2024-01-03 14:33:00,17,300,0,signup,0
3755,Denmark,Direct,Basic,Mobile,2024-01-03 14:34:00,1,100,1,completed,100
3756,Denmark,Organic,Pro,Desktop,2024-01-03 14:35:00,1,500,1,completed,500
3757,Denmark,Paid,Premium,Desktop,2024-01-03 14:36:00,16,300,1,completed,300
3758,Denmark,Paid,Basic,Tablet,2024-01-03 14:37:00,14,100,0,form_started,0
3759,Norway,Paid,Basic,Desktop,2024-01-03 14:38:00,11,100,0,signup,0
3760,Norway,Organic,Premium,Desktop,2024-01-03 14:39:00,14,300,1,completed,300
3761,Sweden,Organic,Basic,Tablet,2024-01-03 14:40:00,8,100,1,completed,100
3762,Norway,Direct,Basic,Desktop,2024-01-03 14:41:00,19,100,1,completed,100
3763,Norway,Organic,Pro,Desktop,2024-01-03 14:42:00,2,500,0,form_started,0
3764,Denmark,Paid,Basic,Mobile,2024-01-03 14:43:00,10,100,1,completed,100
3765,Denmark,Direct,Pro,Tablet,2024-01-03 14:44:00,5,500,0,signup,0
3766,Norway,Organic,Pro,Tablet,2024-01-03 14:45:00,15,500,0,signup,0
3767,Sweden,Organic,Pro,Mobile,2024-01-03 14:46:00,1,500,0,signup,0
3768,Denmark,Organic,Pro,Tablet,2024-01-03 14:47:00,2,500,1,completed,500
3769,Norway,Organic,Basic,Mobile,2024-01-03 14:48:00,19,100,0,form_started,0
3770,Norway,Paid,Basic,Desktop,2024-01-03 14:49:00,17,100,0,signup,0
3771,Sweden,Organic,Pro,Tablet,2024-01-03 14:50:00,15,500,1,completed,500
3772,Sweden,Paid,Basic,Desktop,2024-01-03 14:51:00,18,100,0,form_started,0
3773,Denmark,Paid,Pro,Tablet,2024-01-03 14:52:00,8,500,0,signup,0
3774,Sweden,Paid,Pro,Desktop,2024-01-03 14:53:00,14,500,1,completed,500
3775,Norway,Direct,Pro,Tablet,2024-01-03 14:54:00,8,500,1,completed,500
3776,Norway,Paid,Premium,Tablet,2024-01-03 14:55:00,8,300,0,signup,0
3777,Sweden,Organic,Basic,Desktop,2024-01-03 14:56:00,19,100,1,completed,100
3778,Sweden,Direct,Basic,Mobile,2024-01-03 14:57:00,13,100,0,signup,0
3779,Sweden,Organic,Pro,Tablet,2024-01-03 14:58:00,5,500,1,completed,500
3780,Sweden,Paid,Basic,Mobile,2024-01-03 14:59:00,10,100,1,completed,100
3781,Denmark,Organic,Pro,Mobile,2024-01-03 15:00:00,7,500,0,form_started,0
3782,Sweden,Direct,Basic,Mobile,2024-01-03 15:01:00,9,100,1,completed,100
3783,Denmark,Direct,Pro,Mobile,2024-01-03 15:02:00,14,500,0,form_started,0
3784,Norway,Organic,Pro,Mobile,2024-01-03 15:03:00,6,500,0,form_started,0
3785,Sweden,Organic,Premium,Mobile,2024-01-03 15:04:00,10,300,1,completed,300
3786,Denmark,Organic,Pro,Tablet,2024-01-03 15:05:00,1,500,0,signup,0
3787,Sweden,Direct,Premium,Mobile,2024-01-03 15:06:00,11,300,0,signup,0
3788,Norway,Paid,Basic,Tablet,2024-01-03 15:07:00,8,100,0,signup,0
3789,Norway,Organic,Basic,Tablet,2024-01-03 15:08:00,6,100,0,form_started,0
3790,Norway,Paid,Premium,Tablet,2024-01-03 15:09:00,17,300,1,completed,300
3791,Sweden,Direct,Basic,Desktop,2024-01-03 15:10:00,4,100,1,completed,100
3792,Sweden,Organic,Premium,Mobile,2024-01-03 15:11:00,6,300,0,form_started,0
3793,Denmark,Organic,Basic,Desktop,2024-01-03 15:12:00,15,100,0,signup,0
3794,Norway,Direct,Premium,Mobile,2024-01-03 15:13:00,10,300,0,signup,0
3795,Sweden,Organic,Premium,Desktop,2024-01-03 15:14:00,17,300,0,form_started,0
3796,Norway,Paid,Pro,Tablet,2024-01-03 15:15:00,10,500,0,form_started,0
3797,Norway,Direct,Basic,Desktop,2024-01-03 15:16:00,5,100,0,signup,0
3798,Denmark,Direct,Pro,Tablet,2024-01-03 15:17:00,19,500,0,form_started,0
3799,Denmark,Organic,Premium,Desktop,2024-01-03 15:18:00,7,300,0,form_started,0
3800,Denmark,Direct,Pro,Mobile,2024-01-03 15:19:00,19,500,1,completed,500
3801,Denmark,Organic,Premium,Mobile,2024-01-03 15:20:00,10,300,1,completed,300
3802,Norway,Organic,Basic,Desktop,2024-01-03 15:21:00,19,100,1,completed,100
3803,Denmark,Direct,Basic,Desktop,2024-01-03 15:22:00,11,100,0,form_started,0
3804,Denmark,Organic,Basic,Mobile,2024-01-03 15:23:00,3,100,1,completed,100
3805,Denmark,Paid,Premium,Desktop,2024-01-03 15:24:00,11,300,1,completed,300
3806,Denmark,Paid,Pro,Desktop,2024-01-03 15:25:00,6,500,1,completed,500
3807,Norway,Organic,Basic,Mobile,2024-01-03 15:26:00,6,100,0,form_started,0
3808,Denmark,Paid,Premium,Tablet,2024-01-03 15:27:00,15,300,0,form_started,0
3809,Norway,Organic,Pro,Mobile,2024-01-03 15:28:00,3,500,0,signup,0
3810,Sweden,Paid,Premium,Mobile,2024-01-03 15:29:00,11,300,0,signup,0
3811,Norway,Direct,Premium,Desktop,2024-01-03 15:30:00,8,300,1,completed,300
3812,Norway,Organic,Basic,Mobile,2024-01-03 15:31:00,8,100,0,form_started,0
3813,Denmark,Organic,Premium,Mobile,2024-01-03 15:32:00,16,300,0,signup,0
3814,Sweden,Organic,Premium,Desktop,2024-01-03 15:33:00,3,300,0,form_started,0
3815,Sweden,Organic,Pro,Desktop,2024-01-03 15:34:00,8,500,0,signup,0
3816,Sweden,Organic,Basic,Tablet,2024-01-03 15:35:00,8,100,1,completed,100
3817,Sweden,Organic,Premium,Mobile,2024-01-03 15:36:00,13,300,0,signup,0
3818,Norway,Direct,Premium,Tablet,2024-01-03 15:37:00,1,300,0,signup,0
3819,Sweden,Direct,Pro,Tablet,2024-01-03 15:38:00,10,500,0,form_started,0
3820,Norway,Paid,Premium,Tablet,2024-01-03 15:39:00,5,300,0,signup,0
3821,Norway,Organic,Premium,Tablet,2024-01-03 15:40:00,5,300,1,completed,300
3822,Norway,Paid,Premium,Mobile,2024-01-03 15:41:00,17,300,1,completed,300
3823,Sweden,Paid,Premium,Mobile,2024-01-03 15:42:00,14,300,0,signup,0
3824,Denmark,Direct,Premium,Mobile,2024-01-03 15:43:00,6,300,1,completed,300
3825,Denmark,Paid,Pro,Tablet,2024-01-03 15:44:00,14,500,0,form_started,0
3826,Sweden,Direct,Premium,Desktop,2024-01-03 15:45:00,12,300,1,completed,300
3827,Denmark,Paid,Premium,Mobile,2024-01-03 15:46:00,1,300,1,completed,300
3828,Denmark,Organic,Premium,Tablet,2024-01-03 15:47:00,5,300,1,completed,300
3829,Norway,Paid,Premium,Tablet,2024-01-03 15:48:00,18,300,0,signup,0
3830,Norway,Direct,Basic,Tablet,2024-01-03 15:49:00,14,100,0,signup,0
3831,Sweden,Direct,Basic,Tablet,2024-01-03 15:50:00,7,100,1,completed,100
3832,Sweden,Direct,Basic,Tablet,2024-01-03 15:51:00,15,100,1,completed,100
3833,Denmark,Paid,Basic,Tablet,2024-01-03 15:52:00,9,100,0,form_started,0
3834,Norway,Paid,Pro,Mobile,2024-01-03 15:53:00,15,500,0,signup,0
3835,Sweden,Direct,Basic,Desktop,2024-01-03 15:54:00,16,100,0,form_started,0
3836,Sweden,Organic,Pro,Mobile,2024-01-03 15:55:00,9,500,1,completed,500
3837,Sweden,Organic,Basic,Mobile,2024-01-03 15:56:00,7,100,0,form_started,0
3838,Sweden,Paid,Pro,Tablet,2024-01-03 15:57:00,7,500,1,completed,500
3839,Sweden,Paid,Basic,Mobile,2024-01-03 15:58:00,17,100,1,completed,100
3840,Sweden,Direct,Premium,Desktop,2024-01-03 15:59:00,11,300,0,form_started,0
3841,Denmark,Paid,Basic,Desktop,2024-01-03 16:00:00,6,100,0,form_started,0
3842,Norway,Paid,Basic,Tablet,2024-01-03 16:01:00,14,100,1,completed,100
3843,Norway,Direct,Basic,Desktop,2024-01-03 16:02:00,15,100,0,signup,0
3844,Sweden,Direct,Premium,Tablet,2024-01-03 16:03:00,8,300,0,form_started,0
3845,Norway,Paid,Pro,Desktop,2024-01-03 16:04:00,4,500,0,signup,0
3846,Norway,Organic,Pro,Desktop,2024-01-03 16:05:00,1,500,0,form_started,0
3847,Norway,Paid,Premium,Mobile,2024-01-03 16:06:00,6,300,0,form_started,0
3848,Sweden,Organic,Basic,Desktop,2024-01-03 16:07:00,1,100,1,completed,100
3849,Sweden,Organic,Basic,Tablet,2024-01-03 16:08:00,5,100,1,completed,100
3850,Norway,Organic,Basic,Desktop,2024-01-03 16:09:00,19,100,1,completed,100
3851,Norway,Direct,Pro,Desktop,2024-01-03 16:10:00,5,500,0,signup,0
3852,Sweden,Direct,Pro,Mobile,2024-01-03 16:11:00,5,500,0,form_started,0
3853,Denmark,Direct,Premium,Tablet,2024-01-03 16:12:00,17,300,0,form_started,0
3854,Norway,Paid,Premium,Tablet,2024-01-03 16:13:00,12,300,0,form_started,0
3855,Denmark,Direct,Pro,Tablet,2024-01-03 16:14:00,7,500,0,form_started,0
3856,Norway,Direct,Basic,Mobile,2024-01-03 16:15:00,15,100,0,signup,0
3857,Denmark,Paid,Basic,Desktop,2024-01-03 16:16:00,19,100,0,form_started,0
3858,Denmark,Paid,Basic,Tablet,2024-01-03 16:17:00,13,100,0,signup,0
3859,Denmark,Organic,Basic,Desktop,2024-01-03 16:18:00,12,100,0,form_started,0
3860,Sweden,Paid,Premium,Desktop,2024-01-03 16:19:00,19,300,0,form_started,0
3861,Denmark,Paid,Premium,Desktop,2024-01-03 16:20:00,13,300,0,signup,0
3862,Denmark,Direct,Pro,Mobile,2024-01-03 16:21:00,6,500,1,completed,500
3863,Denmark,Organic,Premium,Desktop,2024-01-03 16:22:00,1,300,0,signup,0
3864,Norway,Organic,Basic,Mobile,2024-01-03 16:23:00,6,100,0,signup,0
3865,Denmark,Paid,Pro,Mobile,2024-01-03 16:24:00,13,500,0,form_started,0
3866,Norway,Direct,Premium,Mobile,2024-01-03 16:25:00,13,300,0,form_started,0
3867,Denmark,Direct,Premium,Tablet,2024-01-03 16:26:00,13,300,1,completed,300
3868,Denmark,Direct,Premium,Mobile,2024-01-03 16:27:00,4,300,0,signup,0
3869,Sweden,Direct,Premium,Tablet,2024-01-03 16:28:00,5,300,1,completed,300
3870,Norway,Paid,Premium,Mobile,2024-01-03 16:29:00,13,300,0,form_started,0
3871,Denmark,Direct,Basic,Mobile,2024-01-03 16:30:00,9,100,0,form_started,0
3872,Norway,Organic,Basic,Mobile,2024-01-03 16:31:00,17,100,1,completed,100
3873,Norway,Organic,Basic,Mobile,2024-01-03 16:32:00,3,100,1,completed,100
3874,Sweden,Paid,Premium,Desktop,2024-01-03 16:33:00,18,300,0,signup,0
3875,Sweden,Direct,Pro,Desktop,2024-01-03 16:34:00,15,500,1,completed,500
3876,Sweden,Direct,Basic,Mobile,2024-01-03 16:35:00,1,100,0,signup,0
3877,Sweden,Direct,Basic,Desktop,2024-01-03 16:36:00,9,100,0,signup,0
3878,Sweden,Direct,Premium,Tablet,2024-01-03 16:37:00,6,300,1,completed,300
3879,Sweden,Paid,Pro,Desktop,2024-01-03 16:38:00,18,500,1,completed,500
3880,Sweden,Direct,Basic,Desktop,2024-01-03 16:39:00,1,100,0,form_started,0
3881,Sweden,Paid,Basic,Desktop,2024-01-03 16:40:00,7,100,1,completed,100
3882,Denmark,Direct,Pro,Mobile,2024-01-03 16:41:00,10,500,0,signup,0
3883,Norway,Direct,Premium,Tablet,2024-01-03 16:42:00,6,300,0,signup,0
3884,Sweden,Organic,Pro,Mobile,2024-01-03 16:43:00,7,500,1,completed,500
3885,Sweden,Paid,Premium,Tablet,2024-01-03 16:44:00,6,300,0,form_started,0
3886,Norway,Organic,Basic,Mobile,2024-01-03 16:45:00,8,100,0,signup,0
3887,Denmark,Paid,Pro,Desktop,2024-01-03 16:46:00,2,500,0,form_started,0
3888,Norway,Direct,Pro,Tablet,2024-01-03 16:47:00,9,500,1,completed,500
3889,Norway,Direct,Basic,Desktop,2024-01-03 16:48:00,9,100,0,signup,0
3890,Sweden,Paid,Basic,Tablet,2024-01-03 16:49:00,7,100,0,signup,0
3891,Norway,Organic,Premium,Tablet,2024-01-03 16:50:00,9,300,0,form_started,0
3892,Norway,Paid,Basic,Mobile,2024-01-03 16:51:00,17,100,1,completed,100
3893,Sweden,Paid,Basic,Mobile,2024-01-03 16:52:00,3,100,1,completed,100
3894,Sweden,Direct,Pro,Desktop,2024-01-03 16:53:00,16,500,1,completed,500
3895,Sweden,Organic,Premium,Desktop,2024-01-03 16:54:00,16,300,1,completed,300
3896,Sweden,Paid,Basic,Tablet,2024-01-03 16:55:00,2,100,0,signup,0
3897,Norway,Organic,Pro,Tablet,2024-01-03 16:56:00,11,500,0,signup,0
3898,Norway,Organic,Basic,Mobile,2024-01-03 16:57:00,16,100,0,signup,0
3899,Denmark,Paid,Basic,Mobile,2024-01-03 16:58:00,15,100,0,form_started,0
3900,Denmark,Organic,Basic,Mobile,2024-01-03 16:59:00,1,100,0,form_started,0
3901,Norway,Direct,Basic,Mobile,2024-01-03 17:00:00,17,100,1,completed,100
3902,Denmark,Direct,Premium,Mobile,2024-01-03 17:01:00,3,300,0,signup,0
3903,Norway,Direct,Pro,Tablet,2024-01-03 17:02:00,19,500,0,form_started,0
3904,Denmark,Direct,Pro,Tablet,2024-01-03 17:03:00,7,500,0,form_started,0
3905,Sweden,Organic,Basic,Desktop,2024-01-03 17:04:00,11,100,0,form_started,0
3906,Denmark,Direct,Pro,Tablet,2024-01-03 17:05:00,18,500,0,form_started,0
3907,Sweden,Paid,Basic,Mobile,2024-01-03 17:06:00,14,100,1,completed,100
3908,Sweden,Direct,Pro,Tablet,2024-01-03 17:07:00,16,500,0,signup,0
3909,Sweden,Paid,Premium,Tablet,2024-01-03 17:08:00,6,300,0,signup,0
3910,Sweden,Paid,Premium,Tablet,2024-01-03 17:09:00,2,300,1,completed,300
3911,Denmark,Direct,Pro,Desktop,2024-01-03 17:10:00,11,500,0,signup,0
3912,Norway,Direct,Basic,Desktop,2024-01-03 17:11:00,11,100,1,completed,100
3913,Sweden,Organic,Basic,Tablet,2024-01-03 17:12:00,10,100,0,signup,0
3914,Denmark,Paid,Basic,Tablet,2024-01-03 17:13:00,4,100,1,completed,100
3915,Sweden,Direct,Basic,Mobile,2024-01-03 17:14:00,17,100,0,form_started,0
3916,Denmark,Organic,Premium,Desktop,2024-01-03 17:15:00,10,300,0,signup,0
3917,Denmark,Direct,Basic,Mobile,2024-01-03 17:16:00,9,100,0,signup,0
3918,Denmark,Direct,Basic,Mobile,2024-01-03 17:17:00,13,100,0,signup,0
3919,Norway,Direct,Basic,Tablet,2024-01-03 17:18:00,11,100,1,completed,100
3920,Denmark,Paid,Basic,Tablet,2024-01-03 17:19:00,10,100,0,signup,0
3921,Denmark,Direct,Premium,Tablet,2024-01-03 17:20:00,5,300,0,signup,0
3922,Norway,Organic,Pro,Mobile,2024-01-03 17:21:00,3,500,0,signup,0
3923,Norway,Direct,Pro,Mobile,2024-01-03 17:22:00,4,500,0,form_started,0
3924,Denmark,Direct,Basic,Mobile,2024-01-03 17:23:00,3,100,0,form_started,0
3925,Norway,Organic,Basic,Tablet,2024-01-03 17:24:00,10,100,0,signup,0
3926,Sweden,Organic,Pro,Tablet,2024-01-03 17:25:00,13,500,0,signup,0
3927,Sweden,Paid,Premium,Tablet,2024-01-03 17:26:00,5,300,0,signup,0
3928,Norway,Paid,Premium,Mobile,2024-01-03 17:27:00,13,300,1,completed,300
3929,Norway,Paid,Premium,Mobile,2024-01-03 17:28:00,1,300,0,form_started,0
3930,Denmark,Paid,Premium,Desktop,2024-01-03 17:29:00,11,300,0,form_started,0
3931,Norway,Organic,Premium,Tablet,2024-01-03 17:30:00,3,300,0,signup,0
3932,Denmark,Direct,Premium,Mobile,2024-01-03 17:31:00,17,300,1,completed,300
3933,Sweden,Direct,Premium,Desktop,2024-01-03 17:32:00,19,300,0,signup,0
3934,Norway,Direct,Premium,Mobile,2024-01-03 17:33:00,13,300,0,form_started,0
3935,Denmark,Paid,Premium,Mobile,2024-01-03 17:34:00,16,300,0,signup,0
3936,Denmark,Organic,Basic,Tablet,2024-01-03 17:35:00,18,100,0,signup,0
3937,Sweden,Organic,Premium,Desktop,2024-01-03 17:36:00,19,300,0,form_started,0
3938,Norway,Organic,Basic,Mobile,2024-01-03 17:37:00,6,100,1,completed,100
3939,Sweden,Direct,Pro,Desktop,2024-01-03 17:38:00,7,500,0,form_started,0
3940,Denmark,Paid,Basic,Desktop,2024-01-03 17:39:00,15,100,0,form_started,0
3941,Denmark,Organic,Pro,Tablet,2024-01-03 17:40:00,5,500,1,completed,500
3942,Norway,Paid,Basic,Desktop,2024-01-03 17:41:00,16,100,0,signup,0
3943,Denmark,Organic,Pro,Tablet,2024-01-03 17:42:00,6,500,0,form_started,0
3944,Norway,Paid,Basic,Tablet,2024-01-03 17:43:00,3,100,0,form_started,0
3945,Sweden,Organic,Basic,Tablet,2024-01-03 17:44:00,12,100,1,completed,100
3946,Norway,Paid,Pro,Desktop,2024-01-03 17:45:00,4,500,0,signup,0
3947,Norway,Organic,Premium,Mobile,2024-01-03 17:46:00,3,300,0,form_started,0
3948,Denmark,Organic,Premium,Tablet,2024-01-03 17:47:00,16,300,0,form_started,0
3949,Denmark,Paid,Premium,Mobile,2024-01-03 17:48:00,16,300,0,form_started,0
3950,Norway,Paid,Premium,Desktop,2024-01-03 17:49:00,19,300,0,signup,0
3951,Denmark,Direct,Premium,Mobile,2024-01-03 17:50:00,15,300,1,completed,300
3952,Denmark,Paid,Basic,Mobile,2024-01-03 17:51:00,9,100,0,signup,0
3953,Denmark,Organic,Premium,Tablet,2024-01-03 17:52:00,2,300,1,completed,300
3954,Norway,Organic,Basic,Tablet,2024-01-03 17:53:00,6,100,0,form_started,0
3955,Denmark,Paid,Pro,Tablet,2024-01-03 17:54:00,14,500,1,completed,500
3956,Norway,Direct,Premium,Desktop,2024-01-03 17:55:00,9,300,1,completed,300
3957,Denmark,Paid,Premium,Mobile,2024-01-03 17:56:00,10,300,0,signup,0
3958,Sweden,Organic,Premium,Desktop,2024-01-03 17:57:00,18,300,0,signup,0
3959,Denmark,Organic,Premium,Desktop,2024-01-03 17:58:00,15,300,1,completed,300
3960,Denmark,Direct,Basic,Desktop,2024-01-03 17:59:00,4,100,0,signup,0
3961,Norway,Paid,Basic,Desktop,2024-01-03 18:00:00,5,100,0,form_started,0
3962,Norway,Organic,Basic,Tablet,2024-01-03 18:01:00,6,100,1,completed,100
3963,Denmark,Organic,Pro,Mobile,2024-01-03 18:02:00,15,500,0,signup,0
3964,Sweden,Organic,Basic,Tablet,2024-01-03 18:03:00,2,100,0,signup,0
3965,Denmark,Paid,Premium,Tablet,2024-01-03 18:04:00,16,300,1,completed,300
3966,Denmark,Paid,Pro,Desktop,2024-01-03 18:05:00,5,500,0,signup,0
3967,Sweden,Direct,Pro,Tablet,2024-01-03 18:06:00,4,500,0,form_started,0
3968,Norway,Organic,Premium,Mobile,2024-01-03 18:07:00,1,300,0,signup,0
3969,Denmark,Organic,Premium,Desktop,2024-01-03 18:08:00,8,300,0,signup,0
3970,Norway,Direct,Premium,Tablet,2024-01-03 18:09:00,10,300,1,completed,300
3971,Norway,Organic,Premium,Desktop,2024-01-03 18:10:00,15,300,1,completed,300
3972,Sweden,Direct,Basic,Mobile,2024-01-03 18:11:00,2,100,0,signup,0
3973,Sweden,Direct,Pro,Desktop,2024-01-03 18:12:00,19,500,1,completed,500
3974,Norway,Organic,Premium,Tablet,2024-01-03 18:13:00,12,300,0,signup,0
3975,Denmark,Paid,Basic,Tablet,2024-01-03 18:14:00,10,100,1,completed,100
3976,Norway,Paid,Premium,Mobile,2024-01-03 18:15:00,12,300,0,form_started,0
3977,Denmark,Paid,Basic,Mobile,2024-01-03 18:16:00,9,100,0,signup,0
3978,Denmark,Paid,Premium,Desktop,2024-01-03 18:17:00,8,300,0,form_started,0
3979,Sweden,Organic,Premium,Tablet,2024-01-03 18:18:00,2,300,0,signup,0
3980,Denmark,Direct,Premium,Mobile,2024-01-03 18:19:00,7,300,0,form_started,0
3981,Denmark,Direct,Basic,Mobile,2024-01-03 18:20:00,4,100,0,signup,0
3982,Norway,Organic,Premium,Tablet,2024-01-03 18:21:00,19,300,1,completed,300
3983,Sweden,Paid,Basic,Mobile,2024-01-03 18:22:00,8,100,1,completed,100
3984,Denmark,Direct,Basic,Mobile,2024-01-03 18:23:00,13,100,1,completed,100
3985,Denmark,Organic,Pro,Tablet,2024-01-03 18:24:00,3,500,0,form_started,0
3986,Sweden,Organic,Basic,Mobile,2024-01-03 18:25:00,5,100,0,form_started,0
3987,Norway,Paid,Basic,Tablet,2024-01-03 18:26:00,8,100,0,form_started,0
3988,Sweden,Organic,Basic,Tablet,2024-01-03 18:27:00,2,100,0,signup,0
3989,Sweden,Direct,Basic,Desktop,2024-01-03 18:28:00,10,100,0,form_started,0
3990,Denmark,Direct,Basic,Tablet,2024-01-03 18:29:00,16,100,0,signup,0
3991,Denmark,Organic,Pro,Mobile,2024-01-03 18:30:00,4,500,0,form_started,0
3992,Norway,Direct,Premium,Desktop,2024-01-03 18:31:00,14,300,1,completed,300
3993,Denmark,Organic,Pro,Desktop,2024-01-03 18:32:00,3,500,1,completed,500
3994,Denmark,Direct,Pro,Mobile,2024-01-03 18:33:00,10,500,0,signup,0
3995,Sweden,Paid,Premium,Desktop,2024-01-03 18:34:00,13,300,0,signup,0
3996,Denmark,Direct,Basic,Mobile,2024-01-03 18:35:00,5,100,0,form_started,0
3997,Norway,Paid,Premium,Desktop,2024-01-03 18:36:00,17,300,0,signup,0
3998,Sweden,Paid,Basic,Mobile,2024-01-03 18:37:00,17,100,0,signup,0
3999,Norway,Organic,Premium,Tablet,2024-01-03 18:38:00,11,300,1,completed,300
4000,Sweden,Paid,Pro,Tablet,2024-01-03 18:39:00,19,500,0,form_started,0
4001,Denmark,Direct,Basic,Desktop,2024-01-03 18:40:00,18,100,0,signup,0
4002,Sweden,Direct,Pro,Desktop,2024-01-03 18:41:00,17,500,0,signup,0
4003,Sweden,Paid,Basic,Tablet,2024-01-03 18:42:00,11,100,0,signup,0
4004,Denmark,Organic,Premium,Mobile,2024-01-03 18:43:00,15,300,0,form_started,0
4005,Denmark,Paid,Premium,Desktop,2024-01-03 18:44:00,8,300,0,signup,0
4006,Norway,Direct,Premium,Tablet,2024-01-03 18:45:00,12,300,0,form_started,0
4007,Norway,Direct,Premium,Desktop,2024-01-03 18:46:00,17,300,1,completed,300
4008,Denmark,Paid,Premium,Tablet,2024-01-03 18:47:00,5,300,0,form_started,0
4009,Denmark,Paid,Pro,Tablet,2024-01-03 18:48:00,4,500,0,form_started,0
4010,Denmark,Paid,Pro,Tablet,2024-01-03 18:49:00,11,500,1,completed,500
4011,Sweden,Direct,Basic,Mobile,2024-01-03 18:50:00,8,100,0,form_started,0
4012,Sweden,Direct,Pro,Desktop,2024-01-03 18:51:00,16,500,0,signup,0
4013,Sweden,Direct,Basic,Mobile,2024-01-03 18:52:00,16,100,0,signup,0
4014,Denmark,Organic,Basic,Mobile,2024-01-03 18:53:00,3,100,1,completed,100
4015,Norway,Direct,Pro,Tablet,2024-01-03 18:54:00,12,500,0,signup,0
4016,Denmark,Direct,Pro,Mobile,2024-01-03 18:55:00,13,500,0,signup,0
4017,Sweden,Organic,Basic,Desktop,2024-01-03 18:56:00,1,100,0,signup,0
4018,Sweden,Organic,Pro,Desktop,2024-01-03 18:57:00,4,500,1,completed,500
4019,Denmark,Organic,Pro,Tablet,2024-01-03 18:58:00,6,500,0,form_started,0
4020,Denmark,Organic,Pro,Tablet,2024-01-03 18:59:00,5,500,0,form_started,0
4021,Sweden,Organic,Premium,Desktop,2024-01-03 19:00:00,5,300,1,completed,300
4022,Sweden,Organic,Premium,Desktop,2024-01-03 19:01:00,10,300,0,form_started,0
4023,Sweden,Paid,Basic,Tablet,2024-01-03 19:02:00,19,100,0,signup,0
4024,Denmark,Paid,Pro,Mobile,2024-01-03 19:03:00,18,500,1,completed,500
4025,Sweden,Paid,Basic,Desktop,2024-01-03 19:04:00,2,100,0,form_started,0
4026,Sweden,Paid,Pro,Tablet,2024-01-03 19:05:00,16,500,1,completed,500
4027,Norway,Direct,Premium,Tablet,2024-01-03 19:06:00,15,300,0,signup,0
4028,Denmark,Organic,Pro,Desktop,2024-01-03 19:07:00,5,500,0,signup,0
4029,Norway,Direct,Pro,Tablet,2024-01-03 19:08:00,9,500,0,signup,0
4030,Norway,Organic,Pro,Desktop,2024-01-03 19:09:00,5,500,0,form_started,0
4031,Sweden,Organic,Premium,Tablet,2024-01-03 19:10:00,5,300,0,form_started,0
4032,Denmark,Direct,Premium,Tablet,2024-01-03 19:11:00,9,300,1,completed,300
4033,Sweden,Paid,Premium,Mobile,2024-01-03 19:12:00,9,300,0,form_started,0
4034,Denmark,Direct,Basic,Tablet,2024-01-03 19:13:00,2,100,1,completed,100
4035,Norway,Direct,Pro,Desktop,2024-01-03 19:14:00,7,500,0,form_started,0
4036,Denmark,Organic,Premium,Desktop,2024-01-03 19:15:00,1,300,1,completed,300
4037,Sweden,Organic,Basic,Mobile,2024-01-03 19:16:00,2,100,0,form_started,0
4038,Sweden,Organic,Premium,Desktop,2024-01-03 19:17:00,12,300,0,signup,0
4039,Sweden,Paid,Pro,Tablet,2024-01-03 19:18:00,6,500,0,form_started,0
4040,Denmark,Direct,Basic,Mobile,2024-01-03 19:19:00,19,100,0,form_started,0
4041,Norway,Direct,Premium,Desktop,2024-01-03 19:20:00,16,300,0,form_started,0
4042,Norway,Paid,Premium,Tablet,2024-01-03 19:21:00,4,300,0,signup,0
4043,Denmark,Direct,Basic,Mobile,2024-01-03 19:22:00,18,100,1,completed,100
4044,Sweden,Direct,Basic,Tablet,2024-01-03 19:23:00,5,100,1,completed,100
4045,Norway,Organic,Basic,Desktop,2024-01-03 19:24:00,18,100,1,completed,100
4046,Sweden,Paid,Basic,Desktop,2024-01-03 19:25:00,6,100,0,form_started,0
4047,Denmark,Organic,Basic,Desktop,2024-01-03 19:26:00,14,100,1,completed,100
4048,Sweden,Paid,Premium,Desktop,2024-01-03 19:27:00,17,300,0,form_started,0
4049,Norway,Organic,Basic,Mobile,2024-01-03 19:28:00,18,100,0,signup,0
4050,Norway,Direct,Basic,Desktop,2024-01-03 19:29:00,10,100,0,form_started,0
4051,Sweden,Paid,Pro,Mobile,2024-01-03 19:30:00,19,500,0,signup,0
4052,Denmark,Paid,Premium,Mobile,2024-01-03 19:31:00,18,300,0,signup,0
4053,Sweden,Organic,Pro,Tablet,2024-01-03 19:32:00,4,500,0,form_started,0
4054,Denmark,Paid,Premium,Desktop,2024-01-03 19:33:00,15,300,0,form_started,0
4055,Sweden,Direct,Premium,Tablet,2024-01-03 19:34:00,6,300,1,completed,300
4056,Norway,Direct,Premium,Tablet,2024-01-03 19:35:00,6,300,1,completed,300
4057,Denmark,Direct,Basic,Tablet,2024-01-03 19:36:00,3,100,0,form_started,0
4058,Denmark,Organic,Pro,Tablet,2024-01-03 19:37:00,9,500,0,signup,0
4059,Denmark,Paid,Premium,Tablet,2024-01-03 19:38:00,11,300,1,completed,300
4060,Norway,Organic,Premium,Desktop,2024-01-03 19:39:00,5,300,0,form_started,0
4061,Sweden,Direct,Premium,Tablet,2024-01-03 19:40:00,14,300,1,completed,300
4062,Norway,Paid,Pro,Mobile,2024-01-03 19:41:00,2,500,1,completed,500
4063,Denmark,Direct,Premium,Mobile,2024-01-03 19:42:00,19,300,0,signup,0
4064,Sweden,Paid,Pro,Desktop,2024-01-03 19:43:00,8,500,0,signup,0
4065,Norway,Paid,Pro,Mobile,2024-01-03 19:44:00,13,500,1,completed,500
4066,Denmark,Organic,Basic,Tablet,2024-01-03 19:45:00,19,100,1,completed,100
4067,Denmark,Paid,Premium,Mobile,2024-01-03 19:46:00,5,300,0,form_started,0
4068,Norway,Direct,Premium,Tablet,2024-01-03 19:47:00,15,300,0,form_started,0
4069,Norway,Paid,Pro,Desktop,2024-01-03 19:48:00,4,500,0,signup,0
4070,Norway,Direct,Pro,Mobile,2024-01-03 19:49:00,4,500,0,form_started,0
4071,Denmark,Organic,Basic,Mobile,2024-01-03 19:50:00,18,100,1,completed,100
4072,Norway,Direct,Premium,Mobile,2024-01-03 19:51:00,19,300,1,completed,300
4073,Denmark,Paid,Pro,Desktop,2024-01-03 19:52:00,9,500,0,signup,0
4074,Norway,Direct,Premium,Desktop,2024-01-03 19:53:00,15,300,0,form_started,0
4075,Denmark,Direct,Premium,Mobile,2024-01-03 19:54:00,12,300,1,completed,300
4076,Denmark,Paid,Premium,Desktop,2024-01-03 19:55:00,4,300,0,form_started,0
4077,Sweden,Direct,Pro,Tablet,2024-01-03 19:56:00,3,500,0,form_started,0
4078,Norway,Paid,Premium,Desktop,2024-01-03 19:57:00,5,300,0,form_started,0
4079,Norway,Organic,Pro,Mobile,2024-01-03 19:58:00,17,500,0,signup,0
4080,Denmark,Direct,Basic,Tablet,2024-01-03 19:59:00,5,100,1,completed,100
4081,Denmark,Organic,Basic,Mobile,2024-01-03 20:00:00,4,100,1,completed,100
4082,Denmark,Direct,Pro,Mobile,2024-01-03 20:01:00,7,500,0,signup,0
4083,Sweden,Direct,Premium,Mobile,2024-01-03 20:02:00,7,300,0,signup,0
4084,Sweden,Organic,Basic,Desktop,2024-01-03 20:03:00,7,100,0,signup,0
4085,Denmark,Direct,Basic,Mobile,2024-01-03 20:04:00,17,100,0,signup,0
4086,Norway,Direct,Pro,Tablet,2024-01-03 20:05:00,15,500,1,completed,500
4087,Norway,Organic,Pro,Tablet,2024-01-03 20:06:00,7,500,0,signup,0
4088,Sweden,Direct,Pro,Tablet,2024-01-03 20:07:00,15,500,1,completed,500
4089,Sweden,Paid,Pro,Mobile,2024-01-03 20:08:00,4,500,1,completed,500
4090,Denmark,Direct,Pro,Tablet,2024-01-03 20:09:00,2,500,0,form_started,0
4091,Norway,Direct,Pro,Tablet,2024-01-03 20:10:00,13,500,0,form_started,0
4092,Denmark,Direct,Pro,Tablet,2024-01-03 20:11:00,12,500,0,signup,0
4093,Sweden,Organic,Premium,Tablet,2024-01-03 20:12:00,10,300,0,signup,0
4094,Norway,Paid,Premium,Desktop,2024-01-03 20:13:00,19,300,0,signup,0
4095,Norway,Paid,Premium,Mobile,2024-01-03 20:14:00,15,300,0,signup,0
4096,Sweden,Direct,Premium,Mobile,2024-01-03 20:15:00,17,300,1,completed,300
4097,Denmark,Organic,Basic,Tablet,2024-01-03 20:16:00,6,100,0,signup,0
4098,Denmark,Organic,Premium,Mobile,2024-01-03 20:17:00,5,300,1,completed,300
4099,Norway,Paid,Basic,Tablet,2024-01-03 20:18:00,13,100,0,signup,0
4100,Sweden,Organic,Basic,Tablet,2024-01-03 20:19:00,14,100,0,form_started,0
4101,Norway,Direct,Basic,Tablet,2024-01-03 20:20:00,14,100,0,form_started,0
4102,Sweden,Direct,Pro,Mobile,2024-01-03 20:21:00,15,500,0,signup,0
4103,Denmark,Organic,Basic,Desktop,2024-01-03 20:22:00,16,100,0,signup,0
4104,Sweden,Direct,Basic,Mobile,2024-01-03 20:23:00,10,100,0,form_started,0
4105,Denmark,Paid,Basic,Mobile,2024-01-03 20:24:00,1,100,0,form_started,0
4106,Sweden,Direct,Pro,Desktop,2024-01-03 20:25:00,11,500,0,form_started,0
4107,Norway,Organic,Premium,Mobile,2024-01-03 20:26:00,7,300,1,completed,300
4108,Denmark,Paid,Premium,Desktop,2024-01-03 20:27:00,17,300,1,completed,300
4109,Norway,Direct,Basic,Tablet,2024-01-03 20:28:00,4,100,1,completed,100
4110,Norway,Paid,Basic,Desktop,2024-01-03 20:29:00,7,100,0,form_started,0
4111,Denmark,Organic,Premium,Tablet,2024-01-03 20:30:00,3,300,1,completed,300
4112,Denmark,Direct,Premium,Desktop,2024-01-03 20:31:00,14,300,1,completed,300
4113,Norway,Direct,Premium,Tablet,2024-01-03 20:32:00,18,300,1,completed,300
4114,Norway,Paid,Premium,Mobile,2024-01-03 20:33:00,18,300,0,form_started,0
4115,Norway,Direct,Basic,Desktop,2024-01-03 20:34:00,1,100,0,signup,0
4116,Norway,Direct,Basic,Mobile,2024-01-03 20:35:00,6,100,1,completed,100
4117,Denmark,Direct,Basic,Tablet,2024-01-03 20:36:00,9,100,1,completed,100
4118,Denmark,Direct,Premium,Desktop,2024-01-03 20:37:00,2,300,1,completed,300
4119,Norway,Organic,Pro,Desktop,2024-01-03 20:38:00,8,500,0,form_started,0
4120,Sweden,Direct,Premium,Desktop,2024-01-03 20:39:00,4,300,0,form_started,0
4121,Sweden,Paid,Premium,Mobile,2024-01-03 20:40:00,10,300,0,form_started,0
4122,Denmark,Organic,Pro,Tablet,2024-01-03 20:41:00,1,500,1,completed,500
4123,Norway,Paid,Pro,Mobile,2024-01-03 20:42:00,11,500,0,form_started,0
4124,Norway,Paid,Premium,Desktop,2024-01-03 20:43:00,9,300,0,form_started,0
4125,Denmark,Paid,Pro,Tablet,2024-01-03 20:44:00,19,500,1,completed,500
4126,Sweden,Organic,Pro,Tablet,2024-01-03 20:45:00,11,500,0,form_started,0
4127,Sweden,Organic,Pro,Mobile,2024-01-03 20:46:00,4,500,0,form_started,0
4128,Sweden,Organic,Premium,Mobile,2024-01-03 20:47:00,5,300,1,completed,300
4129,Denmark,Direct,Premium,Desktop,2024-01-03 20:48:00,17,300,0,form_started,0
4130,Sweden,Paid,Pro,Desktop,2024-01-03 20:49:00,18,500,0,form_started,0
4131,Denmark,Organic,Basic,Desktop,2024-01-03 20:50:00,5,100,1,completed,100
4132,Denmark,Paid,Pro,Desktop,2024-01-03 20:51:00,18,500,1,completed,500
4133,Norway,Organic,Pro,Tablet,2024-01-03 20:52:00,17,500,1,completed,500
4134,Sweden,Organic,Premium,Desktop,2024-01-03 20:53:00,3,300,0,form_started,0
4135,Denmark,Organic,Basic,Desktop,2024-01-03 20:54:00,11,100,0,form_started,0
4136,Sweden,Paid,Pro,Desktop,2024-01-03 20:55:00,17,500,1,completed,500
4137,Sweden,Direct,Basic,Mobile,2024-01-03 20:56:00,8,100,0,signup,0
4138,Norway,Organic,Premium,Mobile,2024-01-03 20:57:00,8,300,0,form_started,0
4139,Sweden,Organic,Basic,Mobile,2024-01-03 20:58:00,2,100,0,form_started,0
4140,Norway,Organic,Premium,Desktop,2024-01-03 20:59:00,7,300,0,signup,0
4141,Denmark,Direct,Pro,Tablet,2024-01-03 21:00:00,6,500,0,form_started,0
4142,Sweden,Paid,Premium,Desktop,2024-01-03 21:01:00,18,300,0,form_started,0
4143,Denmark,Paid,Basic,Mobile,2024-01-03 21:02:00,7,100,0,form_started,0
4144,Sweden,Paid,Basic,Mobile,2024-01-03 21:03:00,18,100,1,completed,100
4145,Denmark,Paid,Basic,Desktop,2024-01-03 21:04:00,12,100,0,signup,0
4146,Sweden,Organic,Pro,Tablet,2024-01-03 21:05:00,7,500,0,signup,0
4147,Sweden,Direct,Basic,Tablet,2024-01-03 21:06:00,7,100,0,signup,0
4148,Sweden,Organic,Basic,Tablet,2024-01-03 21:07:00,1,100,0,form_started,0
4149,Sweden,Direct,Basic,Mobile,2024-01-03 21:08:00,10,100,1,completed,100
4150,Sweden,Paid,Premium,Mobile,2024-01-03 21:09:00,10,300,1,completed,300
4151,Sweden,Direct,Basic,Tablet,2024-01-03 21:10:00,12,100,1,completed,100
4152,Sweden,Organic,Premium,Desktop,2024-01-03 21:11:00,3,300,1,completed,300
4153,Sweden,Organic,Basic,Tablet,2024-01-03 21:12:00,3,100,1,completed,100
4154,Sweden,Paid,Premium,Desktop,2024-01-03 21:13:00,13,300,0,signup,0
4155,Denmark,Organic,Premium,Mobile,2024-01-03 21:14:00,13,300,0,form_started,0
4156,Norway,Organic,Pro,Mobile,2024-01-03 21:15:00,6,500,0,signup,0
4157,Sweden,Direct,Pro,Mobile,2024-01-03 21:16:00,3,500,0,form_started,0
4158,Norway,Organic,Premium,Tablet,2024-01-03 21:17:00,15,300,1,completed,300
4159,Sweden,Paid,Premium,Tablet,2024-01-03 21:18:00,9,300,0,signup,0
4160,Sweden,Paid,Pro,Mobile,2024-01-03 21:19:00,6,500,0,signup,0
4161,Denmark,Organic,Premium,Mobile,2024-01-03 21:20:00,6,300,0,form_started,0
4162,Denmark,Paid,Pro,Mobile,2024-01-03 21:21:00,8,500,0,form_started,0
4163,Norway,Direct,Pro,Tablet,2024-01-03 21:22:00,11,500,0,form_started,0
4164,Denmark,Direct,Basic,Tablet,2024-01-03 21:23:00,19,100,1,completed,100
4165,Denmark,Organic,Basic,Mobile,2024-01-03 21:24:00,16,100,0,form_started,0
4166,Norway,Organic,Pro,Tablet,2024-01-03 21:25:00,9,500,1,completed,500
4167,Denmark,Direct,Pro,Tablet,2024-01-03 21:26:00,11,500,1,completed,500
4168,Sweden,Paid,Premium,Tablet,2024-01-03 21:27:00,16,300,0,form_started,0
4169,Norway,Organic,Pro,Tablet,2024-01-03 21:28:00,6,500,0,signup,0
4170,Norway,Organic,Pro,Mobile,2024-01-03 21:29:00,17,500,1,completed,500
4171,Sweden,Paid,Basic,Mobile,2024-01-03 21:30:00,16,100,1,completed,100
4172,Denmark,Organic,Pro,Tablet,2024-01-03 21:31:00,18,500,0,form_started,0
4173,Norway,Paid,Premium,Mobile,2024-01-03 21:32:00,1,300,0,form_started,0
4174,Norway,Paid,Pro,Mobile,2024-01-03 21:33:00,18,500,0,form_started,0
4175,Sweden,Paid,Basic,Mobile,2024-01-03 21:34:00,8,100,0,signup,0
4176,Sweden,Paid,Basic,Desktop,2024-01-03 21:35:00,10,100,1,completed,100
4177,Denmark,Paid,Basic,Mobile,2024-01-03 21:36:00,2,100,0,form_started,0
4178,Norway,Direct,Basic,Mobile,2024-01-03 21:37:00,9,100,0,signup,0
4179,Denmark,Paid,Pro,Tablet,2024-01-03 21:38:00,4,500,0,form_started,0
4180,Denmark,Direct,Premium,Tablet,2024-01-03 21:39:00,11,300,1,completed,300
4181,Sweden,Paid,Premium,Desktop,2024-01-03 21:40:00,10,300,1,completed,300
4182,Norway,Organic,Premium,Desktop,2024-01-03 21:41:00,14,300,0,form_started,0
4183,Norway,Direct,Pro,Mobile,2024-01-03 21:42:00,7,500,0,form_started,0
4184,Norway,Organic,Pro,Mobile,2024-01-03 21:43:00,19,500,0,signup,0
4185,Sweden,Paid,Pro,Tablet,2024-01-03 21:44:00,6,500,0,form_started,0
4186,Sweden,Paid,Premium,Mobile,2024-01-03 21:45:00,16,300,1,completed,300
4187,Sweden,Organic,Pro,Mobile,2024-01-03 21:46:00,19,500,0,form_started,0
4188,Sweden,Paid,Pro,Mobile,2024-01-03 21:47:00,19,500,0,signup,0
4189,Sweden,Organic,Basic,Mobile,2024-01-03 21:48:00,13,100,0,form_started,0
4190,Norway,Paid,Basic,Mobile,2024-01-03 21:49:00,12,100,0,signup,0
4191,Denmark,Paid,Premium,Mobile,2024-01-03 21:50:00,15,300,0,form_started,0
4192,Norway,Direct,Basic,Mobile,2024-01-03 21:51:00,8,100,0,form_started,0
4193,Denmark,Organic,Basic,Mobile,2024-01-03 21:52:00,4,100,0,signup,0
4194,Sweden,Paid,Basic,Tablet,2024-01-03 21:53:00,8,100,1,completed,100
4195,Denmark,Organic,Pro,Desktop,2024-01-03 21:54:00,16,500,0,form_started,0
4196,Norway,Direct,Basic,Mobile,2024-01-03 21:55:00,16,100,0,form_started,0
4197,Norway,Organic,Basic,Tablet,2024-01-03 21:56:00,2,100,0,form_started,0
4198,Denmark,Direct,Basic,Mobile,2024-01-03 21:57:00,17,100,0,signup,0
4199,Sweden,Organic,Pro,Mobile,2024-01-03 21:58:00,5,500,0,form_started,0
4200,Sweden,Organic,Premium,Desktop,2024-01-03 21:59:00,5,300,0,form_started,0
4201,Norway,Direct,Pro,Tablet,2024-01-03 22:00:00,12,500,0,signup,0
4202,Denmark,Paid,Pro,Mobile,2024-01-03 22:01:00,7,500,0,form_started,0
4203,Sweden,Paid,Basic,Desktop,2024-01-03 22:02:00,5,100,0,form_started,0
4204,Sweden,Paid,Premium,Desktop,2024-01-03 22:03:00,4,300,0,form_started,0
4205,Norway,Organic,Basic,Mobile,2024-01-03 22:04:00,17,100,1,completed,100
4206,Sweden,Organic,Basic,Mobile,2024-01-03 22:05:00,6,100,0,signup,0
4207,Denmark,Paid,Premium,Tablet,2024-01-03 22:06:00,14,300,0,form_started,0
4208,Norway,Organic,Premium,Tablet,2024-01-03 22:07:00,9,300,0,form_started,0
4209,Norway,Organic,Pro,Mobile,2024-01-03 22:08:00,4,500,0,signup,0
4210,Denmark,Paid,Premium,Mobile,2024-01-03 22:09:00,11,300,1,completed,300
4211,Norway,Direct,Pro,Desktop,2024-01-03 22:10:00,16,500,0,signup,0
4212,Sweden,Organic,Pro,Tablet,2024-01-03 22:11:00,16,500,0,signup,0
4213,Sweden,Organic,Basic,Mobile,2024-01-03 22:12:00,16,100,0,form_started,0
4214,Denmark,Organic,Basic,Mobile,2024-01-03 22:13:00,6,100,0,signup,0
4215,Sweden,Organic,Basic,Tablet,2024-01-03 22:14:00,15,100,0,form_started,0
4216,Denmark,Direct,Premium,Mobile,2024-01-03 22:15:00,3,300,0,form_started,0
4217,Denmark,Paid,Premium,Desktop,2024-01-03 22:16:00,9,300,0,signup,0
4218,Sweden,Organic,Pro,Desktop,2024-01-03 22:17:00,1,500,0,form_started,0
4219,Denmark,Paid,Pro,Mobile,2024-01-03 22:18:00,11,500,1,completed,500
4220,Sweden,Organic,Pro,Tablet,2024-01-03 22:19:00,6,500,0,signup,0
4221,Norway,Direct,Premium,Desktop,2024-01-03 22:20:00,5,300,0,signup,0
4222,Norway,Paid,Pro,Tablet,2024-01-03 22:21:00,18,500,1,completed,500
4223,Denmark,Direct,Pro,Tablet,2024-01-03 22:22:00,12,500,1,completed,500
4224,Sweden,Organic,Premium,Tablet,2024-01-03 22:23:00,7,300,0,signup,0
4225,Sweden,Direct,Basic,Desktop,2024-01-03 22:24:00,2,100,1,completed,100
4226,Norway,Direct,Premium,Desktop,2024-01-03 22:25:00,7,300,0,signup,0
4227,Norway,Organic,Pro,Mobile,2024-01-03 22:26:00,9,500,0,form_started,0
4228,Sweden,Organic,Basic,Tablet,2024-01-03 22:27:00,8,100,1,completed,100
4229,Denmark,Paid,Premium,Desktop,2024-01-03 22:28:00,9,300,1,completed,300
4230,Norway,Organic,Basic,Desktop,2024-01-03 22:29:00,10,100,0,form_started,0
4231,Denmark,Paid,Basic,Mobile,2024-01-03 22:30:00,12,100,0,form_started,0
4232,Denmark,Direct,Pro,Desktop,2024-01-03 22:31:00,2,500,1,completed,500
4233,Norway,Direct,Premium,Desktop,2024-01-03 22:32:00,10,300,0,signup,0
4234,Denmark,Paid,Pro,Desktop,2024-01-03 22:33:00,3,500,1,completed,500
4235,Denmark,Organic,Premium,Mobile,2024-01-03 22:34:00,1,300,0,signup,0
4236,Sweden,Organic,Premium,Mobile,2024-01-03 22:35:00,17,300,0,form_started,0
4237,Denmark,Direct,Premium,Tablet,2024-01-03 22:36:00,1,300,0,signup,0
4238,Sweden,Paid,Basic,Desktop,2024-01-03 22:37:00,5,100,0,form_started,0
4239,Norway,Direct,Basic,Mobile,2024-01-03 22:38:00,14,100,0,signup,0
4240,Norway,Direct,Pro,Mobile,2024-01-03 22:39:00,6,500,0,signup,0
4241,Sweden,Organic,Premium,Mobile,2024-01-03 22:40:00,9,300,0,form_started,0
4242,Norway,Paid,Premium,Tablet,2024-01-03 22:41:00,14,300,1,completed,300
4243,Denmark,Direct,Basic,Tablet,2024-01-03 22:42:00,4,100,0,form_started,0
4244,Denmark,Organic,Premium,Tablet,2024-01-03 22:43:00,1,300,0,form_started,0
4245,Denmark,Direct,Pro,Tablet,2024-01-03 22:44:00,6,500,0,signup,0
4246,Norway,Direct,Premium,Tablet,2024-01-03 22:45:00,7,300,0,form_started,0
4247,Denmark,Organic,Premium,Desktop,2024-01-03 22:46:00,6,300,0,form_started,0
4248,Norway,Organic,Basic,Desktop,2024-01-03 22:47:00,1,100,1,completed,100
4249,Denmark,Paid,Premium,Mobile,2024-01-03 22:48:00,8,300,1,completed,300
4250,Sweden,Direct,Pro,Tablet,2024-01-03 22:49:00,12,500,1,completed,500
4251,Norway,Paid,Pro,Tablet,2024-01-03 22:50:00,11,500,0,signup,0
4252,Norway,Organic,Pro,Mobile,2024-01-03 22:51:00,2,500,1,completed,500
4253,Denmark,Organic,Pro,Desktop,2024-01-03 22:52:00,2,500,0,signup,0
4254,Norway,Direct,Basic,Tablet,2024-01-03 22:53:00,2,100,0,signup,0
4255,Norway,Paid,Premium,Tablet,2024-01-03 22:54:00,8,300,0,signup,0
4256,Sweden,Paid,Basic,Tablet,2024-01-03 22:55:00,7,100,0,signup,0
4257,Sweden,Direct,Pro,Desktop,2024-01-03 22:56:00,16,500,0,form_started,0
4258,Denmark,Direct,Premium,Desktop,2024-01-03 22:57:00,9,300,0,signup,0
4259,Sweden,Paid,Basic,Tablet,2024-01-03 22:58:00,16,100,0,form_started,0
4260,Denmark,Organic,Premium,Tablet,2024-01-03 22:59:00,2,300,0,signup,0
4261,Denmark,Organic,Pro,Mobile,2024-01-03 23:00:00,3,500,1,completed,500
4262,Denmark,Direct,Pro,Mobile,2024-01-03 23:01:00,2,500,1,completed,500
4263,Norway,Paid,Premium,Desktop,2024-01-03 23:02:00,19,300,1,completed,300
4264,Sweden,Paid,Premium,Mobile,2024-01-03 23:03:00,17,300,0,signup,0
4265,Denmark,Paid,Pro,Tablet,2024-01-03 23:04:00,12,500,0,signup,0
4266,Sweden,Organic,Basic,Desktop,2024-01-03 23:05:00,11,100,0,signup,0
4267,Denmark,Organic,Pro,Mobile,2024-01-03 23:06:00,19,500,0,form_started,0
4268,Sweden,Paid,Premium,Desktop,2024-01-03 23:07:00,6,300,1,completed,300
4269,Sweden,Paid,Basic,Tablet,2024-01-03 23:08:00,10,100,0,form_started,0
4270,Denmark,Direct,Pro,Mobile,2024-01-03 23:09:00,14,500,1,completed,500
4271,Norway,Direct,Premium,Mobile,2024-01-03 23:10:00,1,300,1,completed,300
4272,Sweden,Paid,Premium,Mobile,2024-01-03 23:11:00,15,300,0,form_started,0
4273,Norway,Paid,Premium,Tablet,2024-01-03 23:12:00,6,300,1,completed,300
4274,Norway,Organic,Basic,Desktop,2024-01-03 23:13:00,13,100,0,signup,0
4275,Denmark,Paid,Basic,Mobile,2024-01-03 23:14:00,14,100,0,form_started,0
4276,Denmark,Direct,Basic,Desktop,2024-01-03 23:15:00,13,100,1,completed,100
4277,Denmark,Organic,Basic,Desktop,2024-01-03 23:16:00,16,100,0,form_started,0
4278,Sweden,Direct,Premium,Desktop,2024-01-03 23:17:00,1,300,0,form_started,0
4279,Denmark,Direct,Premium,Tablet,2024-01-03 23:18:00,14,300,0,form_started,0
4280,Denmark,Organic,Basic,Tablet,2024-01-03 23:19:00,13,100,1,completed,100
4281,Sweden,Direct,Basic,Mobile,2024-01-03 23:20:00,10,100,0,form_started,0
4282,Sweden,Paid,Premium,Mobile,2024-01-03 23:21:00,10,300,1,completed,300
4283,Denmark,Direct,Pro,Desktop,2024-01-03 23:22:00,4,500,0,signup,0
4284,Denmark,Organic,Pro,Desktop,2024-01-03 23:23:00,14,500,0,signup,0
4285,Denmark,Organic,Premium,Desktop,2024-01-03 23:24:00,12,300,0,signup,0
4286,Denmark,Organic,Basic,Tablet,2024-01-03 23:25:00,6,100,0,signup,0
4287,Norway,Direct,Basic,Tablet,2024-01-03 23:26:00,15,100,0,form_started,0
4288,Norway,Paid,Premium,Mobile,2024-01-03 23:27:00,5,300,1,completed,300
4289,Denmark,Organic,Pro,Desktop,2024-01-03 23:28:00,10,500,1,completed,500
4290,Norway,Paid,Premium,Desktop,2024-01-03 23:29:00,9,300,1,completed,300
4291,Sweden,Organic,Premium,Tablet,2024-01-03 23:30:00,10,300,0,form_started,0
4292,Norway,Paid,Premium,Mobile,2024-01-03 23:31:00,12,300,0,form_started,0
4293,Norway,Paid,Basic,Desktop,2024-01-03 23:32:00,4,100,0,form_started,0
4294,Denmark,Paid,Basic,Desktop,2024-01-03 23:33:00,4,100,0,signup,0
4295,Norway,Organic,Basic,Mobile,2024-01-03 23:34:00,13,100,1,completed,100
4296,Norway,Direct,Pro,Desktop,2024-01-03 23:35:00,14,500,0,form_started,0
4297,Norway,Direct,Premium,Tablet,2024-01-03 23:36:00,12,300,1,completed,300
4298,Norway,Direct,Premium,Mobile,2024-01-03 23:37:00,13,300,0,form_started,0
4299,Sweden,Paid,Pro,Desktop,2024-01-03 23:38:00,13,500,0,form_started,0
4300,Denmark,Organic,Basic,Desktop,2024-01-03 23:39:00,2,100,1,completed,100
4301,Denmark,Paid,Premium,Tablet,2024-01-03 23:40:00,19,300,1,completed,300
4302,Sweden,Organic,Pro,Tablet,2024-01-03 23:41:00,9,500,1,completed,500
4303,Norway,Paid,Basic,Tablet,2024-01-03 23:42:00,10,100,1,completed,100
4304,Sweden,Organic,Basic,Desktop,2024-01-03 23:43:00,17,100,1,completed,100
4305,Norway,Organic,Premium,Desktop,2024-01-03 23:44:00,10,300,1,completed,300
4306,Sweden,Organic,Basic,Desktop,2024-01-03 23:45:00,13,100,1,completed,100
4307,Denmark,Paid,Pro,Mobile,2024-01-03 23:46:00,1,500,1,completed,500
4308,Denmark,Direct,Basic,Tablet,2024-01-03 23:47:00,2,100,0,form_started,0
4309,Denmark,Paid,Premium,Mobile,2024-01-03 23:48:00,17,300,1,completed,300
4310,Norway,Paid,Pro,Tablet,2024-01-03 23:49:00,13,500,0,signup,0
4311,Norway,Organic,Basic,Desktop,2024-01-03 23:50:00,17,100,0,form_started,0
4312,Sweden,Organic,Basic,Mobile,2024-01-03 23:51:00,13,100,0,signup,0
4313,Sweden,Direct,Basic,Mobile,2024-01-03 23:52:00,17,100,1,completed,100
4314,Denmark,Direct,Pro,Tablet,2024-01-03 23:53:00,19,500,0,signup,0
4315,Norway,Organic,Basic,Mobile,2024-01-03 23:54:00,14,100,1,completed,100
4316,Sweden,Direct,Premium,Mobile,2024-01-03 23:55:00,10,300,0,form_started,0
4317,Norway,Direct,Pro,Desktop,2024-01-03 23:56:00,2,500,0,signup,0
4318,Norway,Organic,Pro,Tablet,2024-01-03 23:57:00,14,500,0,signup,0
4319,Denmark,Paid,Basic,Mobile,2024-01-03 23:58:00,17,100,0,form_started,0
4320,Denmark,Direct,Pro,Desktop,2024-01-03 23:59:00,5,500,0,form_started,0
4321,Norway,Organic,Premium,Mobile,2024-01-04 00:00:00,18,300,1,completed,300
4322,Norway,Direct,Pro,Desktop,2024-01-04 00:01:00,3,500,0,signup,0
4323,Norway,Direct,Premium,Mobile,2024-01-04 00:02:00,16,300,0,form_started,0
4324,Norway,Organic,Basic,Desktop,2024-01-04 00:03:00,19,100,0,form_started,0
4325,Denmark,Direct,Pro,Desktop,2024-01-04 00:04:00,18,500,1,completed,500
4326,Sweden,Direct,Premium,Tablet,2024-01-04 00:05:00,5,300,0,signup,0
4327,Denmark,Direct,Basic,Desktop,2024-01-04 00:06:00,8,100,0,signup,0
4328,Sweden,Paid,Premium,Mobile,2024-01-04 00:07:00,6,300,0,signup,0
4329,Norway,Paid,Pro,Desktop,2024-01-04 00:08:00,15,500,1,completed,500
4330,Sweden,Direct,Pro,Desktop,2024-01-04 00:09:00,3,500,0,form_started,0
4331,Denmark,Organic,Premium,Mobile,2024-01-04 00:10:00,9,300,0,signup,0
4332,Denmark,Direct,Basic,Mobile,2024-01-04 00:11:00,11,100,1,completed,100
4333,Norway,Direct,Basic,Desktop,2024-01-04 00:12:00,14,100,1,completed,100
4334,Denmark,Paid,Basic,Mobile,2024-01-04 00:13:00,9,100,0,form_started,0
4335,Norway,Paid,Basic,Desktop,2024-01-04 00:14:00,10,100,0,signup,0
4336,Denmark,Paid,Premium,Desktop,2024-01-04 00:15:00,15,300,0,signup,0
4337,Denmark,Direct,Pro,Desktop,2024-01-04 00:16:00,18,500,1,completed,500
4338,Norway,Direct,Premium,Mobile,2024-01-04 00:17:00,19,300,0,signup,0
4339,Sweden,Organic,Pro,Tablet,2024-01-04 00:18:00,7,500,0,signup,0
4340,Denmark,Direct,Pro,Tablet,2024-01-04 00:19:00,19,500,0,form_started,0
4341,Sweden,Direct,Premium,Desktop,2024-01-04 00:20:00,5,300,1,completed,300
4342,Denmark,Paid,Premium,Desktop,2024-01-04 00:21:00,18,300,1,completed,300
4343,Denmark,Paid,Basic,Mobile,2024-01-04 00:22:00,1,100,1,completed,100
4344,Denmark,Paid,Pro,Tablet,2024-01-04 00:23:00,12,500,0,signup,0
4345,Denmark,Paid,Basic,Tablet,2024-01-04 00:24:00,6,100,0,form_started,0
4346,Sweden,Paid,Basic,Tablet,2024-01-04 00:25:00,13,100,0,form_started,0
4347,Sweden,Organic,Premium,Mobile,2024-01-04 00:26:00,17,300,0,form_started,0
4348,Denmark,Organic,Basic,Mobile,2024-01-04 00:27:00,9,100,1,completed,100
4349,Denmark,Organic,Basic,Mobile,2024-01-04 00:28:00,1,100,0,signup,0
4350,Sweden,Paid,Basic,Desktop,2024-01-04 00:29:00,12,100,0,form_started,0
4351,Norway,Paid,Premium,Mobile,2024-01-04 00:30:00,1,300,1,completed,300
4352,Norway,Paid,Basic,Desktop,2024-01-04 00:31:00,4,100,0,form_started,0
4353,Sweden,Organic,Basic,Desktop,2024-01-04 00:32:00,7,100,1,completed,100
4354,Denmark,Paid,Premium,Desktop,2024-01-04 00:33:00,5,300,1,completed,300
4355,Denmark,Organic,Premium,Desktop,2024-01-04 00:34:00,5,300,1,completed,300
4356,Norway,Paid,Premium,Mobile,2024-01-04 00:35:00,7,300,1,completed,300
4357,Norway,Direct,Pro,Mobile,2024-01-04 00:36:00,17,500,1,completed,500
4358,Sweden,Organic,Premium,Tablet,2024-01-04 00:37:00,12,300,0,signup,0
4359,Norway,Direct,Pro,Tablet,2024-01-04 00:38:00,15,500,0,signup,0
4360,Sweden,Organic,Premium,Desktop,2024-01-04 00:39:00,3,300,1,completed,300
4361,Norway,Paid,Premium,Tablet,2024-01-04 00:40:00,17,300,0,signup,0
4362,Norway,Paid,Premium,Tablet,2024-01-04 00:41:00,14,300,1,completed,300
4363,Norway,Direct,Pro,Tablet,2024-01-04 00:42:00,15,500,0,signup,0
4364,Denmark,Paid,Basic,Desktop,2024-01-04 00:43:00,15,100,0,form_started,0
4365,Denmark,Organic,Premium,Tablet,2024-01-04 00:44:00,15,300,0,signup,0
4366,Denmark,Paid,Pro,Mobile,2024-01-04 00:45:00,19,500,0,signup,0
4367,Norway,Paid,Premium,Desktop,2024-01-04 00:46:00,11,300,1,completed,300
4368,Sweden,Organic,Basic,Mobile,2024-01-04 00:47:00,18,100,1,completed,100
4369,Sweden,Direct,Pro,Desktop,2024-01-04 00:48:00,10,500,0,signup,0
4370,Sweden,Direct,Premium,Mobile,2024-01-04 00:49:00,9,300,1,completed,300
4371,Sweden,Paid,Premium,Tablet,2024-01-04 00:50:00,3,300,0,signup,0
4372,Denmark,Organic,Premium,Desktop,2024-01-04 00:51:00,1,300,1,completed,300
4373,Denmark,Direct,Basic,Mobile,2024-01-04 00:52:00,11,100,1,completed,100
4374,Norway,Direct,Pro,Desktop,2024-01-04 00:53:00,16,500,0,signup,0
4375,Norway,Paid,Premium,Mobile,2024-01-04 00:54:00,3,300,0,form_started,0
4376,Sweden,Organic,Premium,Tablet,2024-01-04 00:55:00,9,300,0,form_started,0
4377,Denmark,Direct,Pro,Desktop,2024-01-04 00:56:00,11,500,1,completed,500
4378,Sweden,Paid,Basic,Desktop,2024-01-04 00:57:00,17,100,1,completed,100
4379,Norway,Paid,Basic,Mobile,2024-01-04 00:58:00,1,100,1,completed,100
4380,Norway,Paid,Basic,Mobile,2024-01-04 00:59:00,9,100,1,completed,100
4381,Sweden,Paid,Basic,Tablet,2024-01-04 01:00:00,3,100,0,signup,0
4382,Norway,Direct,Basic,Mobile,2024-01-04 01:01:00,10,100,1,completed,100
4383,Sweden,Organic,Premium,Mobile,2024-01-04 01:02:00,5,300,0,signup,0
4384,Denmark,Paid,Premium,Mobile,2024-01-04 01:03:00,11,300,0,form_started,0
4385,Sweden,Paid,Premium,Tablet,2024-01-04 01:04:00,5,300,1,completed,300
4386,Denmark,Direct,Pro,Tablet,2024-01-04 01:05:00,12,500,0,signup,0
4387,Denmark,Paid,Basic,Desktop,2024-01-04 01:06:00,14,100,0,form_started,0
4388,Norway,Paid,Pro,Tablet,2024-01-04 01:07:00,12,500,0,form_started,0
4389,Norway,Organic,Basic,Mobile,2024-01-04 01:08:00,19,100,0,form_started,0
4390,Norway,Paid,Basic,Desktop,2024-01-04 01:09:00,9,100,1,completed,100
4391,Sweden,Direct,Pro,Tablet,2024-01-04 01:10:00,7,500,1,completed,500
4392,Sweden,Organic,Premium,Tablet,2024-01-04 01:11:00,16,300,0,form_started,0
4393,Norway,Direct,Pro,Mobile,2024-01-04 01:12:00,7,500,0,signup,0
4394,Sweden,Organic,Premium,Mobile,2024-01-04 01:13:00,14,300,1,completed,300
4395,Norway,Organic,Basic,Tablet,2024-01-04 01:14:00,8,100,0,signup,0
4396,Sweden,Paid,Premium,Desktop,2024-01-04 01:15:00,18,300,0,signup,0
4397,Denmark,Paid,Basic,Mobile,2024-01-04 01:16:00,3,100,1,completed,100
4398,Denmark,Paid,Basic,Tablet,2024-01-04 01:17:00,2,100,1,completed,100
4399,Norway,Direct,Premium,Tablet,2024-01-04 01:18:00,5,300,0,signup,0
4400,Sweden,Paid,Basic,Mobile,2024-01-04 01:19:00,8,100,1,completed,100
4401,Sweden,Paid,Premium,Desktop,2024-01-04 01:20:00,19,300,0,signup,0
4402,Denmark,Organic,Pro,Desktop,2024-01-04 01:21:00,9,500,0,form_started,0
4403,Denmark,Paid,Basic,Desktop,2024-01-04 01:22:00,2,100,1,completed,100
4404,Norway,Paid,Basic,Mobile,2024-01-04 01:23:00,15,100,0,form_started,0
4405,Denmark,Paid,Pro,Mobile,2024-01-04 01:24:00,8,500,0,signup,0
4406,Norway,Paid,Basic,Mobile,2024-01-04 01:25:00,10,100,1,completed,100
4407,Denmark,Organic,Pro,Desktop,2024-01-04 01:26:00,7,500,1,completed,500
4408,Denmark,Paid,Pro,Desktop,2024-01-04 01:27:00,19,500,0,form_started,0
4409,Sweden,Organic,Basic,Mobile,2024-01-04 01:28:00,1,100,1,completed,100
4410,Denmark,Direct,Pro,Mobile,2024-01-04 01:29:00,2,500,0,form_started,0
4411,Denmark,Paid,Pro,Mobile,2024-01-04 01:30:00,3,500,0,form_started,0
4412,Norway,Paid,Pro,Desktop,2024-01-04 01:31:00,14,500,0,form_started,0
4413,Denmark,Paid,Basic,Tablet,2024-01-04 01:32:00,15,100,0,signup,0
4414,Norway,Organic,Pro,Tablet,2024-01-04 01:33:00,14,500,0,signup,0
4415,Denmark,Paid,Premium,Desktop,2024-01-04 01:34:00,8,300,1,completed,300
4416,Denmark,Paid,Premium,Mobile,2024-01-04 01:35:00,18,300,0,form_started,0
4417,Norway,Direct,Pro,Mobile,2024-01-04 01:36:00,17,500,0,form_started,0
4418,Sweden,Organic,Premium,Mobile,2024-01-04 01:37:00,7,300,1,completed,300
4419,Norway,Organic,Basic,Mobile,2024-01-04 01:38:00,1,100,0,signup,0
4420,Norway,Direct,Pro,Desktop,2024-01-04 01:39:00,9,500,1,completed,500
4421,Norway,Organic,Basic,Tablet,2024-01-04 01:40:00,9,100,0,signup,0
4422,Sweden,Paid,Premium,Tablet,2024-01-04 01:41:00,11,300,0,signup,0
4423,Denmark,Paid,Premium,Desktop,2024-01-04 01:42:00,19,300,1,completed,300
4424,Norway,Direct,Premium,Mobile,2024-01-04 01:43:00,6,300,0,signup,0
4425,Norway,Organic,Premium,Tablet,2024-01-04 01:44:00,7,300,0,form_started,0
4426,Sweden,Organic,Basic,Desktop,2024-01-04 01:45:00,15,100,0,form_started,0
4427,Norway,Organic,Pro,Mobile,2024-01-04 01:46:00,6,500,0,form_started,0
4428,Denmark,Direct,Basic,Tablet,2024-01-04 01:47:00,9,100,1,completed,100
4429,Sweden,Paid,Pro,Desktop,2024-01-04 01:48:00,15,500,0,signup,0
4430,Denmark,Direct,Premium,Tablet,2024-01-04 01:49:00,6,300,0,form_started,0
4431,Denmark,Paid,Premium,Tablet,2024-01-04 01:50:00,7,300,0,signup,0
4432,Sweden,Direct,Premium,Desktop,2024-01-04 01:51:00,17,300,0,form_started,0
4433,Norway,Paid,Premium,Desktop,2024-01-04 01:52:00,6,300,1,completed,300
4434,Denmark,Organic,Basic,Tablet,2024-01-04 01:53:00,9,100,1,completed,100
4435,Denmark,Organic,Pro,Tablet,2024-01-04 01:54:00,3,500,0,form_started,0
4436,Denmark,Organic,Pro,Desktop,2024-01-04 01:55:00,14,500,0,signup,0
4437,Denmark,Direct,Premium,Mobile,2024-01-04 01:56:00,6,300,0,signup,0
4438,Sweden,Direct,Basic,Mobile,2024-01-04 01:57:00,4,100,0,form_started,0
4439,Sweden,Direct,Premium,Mobile,2024-01-04 01:58:00,16,300,0,form_started,0
4440,Denmark,Organic,Pro,Mobile,2024-01-04 01:59:00,16,500,0,form_started,0
4441,Norway,Paid,Pro,Desktop,2024-01-04 02:00:00,9,500,1,completed,500
4442,Denmark,Organic,Basic,Mobile,2024-01-04 02:01:00,4,100,0,signup,0
4443,Norway,Organic,Pro,Tablet,2024-01-04 02:02:00,8,500,1,completed,500
4444,Denmark,Paid,Basic,Mobile,2024-01-04 02:03:00,8,100,0,signup,0
4445,Norway,Paid,Premium,Desktop,2024-01-04 02:04:00,6,300,1,completed,300
4446,Denmark,Paid,Premium,Mobile,2024-01-04 02:05:00,8,300,1,completed,300
4447,Norway,Paid,Basic,Mobile,2024-01-04 02:06:00,6,100,0,signup,0
4448,Denmark,Organic,Premium,Desktop,2024-01-04 02:07:00,14,300,1,completed,300
4449,Denmark,Direct,Basic,Mobile,2024-01-04 02:08:00,14,100,0,signup,0
4450,Norway,Organic,Premium,Desktop,2024-01-04 02:09:00,18,300,1,completed,300
4451,Sweden,Paid,Premium,Mobile,2024-01-04 02:10:00,13,300,1,completed,300
4452,Norway,Direct,Pro,Desktop,2024-01-04 02:11:00,15,500,0,form_started,0
4453,Sweden,Direct,Pro,Mobile,2024-01-04 02:12:00,3,500,1,completed,500
4454,Denmark,Organic,Basic,Tablet,2024-01-04 02:13:00,6,100,0,signup,0
4455,Norway,Organic,Premium,Tablet,2024-01-04 02:14:00,17,300,0,form_started,0
4456,Norway,Organic,Premium,Desktop,2024-01-04 02:15:00,16,300,0,signup,0
4457,Norway,Direct,Premium,Desktop,2024-01-04 02:16:00,6,300,0,form_started,0
4458,Sweden,Direct,Pro,Desktop,2024-01-04 02:17:00,8,500,0,signup,0
4459,Sweden,Direct,Basic,Tablet,2024-01-04 02:18:00,13,100,0,form_started,0
4460,Denmark,Paid,Basic,Desktop,2024-01-04 02:19:00,13,100,1,completed,100
4461,Sweden,Paid,Basic,Mobile,2024-01-04 02:20:00,17,100,0,signup,0
4462,Sweden,Organic,Premium,Desktop,2024-01-04 02:21:00,3,300,1,completed,300
4463,Denmark,Direct,Basic,Desktop,2024-01-04 02:22:00,13,100,0,form_started,0
4464,Norway,Organic,Pro,Mobile,2024-01-04 02:23:00,7,500,0,signup,0
4465,Norway,Direct,Pro,Mobile,2024-01-04 02:24:00,5,500,1,completed,500
4466,Denmark,Organic,Basic,Tablet,2024-01-04 02:25:00,11,100,1,completed,100
4467,Norway,Paid,Premium,Mobile,2024-01-04 02:26:00,18,300,1,completed,300
4468,Sweden,Direct,Pro,Mobile,2024-01-04 02:27:00,4,500,0,form_started,0
4469,Denmark,Paid,Pro,Desktop,2024-01-04 02:28:00,7,500,0,signup,0
4470,Denmark,Direct,Premium,Tablet,2024-01-04 02:29:00,4,300,0,signup,0
4471,Denmark,Organic,Premium,Mobile,2024-01-04 02:30:00,10,300,0,form_started,0
4472,Norway,Direct,Basic,Tablet,2024-01-04 02:31:00,1,100,0,form_started,0
4473,Denmark,Paid,Pro,Mobile,2024-01-04 02:32:00,17,500,0,signup,0
4474,Denmark,Direct,Pro,Tablet,2024-01-04 02:33:00,5,500,0,signup,0
4475,Denmark,Organic,Basic,Mobile,2024-01-04 02:34:00,17,100,1,completed,100
4476,Norway,Direct,Basic,Desktop,2024-01-04 02:35:00,3,100,1,completed,100
4477,Sweden,Paid,Pro,Tablet,2024-01-04 02:36:00,9,500,0,signup,0
4478,Denmark,Organic,Pro,Tablet,2024-01-04 02:37:00,3,500,0,signup,0
4479,Sweden,Paid,Premium,Mobile,2024-01-04 02:38:00,3,300,0,signup,0
4480,Norway,Direct,Premium,Tablet,2024-01-04 02:39:00,9,300,0,signup,0
4481,Norway,Paid,Pro,Mobile,2024-01-04 02:40:00,5,500,1,completed,500
4482,Norway,Direct,Pro,Tablet,2024-01-04 02:41:00,10,500,1,completed,500
4483,Norway,Organic,Premium,Tablet,2024-01-04 02:42:00,15,300,1,completed,300
4484,Sweden,Paid,Basic,Desktop,2024-01-04 02:43:00,12,100,0,signup,0
4485,Denmark,Paid,Basic,Desktop,2024-01-04 02:44:00,6,100,1,completed,100
4486,Norway,Direct,Pro,Tablet,2024-01-04 02:45:00,7,500,0,form_started,0
4487,Norway,Paid,Pro,Desktop,2024-01-04 02:46:00,7,500,1,completed,500
4488,Sweden,Paid,Premium,Tablet,2024-01-04 02:47:00,4,300,0,form_started,0
4489,Sweden,Organic,Pro,Mobile,2024-01-04 02:48:00,13,500,0,form_started,0
4490,Norway,Direct,Basic,Tablet,2024-01-04 02:49:00,15,100,0,form_started,0
4491,Denmark,Direct,Premium,Tablet,2024-01-04 02:50:00,18,300,0,signup,0
4492,Denmark,Organic,Premium,Desktop,2024-01-04 02:51:00,18,300,0,signup,0
4493,Norway,Organic,Basic,Desktop,2024-01-04 02:52:00,7,100,1,completed,100
4494,Sweden,Direct,Basic,Mobile,2024-01-04 02:53:00,10,100,0,signup,0
4495,Norway,Organic,Premium,Mobile,2024-01-04 02:54:00,16,300,0,signup,0
4496,Norway,Organic,Pro,Mobile,2024-01-04 02:55:00,8,500,1,completed,500
4497,Sweden,Organic,Basic,Tablet,2024-01-04 02:56:00,19,100,0,signup,0
4498,Norway,Direct,Premium,Mobile,2024-01-04 02:57:00,11,300,0,signup,0
4499,Norway,Organic,Pro,Mobile,2024-01-04 02:58:00,6,500,1,completed,500
4500,Norway,Paid,Pro,Desktop,2024-01-04 02:59:00,10,500,0,form_started,0
4501,Sweden,Paid,Premium,Desktop,2024-01-04 03:00:00,19,300,0,signup,0
4502,Denmark,Direct,Basic,Mobile,2024-01-04 03:01:00,14,100,1,completed,100
4503,Denmark,Organic,Pro,Mobile,2024-01-04 03:02:00,6,500,0,signup,0
4504,Sweden,Paid,Basic,Tablet,2024-01-04 03:03:00,4,100,1,completed,100
4505,Denmark,Direct,Premium,Tablet,2024-01-04 03:04:00,15,300,0,signup,0
4506,Norway,Paid,Basic,Desktop,2024-01-04 03:05:00,5,100,0,signup,0
4507,Denmark,Organic,Pro,Mobile,2024-01-04 03:06:00,16,500,0,signup,0
4508,Norway,Direct,Premium,Mobile,2024-01-04 03:07:00,7,300,1,completed,300
4509,Denmark,Paid,Pro,Mobile,2024-01-04 03:08:00,2,500,1,completed,500
4510,Sweden,Direct,Pro,Mobile,2024-01-04 03:09:00,13,500,0,signup,0
4511,Denmark,Paid,Premium,Mobile,2024-01-04 03:10:00,2,300,0,signup,0
4512,Denmark,Paid,Premium,Tablet,2024-01-04 03:11:00,9,300,0,form_started,0
4513,Denmark,Organic,Basic,Tablet,2024-01-04 03:12:00,5,100,0,form_started,0
4514,Sweden,Organic,Premium,Mobile,2024-01-04 03:13:00,3,300,1,completed,300
4515,Denmark,Paid,Basic,Tablet,2024-01-04 03:14:00,2,100,1,completed,100
4516,Sweden,Direct,Premium,Tablet,2024-01-04 03:15:00,14,300,1,completed,300
4517,Norway,Direct,Pro,Mobile,2024-01-04 03:16:00,8,500,0,form_started,0
4518,Denmark,Organic,Basic,Tablet,2024-01-04 03:17:00,12,100,0,form_started,0
4519,Sweden,Paid,Premium,Mobile,2024-01-04 03:18:00,17,300,0,signup,0
4520,Sweden,Organic,Basic,Tablet,2024-01-04 03:19:00,16,100,0,form_started,0
4521,Denmark,Paid,Basic,Mobile,2024-01-04 03:20:00,6,100,0,form_started,0
4522,Norway,Paid,Basic,Mobile,2024-01-04 03:21:00,6,100,1,completed,100
4523,Sweden,Organic,Pro,Tablet,2024-01-04 03:22:00,18,500,0,signup,0
4524,Denmark,Direct,Premium,Tablet,2024-01-04 03:23:00,2,300,0,form_started,0
4525,Norway,Organic,Premium,Desktop,2024-01-04 03:24:00,8,300,0,signup,0
4526,Sweden,Paid,Basic,Mobile,2024-01-04 03:25:00,14,100,1,completed,100
4527,Sweden,Organic,Premium,Mobile,2024-01-04 03:26:00,2,300,1,completed,300
4528,Norway,Direct,Pro,Mobile,2024-01-04 03:27:00,17,500,0,form_started,0
4529,Norway,Direct,Basic,Mobile,2024-01-04 03:28:00,16,100,1,completed,100
4530,Denmark,Paid,Pro,Tablet,2024-01-04 03:29:00,18,500,0,form_started,0
4531,Denmark,Organic,Pro,Tablet,2024-01-04 03:30:00,6,500,0,form_started,0
4532,Sweden,Direct,Premium,Desktop,2024-01-04 03:31:00,17,300,0,signup,0
4533,Norway,Organic,Premium,Mobile,2024-01-04 03:32:00,18,300,0,signup,0
4534,Norway,Direct,Basic,Desktop,2024-01-04 03:33:00,14,100,0,form_started,0
4535,Norway,Paid,Pro,Desktop,2024-01-04 03:34:00,10,500,1,completed,500
4536,Sweden,Paid,Premium,Desktop,2024-01-04 03:35:00,4,300,0,form_started,0
4537,Norway,Organic,Basic,Desktop,2024-01-04 03:36:00,18,100,0,signup,0
4538,Norway,Paid,Basic,Desktop,2024-01-04 03:37:00,11,100,0,signup,0
4539,Sweden,Direct,Premium,Tablet,2024-01-04 03:38:00,16,300,1,completed,300
4540,Denmark,Paid,Pro,Tablet,2024-01-04 03:39:00,4,500,1,completed,500
4541,Denmark,Direct,Basic,Desktop,2024-01-04 03:40:00,19,100,0,form_started,0
4542,Sweden,Direct,Premium,Tablet,2024-01-04 03:41:00,6,300,0,form_started,0
4543,Norway,Paid,Basic,Tablet,2024-01-04 03:42:00,8,100,0,form_started,0
4544,Sweden,Direct,Premium,Desktop,2024-01-04 03:43:00,18,300,0,form_started,0
4545,Denmark,Direct,Basic,Tablet,2024-01-04 03:44:00,19,100,0,signup,0
4546,Denmark,Organic,Pro,Tablet,2024-01-04 03:45:00,18,500,0,form_started,0
4547,Sweden,Organic,Basic,Mobile,2024-01-04 03:46:00,16,100,1,completed,100
4548,Sweden,Organic,Premium,Desktop,2024-01-04 03:47:00,7,300,0,signup,0
4549,Denmark,Paid,Premium,Mobile,2024-01-04 03:48:00,17,300,1,completed,300
4550,Sweden,Organic,Premium,Mobile,2024-01-04 03:49:00,3,300,1,completed,300
4551,Denmark,Direct,Pro,Desktop,2024-01-04 03:50:00,15,500,0,signup,0
4552,Sweden,Paid,Premium,Mobile,2024-01-04 03:51:00,4,300,0,signup,0
4553,Sweden,Paid,Premium,Mobile,2024-01-04 03:52:00,16,300,0,signup,0
4554,Sweden,Paid,Pro,Tablet,2024-01-04 03:53:00,14,500,1,completed,500
4555,Denmark,Paid,Premium,Mobile,2024-01-04 03:54:00,17,300,0,signup,0
4556,Sweden,Direct,Premium,Desktop,2024-01-04 03:55:00,9,300,0,signup,0
4557,Denmark,Direct,Pro,Tablet,2024-01-04 03:56:00,7,500,0,signup,0
4558,Denmark,Organic,Basic,Tablet,2024-01-04 03:57:00,14,100,0,signup,0
4559,Sweden,Paid,Premium,Tablet,2024-01-04 03:58:00,12,300,0,signup,0
4560,Sweden,Organic,Basic,Desktop,2024-01-04 03:59:00,17,100,0,form_started,0
4561,Denmark,Direct,Pro,Desktop,2024-01-04 04:00:00,9,500,0,signup,0
4562,Denmark,Paid,Premium,Desktop,2024-01-04 04:01:00,12,300,1,completed,300
4563,Norway,Direct,Premium,Mobile,2024-01-04 04:02:00,12,300,0,form_started,0
4564,Denmark,Organic,Pro,Mobile,2024-01-04 04:03:00,8,500,0,signup,0
4565,Norway,Direct,Premium,Tablet,2024-01-04 04:04:00,10,300,0,signup,0
4566,Norway,Paid,Basic,Tablet,2024-01-04 04:05:00,12,100,0,form_started,0
4567,Norway,Paid,Basic,Desktop,2024-01-04 04:06:00,5,100,0,signup,0
4568,Sweden,Organic,Pro,Desktop,2024-01-04 04:07:00,1,500,0,signup,0
4569,Sweden,Paid,Premium,Mobile,2024-01-04 04:08:00,9,300,1,completed,300
4570,Denmark,Direct,Premium,Mobile,2024-01-04 04:09:00,15,300,0,form_started,0
4571,Norway,Direct,Pro,Desktop,2024-01-04 04:10:00,2,500,0,form_started,0
4572,Sweden,Direct,Basic,Desktop,2024-01-04 04:11:00,4,100,0,signup,0
4573,Sweden,Direct,Basic,Mobile,2024-01-04 04:12:00,4,100,0,signup,0
4574,Sweden,Organic,Pro,Tablet,2024-01-04 04:13:00,3,500,0,form_started,0
4575,Sweden,Direct,Premium,Tablet,2024-01-04 04:14:00,16,300,0,signup,0
4576,Sweden,Organic,Basic,Mobile,2024-01-04 04:15:00,8,100,0,signup,0
4577,Norway,Direct,Premium,Mobile,2024-01-04 04:16:00,7,300,0,signup,0
4578,Norway,Organic,Basic,Tablet,2024-01-04 04:17:00,12,100,0,form_started,0
4579,Norway,Direct,Premium,Mobile,2024-01-04 04:18:00,12,300,0,signup,0
4580,Norway,Direct,Basic,Tablet,2024-01-04 04:19:00,4,100,1,completed,100
4581,Denmark,Organic,Premium,Tablet,2024-01-04 04:20:00,15,300,1,completed,300
4582,Norway,Paid,Pro,Mobile,2024-01-04 04:21:00,6,500,0,form_started,0
4583,Sweden,Paid,Basic,Desktop,2024-01-04 04:22:00,3,100,1,completed,100
4584,Norway,Paid,Pro,Desktop,2024-01-04 04:23:00,7,500,0,signup,0
4585,Denmark,Organic,Basic,Desktop,2024-01-04 04:24:00,6,100,1,completed,100
4586,Sweden,Paid,Basic,Desktop,2024-01-04 04:25:00,1,100,0,signup,0
4587,Norway,Paid,Basic,Desktop,2024-01-04 04:26:00,8,100,0,signup,0
4588,Norway,Organic,Premium,Desktop,2024-01-04 04:27:00,1,300,0,form_started,0
4589,Norway,Paid,Basic,Desktop,2024-01-04 04:28:00,16,100,0,form_started,0
4590,Sweden,Paid,Pro,Mobile,2024-01-04 04:29:00,3,500,0,form_started,0
4591,Sweden,Paid,Premium,Mobile,2024-01-04 04:30:00,2,300,0,signup,0
4592,Denmark,Organic,Premium,Desktop,2024-01-04 04:31:00,6,300,0,signup,0
4593,Sweden,Organic,Basic,Mobile,2024-01-04 04:32:00,8,100,1,completed,100
4594,Sweden,Paid,Premium,Tablet,2024-01-04 04:33:00,7,300,1,completed,300
4595,Norway,Paid,Basic,Desktop,2024-01-04 04:34:00,7,100,1,completed,100
4596,Sweden,Organic,Pro,Tablet,2024-01-04 04:35:00,19,500,0,form_started,0
4597,Norway,Paid,Premium,Mobile,2024-01-04 04:36:00,18,300,1,completed,300
4598,Norway,Organic,Premium,Desktop,2024-01-04 04:37:00,3,300,1,completed,300
4599,Sweden,Paid,Pro,Tablet,2024-01-04 04:38:00,11,500,1,completed,500
4600,Denmark,Organic,Pro,Mobile,2024-01-04 04:39:00,11,500,0,form_started,0
4601,Denmark,Direct,Basic,Desktop,2024-01-04 04:40:00,3,100,0,form_started,0
4602,Sweden,Direct,Premium,Desktop,2024-01-04 04:41:00,1,300,0,signup,0
4603,Denmark,Organic,Pro,Tablet,2024-01-04 04:42:00,10,500,1,completed,500
4604,Norway,Direct,Premium,Tablet,2024-01-04 04:43:00,2,300,0,signup,0
4605,Norway,Paid,Pro,Tablet,2024-01-04 04:44:00,17,500,0,form_started,0
4606,Sweden,Organic,Premium,Mobile,2024-01-04 04:45:00,9,300,0,signup,0
4607,Denmark,Organic,Pro,Tablet,2024-01-04 04:46:00,18,500,0,signup,0
4608,Denmark,Paid,Premium,Tablet,2024-01-04 04:47:00,9,300,1,completed,300
4609,Norway,Paid,Basic,Tablet,2024-01-04 04:48:00,11,100,0,form_started,0
4610,Sweden,Organic,Premium,Desktop,2024-01-04 04:49:00,17,300,0,signup,0
4611,Denmark,Paid,Basic,Tablet,2024-01-04 04:50:00,14,100,1,completed,100
4612,Sweden,Organic,Basic,Tablet,2024-01-04 04:51:00,18,100,0,form_started,0
4613,Denmark,Paid,Basic,Mobile,2024-01-04 04:52:00,18,100,1,completed,100
4614,Norway,Organic,Premium,Mobile,2024-01-04 04:53:00,12,300,0,form_started,0
4615,Norway,Paid,Premium,Tablet,2024-01-04 04:54:00,18,300,1,completed,300
4616,Sweden,Paid,Basic,Mobile,2024-01-04 04:55:00,8,100,0,form_started,0
4617,Norway,Direct,Pro,Mobile,2024-01-04 04:56:00,8,500,0,form_started,0
4618,Denmark,Direct,Premium,Mobile,2024-01-04 04:57:00,8,300,0,form_started,0
4619,Norway,Direct,Premium,Desktop,2024-01-04 04:58:00,15,300,1,completed,300
4620,Sweden,Paid,Premium,Tablet,2024-01-04 04:59:00,8,300,0,signup,0
4621,Sweden,Organic,Premium,Tablet,2024-01-04 05:00:00,14,300,0,form_started,0
4622,Sweden,Paid,Basic,Tablet,2024-01-04 05:01:00,13,100,1,completed,100
4623,Denmark,Direct,Pro,Mobile,2024-01-04 05:02:00,8,500,0,form_started,0
4624,Denmark,Paid,Pro,Mobile,2024-01-04 05:03:00,17,500,0,signup,0
4625,Denmark,Direct,Pro,Mobile,2024-01-04 05:04:00,19,500,1,completed,500
4626,Denmark,Direct,Pro,Desktop,2024-01-04 05:05:00,6,500,0,signup,0
4627,Denmark,Organic,Basic,Mobile,2024-01-04 05:06:00,17,100,0,form_started,0
4628,Norway,Organic,Premium,Desktop,2024-01-04 05:07:00,4,300,1,completed,300
4629,Denmark,Direct,Premium,Tablet,2024-01-04 05:08:00,7,300,0,form_started,0
4630,Denmark,Direct,Basic,Mobile,2024-01-04 05:09:00,17,100,0,form_started,0
4631,Norway,Paid,Premium,Desktop,2024-01-04 05:10:00,18,300,1,completed,300
4632,Denmark,Direct,Basic,Desktop,2024-01-04 05:11:00,6,100,0,form_started,0
4633,Sweden,Paid,Pro,Mobile,2024-01-04 05:12:00,10,500,1,completed,500
4634,Denmark,Direct,Basic,Desktop,2024-01-04 05:13:00,18,100,0,signup,0
4635,Denmark,Organic,Premium,Mobile,2024-01-04 05:14:00,7,300,1,completed,300
4636,Sweden,Organic,Premium,Desktop,2024-01-04 05:15:00,14,300,0,form_started,0
4637,Sweden,Direct,Premium,Tablet,2024-01-04 05:16:00,14,300,0,form_started,0
4638,Sweden,Paid,Pro,Tablet,2024-01-04 05:17:00,10,500,1,completed,500
4639,Sweden,Paid,Basic,Tablet,2024-01-04 05:18:00,9,100,0,form_started,0
4640,Denmark,Paid,Basic,Mobile,2024-01-04 05:19:00,10,100,0,form_started,0
4641,Sweden,Direct,Premium,Tablet,2024-01-04 05:20:00,2,300,1,completed,300
4642,Sweden,Direct,Basic,Tablet,2024-01-04 05:21:00,3,100,0,signup,0
4643,Norway,Organic,Premium,Tablet,2024-01-04 05:22:00,16,300,0,signup,0
4644,Sweden,Organic,Basic,Mobile,2024-01-04 05:23:00,10,100,0,form_started,0
4645,Sweden,Direct,Pro,Desktop,2024-01-04 05:24:00,11,500,1,completed,500
4646,Norway,Organic,Pro,Mobile,2024-01-04 05:25:00,10,500,0,form_started,0
4647,Norway,Paid,Basic,Mobile,2024-01-04 05:26:00,12,100,1,completed,100
4648,Denmark,Paid,Pro,Tablet,2024-01-04 05:27:00,14,500,0,form_started,0
4649,Norway,Direct,Pro,Desktop,2024-01-04 05:28:00,9,500,1,completed,500
4650,Denmark,Paid,Pro,Tablet,2024-01-04 05:29:00,13,500,0,signup,0
4651,Norway,Direct,Premium,Tablet,2024-01-04 05:30:00,6,300,0,form_started,0
4652,Norway,Paid,Basic,Mobile,2024-01-04 05:31:00,11,100,0,signup,0
4653,Denmark,Direct,Basic,Mobile,2024-01-04 05:32:00,1,100,0,signup,0
4654,Norway,Paid,Premium,Mobile,2024-01-04 05:33:00,15,300,0,form_started,0
4655,Denmark,Paid,Premium,Tablet,2024-01-04 05:34:00,7,300,0,signup,0
4656,Norway,Organic,Pro,Desktop,2024-01-04 05:35:00,11,500,1,completed,500
4657,Sweden,Organic,Basic,Desktop,2024-01-04 05:36:00,17,100,0,signup,0
4658,Norway,Organic,Premium,Tablet,2024-01-04 05:37:00,5,300,1,completed,300
4659,Denmark,Organic,Pro,Desktop,2024-01-04 05:38:00,9,500,0,form_started,0
4660,Norway,Organic,Basic,Tablet,2024-01-04 05:39:00,16,100,1,completed,100
4661,Denmark,Organic,Pro,Desktop,2024-01-04 05:40:00,11,500,1,completed,500
4662,Denmark,Direct,Basic,Tablet,2024-01-04 05:41:00,17,100,1,completed,100
4663,Sweden,Direct,Pro,Desktop,2024-01-04 05:42:00,6,500,0,form_started,0
4664,Sweden,Organic,Basic,Mobile,2024-01-04 05:43:00,15,100,1,completed,100
4665,Denmark,Direct,Basic,Mobile,2024-01-04 05:44:00,3,100,0,signup,0
4666,Norway,Organic,Basic,Mobile,2024-01-04 05:45:00,9,100,0,signup,0
4667,Denmark,Direct,Basic,Mobile,2024-01-04 05:46:00,12,100,1,completed,100
4668,Denmark,Paid,Pro,Tablet,2024-01-04 05:47:00,19,500,0,signup,0
4669,Norway,Direct,Premium,Desktop,2024-01-04 05:48:00,18,300,0,form_started,0
4670,Norway,Direct,Basic,Tablet,2024-01-04 05:49:00,16,100,0,signup,0
4671,Norway,Direct,Basic,Mobile,2024-01-04 05:50:00,8,100,0,form_started,0
4672,Norway,Paid,Basic,Desktop,2024-01-04 05:51:00,19,100,0,signup,0
4673,Denmark,Organic,Basic,Tablet,2024-01-04 05:52:00,5,100,1,completed,100
4674,Denmark,Direct,Pro,Mobile,2024-01-04 05:53:00,12,500,0,form_started,0
4675,Sweden,Direct,Premium,Desktop,2024-01-04 05:54:00,6,300,1,completed,300
4676,Denmark,Paid,Premium,Desktop,2024-01-04 05:55:00,12,300,1,completed,300
4677,Norway,Organic,Premium,Mobile,2024-01-04 05:56:00,15,300,0,signup,0
4678,Sweden,Direct,Pro,Mobile,2024-01-04 05:57:00,10,500,1,completed,500
4679,Norway,Paid,Premium,Desktop,2024-01-04 05:58:00,17,300,1,completed,300
4680,Denmark,Organic,Pro,Mobile,2024-01-04 05:59:00,7,500,0,signup,0
4681,Sweden,Organic,Pro,Tablet,2024-01-04 06:00:00,7,500,0,form_started,0
4682,Norway,Direct,Basic,Mobile,2024-01-04 06:01:00,11,100,1,completed,100
4683,Sweden,Direct,Pro,Mobile,2024-01-04 06:02:00,2,500,1,completed,500
4684,Sweden,Direct,Premium,Mobile,2024-01-04 06:03:00,2,300,1,completed,300
4685,Denmark,Direct,Premium,Desktop,2024-01-04 06:04:00,14,300,0,form_started,0
4686,Norway,Paid,Premium,Desktop,2024-01-04 06:05:00,18,300,0,signup,0
4687,Sweden,Paid,Basic,Mobile,2024-01-04 06:06:00,16,100,0,signup,0
4688,Sweden,Direct,Basic,Desktop,2024-01-04 06:07:00,11,100,1,completed,100
4689,Norway,Organic,Basic,Mobile,2024-01-04 06:08:00,9,100,1,completed,100
4690,Sweden,Direct,Pro,Tablet,2024-01-04 06:09:00,7,500,0,signup,0
4691,Sweden,Organic,Premium,Desktop,2024-01-04 06:10:00,4,300,1,completed,300
4692,Sweden,Organic,Pro,Mobile,2024-01-04 06:11:00,16,500,0,signup,0
4693,Norway,Organic,Pro,Desktop,2024-01-04 06:12:00,14,500,1,completed,500
4694,Norway,Paid,Premium,Tablet,2024-01-04 06:13:00,11,300,0,form_started,0
4695,Norway,Organic,Basic,Tablet,2024-01-04 06:14:00,8,100,1,completed,100
4696,Norway,Organic,Premium,Mobile,2024-01-04 06:15:00,11,300,0,signup,0
4697,Denmark,Paid,Pro,Desktop,2024-01-04 06:16:00,17,500,0,form_started,0
4698,Sweden,Organic,Pro,Tablet,2024-01-04 06:17:00,19,500,0,form_started,0
4699,Norway,Organic,Basic,Desktop,2024-01-04 06:18:00,10,100,1,completed,100
4700,Sweden,Direct,Pro,Mobile,2024-01-04 06:19:00,12,500,0,form_started,0
4701,Sweden,Organic,Pro,Tablet,2024-01-04 06:20:00,1,500,0,form_started,0
4702,Denmark,Organic,Premium,Tablet,2024-01-04 06:21:00,2,300,1,completed,300
4703,Norway,Organic,Basic,Desktop,2024-01-04 06:22:00,18,100,0,form_started,0
4704,Norway,Organic,Premium,Tablet,2024-01-04 06:23:00,7,300,0,form_started,0
4705,Sweden,Organic,Premium,Mobile,2024-01-04 06:24:00,16,300,0,signup,0
4706,Norway,Paid,Premium,Mobile,2024-01-04 06:25:00,13,300,0,signup,0
4707,Sweden,Organic,Pro,Tablet,2024-01-04 06:26:00,4,500,0,form_started,0
4708,Sweden,Organic,Pro,Mobile,2024-01-04 06:27:00,10,500,0,signup,0
4709,Denmark,Paid,Basic,Tablet,2024-01-04 06:28:00,9,100,1,completed,100
4710,Denmark,Paid,Pro,Tablet,2024-01-04 06:29:00,18,500,0,form_started,0
4711,Denmark,Organic,Basic,Tablet,2024-01-04 06:30:00,9,100,0,form_started,0
4712,Sweden,Organic,Premium,Tablet,2024-01-04 06:31:00,10,300,0,form_started,0
4713,Norway,Organic,Premium,Desktop,2024-01-04 06:32:00,8,300,0,signup,0
4714,Denmark,Direct,Pro,Tablet,2024-01-04 06:33:00,11,500,1,completed,500
4715,Norway,Direct,Pro,Mobile,2024-01-04 06:34:00,13,500,1,completed,500
4716,Denmark,Organic,Basic,Desktop,2024-01-04 06:35:00,13,100,0,signup,0
4717,Denmark,Paid,Pro,Mobile,2024-01-04 06:36:00,16,500,1,completed,500
4718,Sweden,Organic,Pro,Tablet,2024-01-04 06:37:00,13,500,0,signup,0
4719,Denmark,Paid,Pro,Mobile,2024-01-04 06:38:00,12,500,1,completed,500
4720,Denmark,Paid,Premium,Desktop,2024-01-04 06:39:00,15,300,0,form_started,0
4721,Sweden,Paid,Pro,Mobile,2024-01-04 06:40:00,16,500,0,signup,0
4722,Norway,Organic,Pro,Desktop,2024-01-04 06:41:00,8,500,1,completed,500
4723,Denmark,Organic,Premium,Tablet,2024-01-04 06:42:00,6,300,1,completed,300
4724,Sweden,Paid,Premium,Tablet,2024-01-04 06:43:00,8,300,0,form_started,0
4725,Denmark,Direct,Premium,Mobile,2024-01-04 06:44:00,2,300,1,completed,300
4726,Sweden,Direct,Premium,Mobile,2024-01-04 06:45:00,18,300,1,completed,300
4727,Norway,Direct,Pro,Tablet,2024-01-04 06:46:00,11,500,0,form_started,0
4728,Norway,Paid,Pro,Tablet,2024-01-04 06:47:00,17,500,0,signup,0
4729,Sweden,Organic,Pro,Mobile,2024-01-04 06:48:00,10,500,0,form_started,0
4730,Sweden,Paid,Basic,Tablet,2024-01-04 06:49:00,2,100,1,completed,100
4731,Sweden,Direct,Premium,Desktop,2024-01-04 06:50:00,19,300,1,completed,300
4732,Norway,Organic,Pro,Desktop,2024-01-04 06:51:00,2,500,0,form_started,0
4733,Denmark,Paid,Pro,Mobile,2024-01-04 06:52:00,6,500,1,completed,500
4734,Norway,Paid,Pro,Mobile,2024-01-04 06:53:00,17,500,1,completed,500
4735,Sweden,Direct,Premium,Tablet,2024-01-04 06:54:00,12,300,0,form_started,0
4736,Sweden,Paid,Premium,Tablet,2024-01-04 06:55:00,5,300,0,form_started,0
4737,Norway,Organic,Premium,Desktop,2024-01-04 06:56:00,2,300,0,form_started,0
4738,Sweden,Direct,Pro,Mobile,2024-01-04 06:57:00,9,500,0,signup,0
4739,Norway,Direct,Premium,Mobile,2024-01-04 06:58:00,2,300,1,completed,300
4740,Sweden,Organic,Pro,Mobile,2024-01-04 06:59:00,14,500,0,form_started,0
4741,Denmark,Direct,Basic,Mobile,2024-01-04 07:00:00,15,100,0,form_started,0
4742,Denmark,Paid,Premium,Desktop,2024-01-04 07:01:00,2,300,1,completed,300
4743,Sweden,Paid,Premium,Desktop,2024-01-04 07:02:00,18,300,0,signup,0
4744,Norway,Direct,Pro,Mobile,2024-01-04 07:03:00,12,500,0,signup,0
4745,Denmark,Organic,Premium,Desktop,2024-01-04 07:04:00,7,300,0,form_started,0
4746,Norway,Paid,Premium,Mobile,2024-01-04 07:05:00,16,300,0,signup,0
4747,Sweden,Organic,Pro,Desktop,2024-01-04 07:06:00,19,500,1,completed,500
4748,Norway,Paid,Pro,Tablet,2024-01-04 07:07:00,3,500,0,form_started,0
4749,Denmark,Paid,Pro,Desktop,2024-01-04 07:08:00,15,500,1,completed,500
4750,Norway,Direct,Basic,Mobile,2024-01-04 07:09:00,15,100,0,signup,0
4751,Norway,Direct,Pro,Tablet,2024-01-04 07:10:00,7,500,0,signup,0
4752,Sweden,Organic,Premium,Mobile,2024-01-04 07:11:00,8,300,0,signup,0
4753,Sweden,Direct,Basic,Tablet,2024-01-04 07:12:00,7,100,1,completed,100
4754,Sweden,Paid,Pro,Tablet,2024-01-04 07:13:00,3,500,0,form_started,0
4755,Denmark,Paid,Basic,Desktop,2024-01-04 07:14:00,19,100,0,signup,0
4756,Denmark,Organic,Basic,Desktop,2024-01-04 07:15:00,19,100,1,completed,100
4757,Sweden,Organic,Premium,Tablet,2024-01-04 07:16:00,18,300,0,signup,0
4758,Sweden,Paid,Basic,Tablet,2024-01-04 07:17:00,7,100,0,signup,0
4759,Denmark,Direct,Pro,Tablet,2024-01-04 07:18:00,19,500,0,form_started,0
4760,Denmark,Direct,Basic,Mobile,2024-01-04 07:19:00,5,100,1,completed,100
4761,Denmark,Organic,Basic,Desktop,2024-01-04 07:20:00,13,100,1,completed,100
4762,Denmark,Organic,Premium,Mobile,2024-01-04 07:21:00,2,300,0,signup,0
4763,Sweden,Paid,Premium,Desktop,2024-01-04 07:22:00,18,300,0,signup,0
4764,Denmark,Paid,Pro,Mobile,2024-01-04 07:23:00,4,500,0,signup,0
4765,Sweden,Organic,Premium,Desktop,2024-01-04 07:24:00,4,300,1,completed,300
4766,Norway,Paid,Pro,Tablet,2024-01-04 07:25:00,8,500,0,signup,0
4767,Norway,Organic,Pro,Tablet,2024-01-04 07:26:00,11,500,0,signup,0
4768,Denmark,Organic,Premium,Desktop,2024-01-04 07:27:00,1,300,1,completed,300
4769,Norway,Direct,Basic,Tablet,2024-01-04 07:28:00,9,100,0,signup,0
4770,Norway,Organic,Premium,Tablet,2024-01-04 07:29:00,6,300,0,signup,0
4771,Norway,Paid,Basic,Mobile,2024-01-04 07:30:00,4,100,1,completed,100
4772,Denmark,Direct,Basic,Desktop,2024-01-04 07:31:00,6,100,1,completed,100
4773,Denmark,Direct,Pro,Tablet,2024-01-04 07:32:00,13,500,0,form_started,0
4774,Norway,Paid,Pro,Desktop,2024-01-04 07:33:00,9,500,0,form_started,0
4775,Sweden,Paid,Premium,Mobile,2024-01-04 07:34:00,14,300,0,signup,0
4776,Norway,Paid,Basic,Desktop,2024-01-04 07:35:00,12,100,0,form_started,0
4777,Denmark,Organic,Premium,Mobile,2024-01-04 07:36:00,4,300,1,completed,300
4778,Denmark,Direct,Pro,Mobile,2024-01-04 07:37:00,8,500,1,completed,500
4779,Denmark,Organic,Basic,Mobile,2024-01-04 07:38:00,17,100,1,completed,100
4780,Norway,Organic,Premium,Tablet,2024-01-04 07:39:00,5,300,0,signup,0
4781,Sweden,Organic,Premium,Mobile,2024-01-04 07:40:00,3,300,0,signup,0
4782,Denmark,Organic,Pro,Desktop,2024-01-04 07:41:00,4,500,0,signup,0
4783,Denmark,Direct,Pro,Desktop,2024-01-04 07:42:00,8,500,0,form_started,0
4784,Norway,Direct,Pro,Tablet,2024-01-04 07:43:00,16,500,0,form_started,0
4785,Sweden,Organic,Pro,Tablet,2024-01-04 07:44:00,11,500,0,form_started,0
4786,Norway,Paid,Premium,Mobile,2024-01-04 07:45:00,2,300,0,signup,0
4787,Denmark,Direct,Pro,Mobile,2024-01-04 07:46:00,8,500,0,form_started,0
4788,Sweden,Organic,Pro,Mobile,2024-01-04 07:47:00,7,500,0,form_started,0
4789,Sweden,Paid,Premium,Tablet,2024-01-04 07:48:00,1,300,0,signup,0
4790,Denmark,Paid,Premium,Tablet,2024-01-04 07:49:00,2,300,0,signup,0
4791,Sweden,Organic,Basic,Desktop,2024-01-04 07:50:00,13,100,0,signup,0
4792,Sweden,Direct,Premium,Mobile,2024-01-04 07:51:00,11,300,0,signup,0
4793,Norway,Paid,Basic,Mobile,2024-01-04 07:52:00,3,100,1,completed,100
4794,Denmark,Direct,Pro,Desktop,2024-01-04 07:53:00,2,500,0,signup,0
4795,Denmark,Direct,Basic,Desktop,2024-01-04 07:54:00,16,100,1,completed,100
4796,Denmark,Paid,Basic,Desktop,2024-01-04 07:55:00,1,100,1,completed,100
4797,Denmark,Organic,Pro,Desktop,2024-01-04 07:56:00,7,500,0,signup,0
4798,Denmark,Paid,Pro,Mobile,2024-01-04 07:57:00,3,500,0,signup,0
4799,Sweden,Paid,Pro,Tablet,2024-01-04 07:58:00,16,500,0,signup,0
4800,Norway,Direct,Basic,Mobile,2024-01-04 07:59:00,6,100,0,form_started,0
4801,Denmark,Organic,Premium,Desktop,2024-01-04 08:00:00,14,300,0,form_started,0
4802,Norway,Direct,Premium,Tablet,2024-01-04 08:01:00,11,300,1,completed,300
4803,Norway,Paid,Premium,Mobile,2024-01-04 08:02:00,19,300,0,signup,0
4804,Sweden,Organic,Pro,Desktop,2024-01-04 08:03:00,1,500,1,completed,500
4805,Denmark,Organic,Pro,Tablet,2024-01-04 08:04:00,13,500,1,completed,500
4806,Sweden,Organic,Premium,Tablet,2024-01-04 08:05:00,9,300,0,form_started,0
4807,Denmark,Organic,Pro,Tablet,2024-01-04 08:06:00,11,500,0,signup,0
4808,Sweden,Organic,Basic,Mobile,2024-01-04 08:07:00,1,100,0,form_started,0
4809,Norway,Paid,Basic,Desktop,2024-01-04 08:08:00,13,100,0,form_started,0
4810,Denmark,Paid,Pro,Mobile,2024-01-04 08:09:00,1,500,0,form_started,0
4811,Norway,Paid,Premium,Mobile,2024-01-04 08:10:00,3,300,1,completed,300
4812,Norway,Direct,Premium,Mobile,2024-01-04 08:11:00,17,300,0,signup,0
4813,Sweden,Organic,Basic,Tablet,2024-01-04 08:12:00,5,100,0,signup,0
4814,Denmark,Organic,Pro,Desktop,2024-01-04 08:13:00,6,500,1,completed,500
4815,Norway,Paid,Premium,Mobile,2024-01-04 08:14:00,17,300,0,signup,0
4816,Sweden,Organic,Premium,Desktop,2024-01-04 08:15:00,10,300,0,signup,0
4817,Denmark,Direct,Pro,Tablet,2024-01-04 08:16:00,11,500,0,signup,0
4818,Denmark,Organic,Pro,Mobile,2024-01-04 08:17:00,13,500,0,signup,0
4819,Norway,Organic,Premium,Desktop,2024-01-04 08:18:00,10,300,1,completed,300
4820,Denmark,Direct,Pro,Tablet,2024-01-04 08:19:00,14,500,1,completed,500
4821,Norway,Paid,Pro,Mobile,2024-01-04 08:20:00,13,500,0,form_started,0
4822,Denmark,Paid,Pro,Mobile,2024-01-04 08:21:00,4,500,0,form_started,0
4823,Sweden,Organic,Premium,Desktop,2024-01-04 08:22:00,17,300,0,signup,0
4824,Norway,Direct,Basic,Desktop,2024-01-04 08:23:00,18,100,1,completed,100
4825,Norway,Paid,Pro,Mobile,2024-01-04 08:24:00,11,500,1,completed,500
4826,Denmark,Paid,Premium,Mobile,2024-01-04 08:25:00,10,300,0,signup,0
4827,Denmark,Paid,Basic,Tablet,2024-01-04 08:26:00,18,100,0,form_started,0
4828,Norway,Organic,Premium,Tablet,2024-01-04 08:27:00,19,300,1,completed,300
4829,Denmark,Direct,Premium,Mobile,2024-01-04 08:28:00,9,300,0,form_started,0
4830,Sweden,Organic,Premium,Desktop,2024-01-04 08:29:00,5,300,0,form_started,0
4831,Denmark,Paid,Basic,Desktop,2024-01-04 08:30:00,1,100,1,completed,100
4832,Sweden,Direct,Premium,Mobile,2024-01-04 08:31:00,5,300,0,signup,0
4833,Sweden,Organic,Basic,Tablet,2024-01-04 08:32:00,3,100,0,signup,0
4834,Sweden,Paid,Pro,Mobile,2024-01-04 08:33:00,1,500,0,form_started,0
4835,Sweden,Paid,Basic,Desktop,2024-01-04 08:34:00,19,100,1,completed,100
4836,Sweden,Organic,Premium,Mobile,2024-01-04 08:35:00,6,300,0,form_started,0
4837,Denmark,Paid,Basic,Mobile,2024-01-04 08:36:00,10,100,0,form_started,0
4838,Sweden,Paid,Premium,Tablet,2024-01-04 08:37:00,5,300,0,form_started,0
4839,Denmark,Direct,Pro,Desktop,2024-01-04 08:38:00,12,500,1,completed,500
4840,Sweden,Paid,Basic,Desktop,2024-01-04 08:39:00,12,100,0,form_started,0
4841,Norway,Organic,Pro,Mobile,2024-01-04 08:40:00,17,500,0,form_started,0
4842,Sweden,Direct,Basic,Desktop,2024-01-04 08:41:00,2,100,0,form_started,0
4843,Norway,Organic,Premium,Desktop,2024-01-04 08:42:00,14,300,0,signup,0
4844,Sweden,Paid,Basic,Desktop,2024-01-04 08:43:00,12,100,1,completed,100
4845,Sweden,Direct,Pro,Desktop,2024-01-04 08:44:00,13,500,0,signup,0
4846,Sweden,Direct,Basic,Tablet,2024-01-04 08:45:00,5,100,1,completed,100
4847,Norway,Direct,Pro,Tablet,2024-01-04 08:46:00,5,500,1,completed,500
4848,Norway,Direct,Pro,Tablet,2024-01-04 08:47:00,17,500,1,completed,500
4849,Sweden,Organic,Premium,Tablet,2024-01-04 08:48:00,5,300,0,form_started,0
4850,Denmark,Paid,Basic,Tablet,2024-01-04 08:49:00,19,100,0,form_started,0
4851,Sweden,Paid,Pro,Desktop,2024-01-04 08:50:00,4,500,0,form_started,0
4852,Norway,Direct,Premium,Mobile,2024-01-04 08:51:00,7,300,1,completed,300
4853,Sweden,Paid,Premium,Mobile,2024-01-04 08:52:00,17,300,1,completed,300
4854,Norway,Organic,Premium,Tablet,2024-01-04 08:53:00,11,300,0,form_started,0
4855,Norway,Paid,Pro,Desktop,2024-01-04 08:54:00,6,500,1,completed,500
4856,Norway,Organic,Basic,Tablet,2024-01-04 08:55:00,13,100,1,completed,100
4857,Sweden,Organic,Pro,Mobile,2024-01-04 08:56:00,12,500,1,completed,500
4858,Norway,Paid,Premium,Desktop,2024-01-04 08:57:00,5,300,1,completed,300
4859,Norway,Organic,Pro,Desktop,2024-01-04 08:58:00,10,500,1,completed,500
4860,Sweden,Organic,Pro,Desktop,2024-01-04 08:59:00,11,500,1,completed,500
4861,Norway,Organic,Premium,Mobile,2024-01-04 09:00:00,9,300,0,form_started,0
4862,Sweden,Organic,Basic,Mobile,2024-01-04 09:01:00,13,100,1,completed,100
4863,Norway,Direct,Premium,Tablet,2024-01-04 09:02:00,3,300,0,signup,0
4864,Denmark,Paid,Premium,Tablet,2024-01-04 09:03:00,17,300,0,form_started,0
4865,Denmark,Direct,Pro,Mobile,2024-01-04 09:04:00,18,500,1,completed,500
4866,Norway,Organic,Premium,Tablet,2024-01-04 09:05:00,5,300,1,completed,300
4867,Denmark,Paid,Pro,Mobile,2024-01-04 09:06:00,16,500,1,completed,500
4868,Sweden,Organic,Premium,Desktop,2024-01-04 09:07:00,16,300,0,form_started,0
4869,Denmark,Paid,Premium,Tablet,2024-01-04 09:08:00,11,300,0,form_started,0
4870,Norway,Direct,Basic,Mobile,2024-01-04 09:09:00,4,100,0,form_started,0
4871,Norway,Paid,Premium,Mobile,2024-01-04 09:10:00,9,300,0,signup,0
4872,Sweden,Organic,Basic,Mobile,2024-01-04 09:11:00,15,100,1,completed,100
4873,Norway,Paid,Premium,Tablet,2024-01-04 09:12:00,12,300,0,signup,0
4874,Sweden,Paid,Premium,Tablet,2024-01-04 09:13:00,16,300,0,signup,0
4875,Denmark,Direct,Premium,Desktop,2024-01-04 09:14:00,4,300,0,signup,0
4876,Denmark,Organic,Basic,Tablet,2024-01-04 09:15:00,3,100,1,completed,100
4877,Sweden,Paid,Pro,Tablet,2024-01-04 09:16:00,4,500,0,signup,0
4878,Sweden,Direct,Basic,Tablet,2024-01-04 09:17:00,2,100,1,completed,100
4879,Norway,Paid,Premium,Desktop,2024-01-04 09:18:00,19,300,0,signup,0
4880,Denmark,Organic,Pro,Desktop,2024-01-04 09:19:00,7,500,0,signup,0
4881,Sweden,Paid,Premium,Desktop,2024-01-04 09:20:00,2,300,1,completed,300
4882,Denmark,Paid,Basic,Tablet,2024-01-04 09:21:00,1,100,0,form_started,0
4883,Sweden,Paid,Basic,Mobile,2024-01-04 09:22:00,18,100,0,signup,0
4884,Denmark,Paid,Pro,Tablet,2024-01-04 09:23:00,8,500,1,completed,500
4885,Norway,Organic,Basic,Desktop,2024-01-04 09:24:00,8,100,1,completed,100
4886,Denmark,Direct,Premium,Tablet,2024-01-04 09:25:00,10,300,1,completed,300
4887,Denmark,Direct,Pro,Tablet,2024-01-04 09:26:00,18,500,1,completed,500
4888,Denmark,Paid,Premium,Mobile,2024-01-04 09:27:00,11,300,0,signup,0
4889,Denmark,Organic,Pro,Mobile,2024-01-04 09:28:00,1,500,0,signup,0
4890,Denmark,Organic,Pro,Tablet,2024-01-04 09:29:00,7,500,0,signup,0
4891,Norway,Organic,Premium,Desktop,2024-01-04 09:30:00,8,300,1,completed,300
4892,Sweden,Organic,Basic,Tablet,2024-01-04 09:31:00,14,100,1,completed,100
4893,Denmark,Organic,Premium,Tablet,2024-01-04 09:32:00,19,300,0,signup,0
4894,Norway,Organic,Basic,Tablet,2024-01-04 09:33:00,8,100,0,signup,0
4895,Denmark,Paid,Basic,Desktop,2024-01-04 09:34:00,19,100,0,form_started,0
4896,Denmark,Direct,Premium,Desktop,2024-01-04 09:35:00,4,300,1,completed,300
4897,Sweden,Direct,Pro,Desktop,2024-01-04 09:36:00,10,500,0,form_started,0
4898,Denmark,Paid,Premium,Desktop,2024-01-04 09:37:00,10,300,1,completed,300
4899,Norway,Direct,Pro,Desktop,2024-01-04 09:38:00,4,500,1,completed,500
4900,Norway,Organic,Basic,Tablet,2024-01-04 09:39:00,8,100,1,completed,100
4901,Sweden,Organic,Pro,Desktop,2024-01-04 09:40:00,7,500,0,form_started,0
4902,Denmark,Direct,Premium,Tablet,2024-01-04 09:41:00,15,300,1,completed,300
4903,Norway,Organic,Pro,Tablet,2024-01-04 09:42:00,8,500,1,completed,500
4904,Denmark,Organic,Basic,Tablet,2024-01-04 09:43:00,10,100,0,form_started,0
4905,Denmark,Direct,Basic,Mobile,2024-01-04 09:44:00,7,100,0,form_started,0
4906,Denmark,Paid,Pro,Desktop,2024-01-04 09:45:00,19,500,1,completed,500
4907,Sweden,Direct,Basic,Desktop,2024-01-04 09:46:00,3,100,1,completed,100
4908,Denmark,Direct,Basic,Tablet,2024-01-04 09:47:00,9,100,0,signup,0
4909,Norway,Direct,Pro,Mobile,2024-01-04 09:48:00,16,500,0,form_started,0
4910,Denmark,Direct,Basic,Desktop,2024-01-04 09:49:00,14,100,0,signup,0
4911,Norway,Paid,Pro,Tablet,2024-01-04 09:50:00,7,500,1,completed,500
4912,Denmark,Paid,Pro,Mobile,2024-01-04 09:51:00,12,500,1,completed,500
4913,Norway,Organic,Basic,Tablet,2024-01-04 09:52:00,1,100,0,form_started,0
4914,Norway,Organic,Pro,Mobile,2024-01-04 09:53:00,16,500,0,form_started,0
4915,Denmark,Direct,Basic,Tablet,2024-01-04 09:54:00,3,100,1,completed,100
4916,Denmark,Organic,Basic,Desktop,2024-01-04 09:55:00,1,100,1,completed,100
4917,Norway,Paid,Basic,Tablet,2024-01-04 09:56:00,6,100,1,completed,100
4918,Sweden,Organic,Premium,Tablet,2024-01-04 09:57:00,2,300,1,completed,300
4919,Denmark,Organic,Basic,Mobile,2024-01-04 09:58:00,7,100,0,form_started,0
4920,Sweden,Organic,Pro,Mobile,2024-01-04 09:59:00,8,500,1,completed,500
4921,Denmark,Direct,Pro,Desktop,2024-01-04 10:00:00,13,500,0,form_started,0
4922,Denmark,Organic,Pro,Tablet,2024-01-04 10:01:00,16,500,1,completed,500
4923,Denmark,Paid,Premium,Mobile,2024-01-04 10:02:00,10,300,0,form_started,0
4924,Denmark,Paid,Premium,Desktop,2024-01-04 10:03:00,4,300,1,completed,300
4925,Sweden,Paid,Pro,Desktop,2024-01-04 10:04:00,13,500,1,completed,500
4926,Denmark,Paid,Pro,Mobile,2024-01-04 10:05:00,17,500,0,form_started,0
4927,Norway,Organic,Premium,Mobile,2024-01-04 10:06:00,8,300,0,signup,0
4928,Norway,Direct,Pro,Tablet,2024-01-04 10:07:00,8,500,0,form_started,0
4929,Sweden,Paid,Basic,Desktop,2024-01-04 10:08:00,7,100,1,completed,100
4930,Denmark,Paid,Basic,Mobile,2024-01-04 10:09:00,1,100,1,completed,100
4931,Norway,Direct,Pro,Desktop,2024-01-04 10:10:00,15,500,1,completed,500
4932,Sweden,Direct,Basic,Tablet,2024-01-04 10:11:00,15,100,0,form_started,0
4933,Denmark,Paid,Pro,Mobile,2024-01-04 10:12:00,19,500,0,form_started,0
4934,Norway,Paid,Premium,Desktop,2024-01-04 10:13:00,4,300,0,form_started,0
4935,Norway,Direct,Pro,Mobile,2024-01-04 10:14:00,6,500,0,signup,0
4936,Sweden,Paid,Premium,Tablet,2024-01-04 10:15:00,10,300,1,completed,300
4937,Denmark,Paid,Basic,Tablet,2024-01-04 10:16:00,12,100,1,completed,100
4938,Denmark,Organic,Basic,Tablet,2024-01-04 10:17:00,4,100,0,signup,0
4939,Norway,Direct,Basic,Tablet,2024-01-04 10:18:00,6,100,1,completed,100
4940,Norway,Organic,Pro,Mobile,2024-01-04 10:19:00,14,500,0,form_started,0
4941,Norway,Organic,Premium,Mobile,2024-01-04 10:20:00,13,300,0,form_started,0
4942,Denmark,Direct,Premium,Desktop,2024-01-04 10:21:00,3,300,0,signup,0
4943,Sweden,Organic,Basic,Desktop,2024-01-04 10:22:00,15,100,0,form_started,0
4944,Sweden,Paid,Basic,Mobile,2024-01-04 10:23:00,3,100,1,completed,100
4945,Denmark,Organic,Premium,Mobile,2024-01-04 10:24:00,5,300,0,form_started,0
4946,Sweden,Direct,Pro,Desktop,2024-01-04 10:25:00,13,500,0,form_started,0
4947,Norway,Paid,Basic,Mobile,2024-01-04 10:26:00,15,100,1,completed,100
4948,Sweden,Paid,Pro,Tablet,2024-01-04 10:27:00,17,500,1,completed,500
4949,Sweden,Paid,Basic,Tablet,2024-01-04 10:28:00,6,100,0,signup,0
4950,Sweden,Paid,Basic,Tablet,2024-01-04 10:29:00,18,100,0,signup,0
4951,Norway,Organic,Pro,Desktop,2024-01-04 10:30:00,3,500,0,signup,0
4952,Denmark,Organic,Pro,Mobile,2024-01-04 10:31:00,9,500,0,signup,0
4953,Norway,Paid,Pro,Desktop,2024-01-04 10:32:00,8,500,0,form_started,0
4954,Denmark,Direct,Pro,Desktop,2024-01-04 10:33:00,11,500,1,completed,500
4955,Denmark,Paid,Premium,Mobile,2024-01-04 10:34:00,11,300,0,signup,0
4956,Denmark,Organic,Premium,Desktop,2024-01-04 10:35:00,8,300,0,form_started,0
4957,Sweden,Paid,Basic,Tablet,2024-01-04 10:36:00,1,100,1,completed,100
4958,Sweden,Organic,Basic,Mobile,2024-01-04 10:37:00,2,100,1,completed,100
4959,Denmark,Paid,Basic,Tablet,2024-01-04 10:38:00,4,100,0,signup,0
4960,Denmark,Direct,Premium,Tablet,2024-01-04 10:39:00,2,300,0,signup,0
4961,Sweden,Paid,Pro,Mobile,2024-01-04 10:40:00,2,500,0,form_started,0
4962,Norway,Direct,Basic,Tablet,2024-01-04 10:41:00,13,100,0,form_started,0
4963,Denmark,Direct,Premium,Tablet,2024-01-04 10:42:00,6,300,0,signup,0
4964,Norway,Paid,Basic,Tablet,2024-01-04 10:43:00,4,100,0,signup,0
4965,Sweden,Direct,Premium,Mobile,2024-01-04 10:44:00,15,300,0,form_started,0
4966,Denmark,Direct,Pro,Mobile,2024-01-04 10:45:00,3,500,0,signup,0
4967,Norway,Organic,Premium,Mobile,2024-01-04 10:46:00,4,300,0,signup,0
4968,Norway,Organic,Pro,Desktop,2024-01-04 10:47:00,17,500,1,completed,500
4969,Norway,Direct,Basic,Tablet,2024-01-04 10:48:00,6,100,0,signup,0
4970,Sweden,Paid,Pro,Desktop,2024-01-04 10:49:00,2,500,1,completed,500
4971,Sweden,Direct,Premium,Desktop,2024-01-04 10:50:00,13,300,0,signup,0
4972,Norway,Paid,Basic,Tablet,2024-01-04 10:51:00,15,100,1,completed,100
4973,Norway,Organic,Basic,Mobile,2024-01-04 10:52:00,5,100,0,form_started,0
4974,Sweden,Paid,Premium,Desktop,2024-01-04 10:53:00,19,300,0,form_started,0
4975,Norway,Direct,Pro,Mobile,2024-01-04 10:54:00,6,500,1,completed,500
4976,Norway,Direct,Premium,Mobile,2024-01-04 10:55:00,17,300,1,completed,300
4977,Sweden,Direct,Pro,Tablet,2024-01-04 10:56:00,1,500,1,completed,500
4978,Norway,Direct,Pro,Desktop,2024-01-04 10:57:00,2,500,1,completed,500
4979,Norway,Direct,Basic,Desktop,2024-01-04 10:58:00,1,100,0,signup,0
4980,Norway,Paid,Pro,Mobile,2024-01-04 10:59:00,8,500,0,signup,0
4981,Sweden,Direct,Basic,Tablet,2024-01-04 11:00:00,4,100,0,form_started,0
4982,Norway,Organic,Premium,Desktop,2024-01-04 11:01:00,18,300,0,form_started,0
4983,Sweden,Direct,Premium,Mobile,2024-01-04 11:02:00,9,300,1,completed,300
4984,Sweden,Paid,Basic,Mobile,2024-01-04 11:03:00,15,100,0,signup,0
4985,Denmark,Direct,Basic,Mobile,2024-01-04 11:04:00,16,100,1,completed,100
4986,Denmark,Direct,Pro,Tablet,2024-01-04 11:05:00,3,500,0,form_started,0
4987,Norway,Paid,Basic,Tablet,2024-01-04 11:06:00,1,100,0,signup,0
4988,Sweden,Direct,Premium,Mobile,2024-01-04 11:07:00,13,300,0,signup,0
4989,Denmark,Paid,Basic,Mobile,2024-01-04 11:08:00,14,100,0,form_started,0
4990,Norway,Direct,Basic,Tablet,2024-01-04 11:09:00,6,100,1,completed,100
4991,Denmark,Organic,Basic,Mobile,2024-01-04 11:10:00,5,100,1,completed,100
4992,Denmark,Direct,Pro,Mobile,2024-01-04 11:11:00,5,500,0,form_started,0
4993,Sweden,Paid,Basic,Tablet,2024-01-04 11:12:00,4,100,1,completed,100
4994,Sweden,Organic,Pro,Mobile,2024-01-04 11:13:00,12,500,0,signup,0
4995,Denmark,Paid,Pro,Mobile,2024-01-04 11:14:00,14,500,1,completed,500
4996,Denmark,Direct,Basic,Mobile,2024-01-04 11:15:00,14,100,0,signup,0
4997,Sweden,Organic,Pro,Tablet,2024-01-04 11:16:00,11,500,0,signup,0
4998,Norway,Paid,Basic,Tablet,2024-01-04 11:17:00,10,100,0,signup,0
4999,Sweden,Organic,Premium,Tablet,2024-01-04 11:18:00,10,300,0,form_started,0
5000,Denmark,Organic,Premium,Desktop,2024-01-04 11:19:00,9,300,0,form_started,0
5001,Norway,Paid,Pro,Desktop,2024-01-04 11:20:00,2,500,0,form_started,0
5002,Denmark,Organic,Premium,Desktop,2024-01-04 11:21:00,14,300,0,form_started,0
5003,Norway,Paid,Basic,Desktop,2024-01-04 11:22:00,7,100,0,signup,0
5004,Denmark,Organic,Pro,Tablet,2024-01-04 11:23:00,17,500,1,completed,500
5005,Norway,Organic,Basic,Mobile,2024-01-04 11:24:00,8,100,1,completed,100
5006,Norway,Organic,Pro,Tablet,2024-01-04 11:25:00,4,500,1,completed,500
5007,Denmark,Direct,Pro,Desktop,2024-01-04 11:26:00,5,500,0,signup,0
5008,Norway,Direct,Pro,Tablet,2024-01-04 11:27:00,13,500,0,form_started,0
5009,Sweden,Paid,Pro,Mobile,2024-01-04 11:28:00,7,500,0,signup,0
5010,Denmark,Organic,Premium,Desktop,2024-01-04 11:29:00,6,300,0,signup,0
5011,Sweden,Paid,Premium,Mobile,2024-01-04 11:30:00,17,300,0,form_started,0
5012,Denmark,Direct,Premium,Mobile,2024-01-04 11:31:00,6,300,0,signup,0
5013,Norway,Direct,Pro,Mobile,2024-01-04 11:32:00,19,500,0,signup,0
5014,Norway,Direct,Premium,Desktop,2024-01-04 11:33:00,3,300,0,signup,0
5015,Norway,Direct,Pro,Tablet,2024-01-04 11:34:00,9,500,0,form_started,0
5016,Denmark,Paid,Premium,Desktop,2024-01-04 11:35:00,15,300,1,completed,300
5017,Sweden,Organic,Pro,Desktop,2024-01-04 11:36:00,8,500,1,completed,500
5018,Sweden,Paid,Premium,Tablet,2024-01-04 11:37:00,15,300,0,signup,0
5019,Denmark,Organic,Premium,Tablet,2024-01-04 11:38:00,1,300,0,form_started,0
5020,Denmark,Direct,Premium,Tablet,2024-01-04 11:39:00,8,300,1,completed,300
5021,Sweden,Organic,Pro,Tablet,2024-01-04 11:40:00,4,500,1,completed,500
5022,Sweden,Direct,Pro,Mobile,2024-01-04 11:41:00,10,500,1,completed,500
5023,Sweden,Paid,Premium,Desktop,2024-01-04 11:42:00,16,300,0,form_started,0
5024,Sweden,Organic,Pro,Desktop,2024-01-04 11:43:00,18,500,0,signup,0
5025,Denmark,Paid,Basic,Desktop,2024-01-04 11:44:00,4,100,0,form_started,0
5026,Denmark,Direct,Premium,Tablet,2024-01-04 11:45:00,8,300,1,completed,300
5027,Norway,Paid,Premium,Desktop,2024-01-04 11:46:00,4,300,1,completed,300
5028,Sweden,Direct,Basic,Mobile,2024-01-04 11:47:00,10,100,0,form_started,0
5029,Norway,Direct,Pro,Desktop,2024-01-04 11:48:00,4,500,0,signup,0
5030,Denmark,Direct,Pro,Desktop,2024-01-04 11:49:00,16,500,0,form_started,0
5031,Denmark,Paid,Pro,Mobile,2024-01-04 11:50:00,12,500,1,completed,500
5032,Norway,Paid,Premium,Mobile,2024-01-04 11:51:00,10,300,1,completed,300
5033,Sweden,Organic,Premium,Desktop,2024-01-04 11:52:00,11,300,0,signup,0
5034,Sweden,Organic,Premium,Tablet,2024-01-04 11:53:00,2,300,0,form_started,0
5035,Sweden,Paid,Premium,Tablet,2024-01-04 11:54:00,16,300,0,form_started,0
5036,Sweden,Paid,Premium,Desktop,2024-01-04 11:55:00,19,300,1,completed,300
5037,Norway,Paid,Pro,Desktop,2024-01-04 11:56:00,12,500,1,completed,500
5038,Norway,Paid,Basic,Desktop,2024-01-04 11:57:00,4,100,0,signup,0
5039,Denmark,Direct,Pro,Desktop,2024-01-04 11:58:00,17,500,0,form_started,0
5040,Sweden,Direct,Pro,Tablet,2024-01-04 11:59:00,12,500,1,completed,500
5041,Sweden,Direct,Premium,Desktop,2024-01-04 12:00:00,16,300,0,signup,0
5042,Sweden,Paid,Basic,Mobile,2024-01-04 12:01:00,3,100,0,signup,0
5043,Norway,Direct,Basic,Tablet,2024-01-04 12:02:00,2,100,0,form_started,0
5044,Sweden,Direct,Pro,Tablet,2024-01-04 12:03:00,7,500,1,completed,500
5045,Norway,Organic,Basic,Mobile,2024-01-04 12:04:00,6,100,1,completed,100
5046,Sweden,Organic,Pro,Desktop,2024-01-04 12:05:00,1,500,0,signup,0
5047,Sweden,Direct,Pro,Desktop,2024-01-04 12:06:00,15,500,0,signup,0
5048,Denmark,Direct,Pro,Desktop,2024-01-04 12:07:00,12,500,0,form_started,0
5049,Sweden,Direct,Pro,Desktop,2024-01-04 12:08:00,13,500,1,completed,500
5050,Sweden,Paid,Premium,Desktop,2024-01-04 12:09:00,8,300,1,completed,300
5051,Denmark,Organic,Basic,Mobile,2024-01-04 12:10:00,9,100,0,form_started,0
5052,Norway,Organic,Premium,Desktop,2024-01-04 12:11:00,1,300,0,signup,0
5053,Norway,Organic,Premium,Mobile,2024-01-04 12:12:00,5,300,0,signup,0
5054,Sweden,Direct,Premium,Mobile,2024-01-04 12:13:00,7,300,0,signup,0
5055,Norway,Paid,Pro,Mobile,2024-01-04 12:14:00,18,500,0,signup,0
5056,Sweden,Organic,Pro,Desktop,2024-01-04 12:15:00,8,500,1,completed,500
5057,Denmark,Organic,Premium,Desktop,2024-01-04 12:16:00,10,300,1,completed,300
5058,Denmark,Paid,Premium,Tablet,2024-01-04 12:17:00,8,300,0,signup,0
5059,Sweden,Direct,Basic,Tablet,2024-01-04 12:18:00,12,100,1,completed,100
5060,Denmark,Direct,Premium,Mobile,2024-01-04 12:19:00,16,300,0,signup,0
5061,Denmark,Organic,Pro,Tablet,2024-01-04 12:20:00,12,500,1,completed,500
5062,Sweden,Organic,Premium,Mobile,2024-01-04 12:21:00,3,300,0,form_started,0
5063,Sweden,Paid,Basic,Tablet,2024-01-04 12:22:00,18,100,0,signup,0
5064,Denmark,Organic,Basic,Desktop,2024-01-04 12:23:00,5,100,0,signup,0
5065,Norway,Paid,Premium,Desktop,2024-01-04 12:24:00,14,300,0,form_started,0
5066,Norway,Organic,Basic,Mobile,2024-01-04 12:25:00,16,100,0,signup,0
5067,Sweden,Organic,Basic,Mobile,2024-01-04 12:26:00,6,100,0,form_started,0
5068,Sweden,Organic,Pro,Desktop,2024-01-04 12:27:00,16,500,0,form_started,0
5069,Norway,Direct,Basic,Desktop,2024-01-04 12:28:00,14,100,1,completed,100
5070,Denmark,Paid,Basic,Desktop,2024-01-04 12:29:00,5,100,0,signup,0
5071,Norway,Paid,Premium,Tablet,2024-01-04 12:30:00,14,300,0,signup,0
5072,Norway,Direct,Pro,Tablet,2024-01-04 12:31:00,11,500,1,completed,500
5073,Norway,Direct,Basic,Tablet,2024-01-04 12:32:00,9,100,1,completed,100
5074,Norway,Direct,Premium,Tablet,2024-01-04 12:33:00,7,300,0,signup,0
5075,Sweden,Paid,Premium,Mobile,2024-01-04 12:34:00,5,300,0,form_started,0
5076,Sweden,Organic,Premium,Mobile,2024-01-04 12:35:00,15,300,0,form_started,0
5077,Denmark,Direct,Premium,Tablet,2024-01-04 12:36:00,13,300,0,form_started,0
5078,Denmark,Direct,Premium,Mobile,2024-01-04 12:37:00,12,300,0,signup,0
5079,Denmark,Direct,Premium,Tablet,2024-01-04 12:38:00,15,300,0,form_started,0
5080,Denmark,Organic,Basic,Tablet,2024-01-04 12:39:00,19,100,1,completed,100
5081,Norway,Organic,Pro,Desktop,2024-01-04 12:40:00,19,500,0,form_started,0
5082,Sweden,Direct,Pro,Tablet,2024-01-04 12:41:00,10,500,0,signup,0
5083,Sweden,Organic,Premium,Mobile,2024-01-04 12:42:00,17,300,0,form_started,0
5084,Denmark,Direct,Premium,Tablet,2024-01-04 12:43:00,16,300,1,completed,300
5085,Denmark,Organic,Pro,Desktop,2024-01-04 12:44:00,5,500,0,form_started,0
5086,Norway,Paid,Basic,Mobile,2024-01-04 12:45:00,4,100,1,completed,100
5087,Norway,Paid,Premium,Desktop,2024-01-04 12:46:00,10,300,0,form_started,0
5088,Denmark,Organic,Pro,Tablet,2024-01-04 12:47:00,6,500,1,completed,500
5089,Sweden,Paid,Pro,Tablet,2024-01-04 12:48:00,11,500,0,form_started,0
5090,Sweden,Paid,Premium,Tablet,2024-01-04 12:49:00,11,300,0,signup,0
5091,Sweden,Paid,Pro,Tablet,2024-01-04 12:50:00,16,500,1,completed,500
5092,Denmark,Direct,Basic,Mobile,2024-01-04 12:51:00,14,100,1,completed,100
5093,Sweden,Organic,Pro,Tablet,2024-01-04 12:52:00,19,500,1,completed,500
5094,Norway,Organic,Premium,Desktop,2024-01-04 12:53:00,4,300,1,completed,300
5095,Norway,Organic,Premium,Mobile,2024-01-04 12:54:00,5,300,0,form_started,0
5096,Denmark,Paid,Pro,Mobile,2024-01-04 12:55:00,19,500,0,form_started,0
5097,Norway,Direct,Pro,Mobile,2024-01-04 12:56:00,17,500,0,signup,0
5098,Denmark,Organic,Premium,Desktop,2024-01-04 12:57:00,18,300,0,form_started,0
5099,Sweden,Paid,Basic,Desktop,2024-01-04 12:58:00,8,100,0,signup,0
5100,Sweden,Direct,Pro,Desktop,2024-01-04 12:59:00,4,500,0,signup,0
5101,Sweden,Direct,Basic,Desktop,2024-01-04 13:00:00,18,100,1,completed,100
5102,Norway,Organic,Basic,Tablet,2024-01-04 13:01:00,11,100,0,form_started,0
5103,Denmark,Organic,Premium,Tablet,2024-01-04 13:02:00,14,300,0,form_started,0
5104,Sweden,Paid,Premium,Desktop,2024-01-04 13:03:00,13,300,0,form_started,0
5105,Denmark,Organic,Premium,Desktop,2024-01-04 13:04:00,16,300,1,completed,300
5106,Sweden,Paid,Basic,Tablet,2024-01-04 13:05:00,12,100,1,completed,100
5107,Norway,Direct,Premium,Tablet,2024-01-04 13:06:00,9,300,0,signup,0
5108,Norway,Direct,Premium,Desktop,2024-01-04 13:07:00,7,300,1,completed,300
5109,Denmark,Direct,Basic,Mobile,2024-01-04 13:08:00,10,100,1,completed,100
5110,Norway,Direct,Basic,Mobile,2024-01-04 13:09:00,17,100,1,completed,100
5111,Norway,Organic,Basic,Desktop,2024-01-04 13:10:00,18,100,0,form_started,0
5112,Denmark,Organic,Basic,Mobile,2024-01-04 13:11:00,7,100,0,form_started,0
5113,Sweden,Paid,Pro,Tablet,2024-01-04 13:12:00,3,500,0,signup,0
5114,Norway,Paid,Premium,Mobile,2024-01-04 13:13:00,15,300,1,completed,300
5115,Denmark,Paid,Pro,Desktop,2024-01-04 13:14:00,16,500,1,completed,500
5116,Norway,Paid,Basic,Mobile,2024-01-04 13:15:00,17,100,1,completed,100
5117,Norway,Paid,Basic,Mobile,2024-01-04 13:16:00,13,100,0,form_started,0
5118,Norway,Direct,Basic,Mobile,2024-01-04 13:17:00,3,100,0,signup,0
5119,Norway,Direct,Basic,Tablet,2024-01-04 13:18:00,5,100,0,signup,0
5120,Denmark,Direct,Basic,Tablet,2024-01-04 13:19:00,9,100,0,signup,0
5121,Denmark,Paid,Premium,Tablet,2024-01-04 13:20:00,18,300,0,form_started,0
5122,Denmark,Direct,Pro,Desktop,2024-01-04 13:21:00,11,500,0,signup,0
5123,Norway,Direct,Pro,Mobile,2024-01-04 13:22:00,11,500,1,completed,500
5124,Norway,Direct,Premium,Tablet,2024-01-04 13:23:00,16,300,0,form_started,0
5125,Norway,Direct,Premium,Tablet,2024-01-04 13:24:00,8,300,1,completed,300
5126,Denmark,Organic,Premium,Mobile,2024-01-04 13:25:00,2,300,1,completed,300
5127,Norway,Paid,Pro,Desktop,2024-01-04 13:26:00,10,500,0,form_started,0
5128,Sweden,Paid,Pro,Mobile,2024-01-04 13:27:00,6,500,0,form_started,0
5129,Norway,Organic,Basic,Desktop,2024-01-04 13:28:00,4,100,1,completed,100
5130,Sweden,Direct,Pro,Mobile,2024-01-04 13:29:00,5,500,1,completed,500
5131,Norway,Direct,Pro,Tablet,2024-01-04 13:30:00,11,500,0,signup,0
5132,Denmark,Direct,Premium,Tablet,2024-01-04 13:31:00,12,300,0,signup,0
5133,Norway,Paid,Pro,Tablet,2024-01-04 13:32:00,16,500,1,completed,500
5134,Sweden,Paid,Basic,Desktop,2024-01-04 13:33:00,14,100,0,signup,0
5135,Sweden,Paid,Pro,Mobile,2024-01-04 13:34:00,14,500,0,signup,0
5136,Norway,Paid,Premium,Desktop,2024-01-04 13:35:00,15,300,1,completed,300
5137,Sweden,Paid,Premium,Tablet,2024-01-04 13:36:00,8,300,1,completed,300
5138,Sweden,Organic,Basic,Desktop,2024-01-04 13:37:00,5,100,0,form_started,0
5139,Denmark,Paid,Basic,Desktop,2024-01-04 13:38:00,9,100,1,completed,100
5140,Norway,Direct,Pro,Desktop,2024-01-04 13:39:00,16,500,1,completed,500
5141,Norway,Paid,Basic,Mobile,2024-01-04 13:40:00,3,100,1,completed,100
5142,Norway,Organic,Basic,Desktop,2024-01-04 13:41:00,12,100,0,signup,0
5143,Sweden,Direct,Premium,Desktop,2024-01-04 13:42:00,7,300,0,signup,0
5144,Norway,Organic,Premium,Desktop,2024-01-04 13:43:00,17,300,0,signup,0
5145,Norway,Direct,Pro,Tablet,2024-01-04 13:44:00,15,500,0,signup,0
5146,Denmark,Paid,Pro,Tablet,2024-01-04 13:45:00,15,500,1,completed,500
5147,Denmark,Organic,Pro,Mobile,2024-01-04 13:46:00,12,500,1,completed,500
5148,Denmark,Direct,Pro,Tablet,2024-01-04 13:47:00,2,500,1,completed,500
5149,Sweden,Paid,Premium,Mobile,2024-01-04 13:48:00,8,300,0,form_started,0
5150,Norway,Direct,Pro,Tablet,2024-01-04 13:49:00,5,500,1,completed,500
5151,Denmark,Organic,Pro,Mobile,2024-01-04 13:50:00,3,500,0,form_started,0
5152,Denmark,Organic,Basic,Mobile,2024-01-04 13:51:00,1,100,0,signup,0
5153,Denmark,Organic,Pro,Mobile,2024-01-04 13:52:00,16,500,0,form_started,0
5154,Norway,Organic,Basic,Tablet,2024-01-04 13:53:00,10,100,0,signup,0
5155,Norway,Paid,Premium,Desktop,2024-01-04 13:54:00,10,300,0,signup,0
5156,Norway,Direct,Pro,Tablet,2024-01-04 13:55:00,11,500,0,signup,0
5157,Sweden,Paid,Basic,Desktop,2024-01-04 13:56:00,12,100,0,signup,0
5158,Sweden,Organic,Pro,Tablet,2024-01-04 13:57:00,8,500,0,form_started,0
5159,Denmark,Direct,Basic,Desktop,2024-01-04 13:58:00,5,100,0,signup,0
5160,Norway,Organic,Pro,Tablet,2024-01-04 13:59:00,9,500,1,completed,500
5161,Denmark,Paid,Premium,Mobile,2024-01-04 14:00:00,11,300,0,signup,0
5162,Norway,Paid,Premium,Mobile,2024-01-04 14:01:00,15,300,0,form_started,0
5163,Norway,Paid,Basic,Mobile,2024-01-04 14:02:00,17,100,1,completed,100
5164,Norway,Direct,Basic,Desktop,2024-01-04 14:03:00,11,100,0,signup,0
5165,Sweden,Direct,Premium,Desktop,2024-01-04 14:04:00,13,300,0,signup,0
5166,Sweden,Organic,Pro,Mobile,2024-01-04 14:05:00,17,500,1,completed,500
5167,Norway,Direct,Basic,Desktop,2024-01-04 14:06:00,7,100,0,form_started,0
5168,Denmark,Direct,Premium,Mobile,2024-01-04 14:07:00,9,300,1,completed,300
5169,Norway,Paid,Basic,Tablet,2024-01-04 14:08:00,18,100,0,form_started,0
5170,Norway,Organic,Premium,Desktop,2024-01-04 14:09:00,18,300,0,form_started,0
5171,Denmark,Paid,Premium,Desktop,2024-01-04 14:10:00,10,300,0,form_started,0
5172,Norway,Organic,Basic,Tablet,2024-01-04 14:11:00,12,100,0,signup,0
5173,Denmark,Organic,Basic,Desktop,2024-01-04 14:12:00,18,100,0,signup,0
5174,Sweden,Direct,Premium,Desktop,2024-01-04 14:13:00,9,300,0,signup,0
5175,Sweden,Paid,Pro,Desktop,2024-01-04 14:14:00,9,500,0,signup,0
5176,Denmark,Direct,Premium,Tablet,2024-01-04 14:15:00,10,300,1,completed,300
5177,Sweden,Direct,Pro,Mobile,2024-01-04 14:16:00,1,500,1,completed,500
5178,Sweden,Direct,Pro,Mobile,2024-01-04 14:17:00,11,500,1,completed,500
5179,Denmark,Organic,Pro,Tablet,2024-01-04 14:18:00,14,500,0,form_started,0
5180,Sweden,Paid,Basic,Tablet,2024-01-04 14:19:00,10,100,1,completed,100
5181,Norway,Paid,Premium,Tablet,2024-01-04 14:20:00,14,300,0,form_started,0
5182,Norway,Direct,Premium,Mobile,2024-01-04 14:21:00,19,300,0,signup,0
5183,Denmark,Organic,Pro,Tablet,2024-01-04 14:22:00,10,500,1,completed,500
5184,Sweden,Paid,Pro,Mobile,2024-01-04 14:23:00,17,500,0,form_started,0
5185,Norway,Paid,Pro,Tablet,2024-01-04 14:24:00,2,500,1,completed,500
5186,Norway,Direct,Premium,Desktop,2024-01-04 14:25:00,14,300,1,completed,300
5187,Sweden,Organic,Pro,Mobile,2024-01-04 14:26:00,18,500,1,completed,500
5188,Sweden,Direct,Premium,Mobile,2024-01-04 14:27:00,2,300,1,completed,300
5189,Norway,Paid,Premium,Tablet,2024-01-04 14:28:00,19,300,1,completed,300
5190,Norway,Organic,Basic,Desktop,2024-01-04 14:29:00,8,100,1,completed,100
5191,Denmark,Direct,Pro,Mobile,2024-01-04 14:30:00,6,500,1,completed,500
5192,Denmark,Paid,Pro,Tablet,2024-01-04 14:31:00,7,500,0,form_started,0
5193,Norway,Direct,Pro,Desktop,2024-01-04 14:32:00,13,500,0,signup,0
5194,Denmark,Direct,Basic,Mobile,2024-01-04 14:33:00,2,100,0,signup,0
5195,Norway,Direct,Pro,Tablet,2024-01-04 14:34:00,7,500,1,completed,500
5196,Norway,Organic,Premium,Desktop,2024-01-04 14:35:00,1,300,1,completed,300
5197,Denmark,Paid,Pro,Mobile,2024-01-04 14:36:00,6,500,0,form_started,0
5198,Denmark,Paid,Premium,Mobile,2024-01-04 14:37:00,16,300,1,completed,300
5199,Sweden,Paid,Premium,Desktop,2024-01-04 14:38:00,8,300,1,completed,300
5200,Sweden,Paid,Premium,Tablet,2024-01-04 14:39:00,13,300,0,form_started,0
5201,Sweden,Organic,Premium,Tablet,2024-01-04 14:40:00,18,300,0,form_started,0
5202,Norway,Direct,Pro,Desktop,2024-01-04 14:41:00,14,500,0,signup,0
5203,Denmark,Paid,Basic,Mobile,2024-01-04 14:42:00,18,100,1,completed,100
5204,Norway,Organic,Basic,Desktop,2024-01-04 14:43:00,4,100,0,signup,0
5205,Denmark,Direct,Premium,Desktop,2024-01-04 14:44:00,15,300,1,completed,300
5206,Norway,Organic,Pro,Desktop,2024-01-04 14:45:00,5,500,0,form_started,0
5207,Sweden,Organic,Basic,Mobile,2024-01-04 14:46:00,14,100,0,form_started,0
5208,Sweden,Paid,Pro,Desktop,2024-01-04 14:47:00,16,500,0,signup,0
5209,Sweden,Paid,Basic,Desktop,2024-01-04 14:48:00,15,100,0,form_started,0
5210,Norway,Direct,Premium,Mobile,2024-01-04 14:49:00,11,300,0,form_started,0
5211,Denmark,Direct,Premium,Mobile,2024-01-04 14:50:00,2,300,0,form_started,0
5212,Denmark,Paid,Premium,Desktop,2024-01-04 14:51:00,18,300,1,completed,300
5213,Sweden,Organic,Basic,Tablet,2024-01-04 14:52:00,4,100,0,form_started,0
5214,Sweden,Paid,Pro,Desktop,2024-01-04 14:53:00,15,500,0,signup,0
5215,Sweden,Direct,Premium,Mobile,2024-01-04 14:54:00,12,300,0,signup,0
5216,Sweden,Organic,Pro,Mobile,2024-01-04 14:55:00,3,500,0,form_started,0
5217,Denmark,Organic,Pro,Mobile,2024-01-04 14:56:00,4,500,0,signup,0
5218,Norway,Organic,Premium,Tablet,2024-01-04 14:57:00,16,300,1,completed,300
5219,Norway,Paid,Basic,Mobile,2024-01-04 14:58:00,6,100,0,signup,0
5220,Norway,Paid,Premium,Tablet,2024-01-04 14:59:00,2,300,0,form_started,0
5221,Norway,Direct,Premium,Mobile,2024-01-04 15:00:00,9,300,1,completed,300
5222,Sweden,Organic,Basic,Mobile,2024-01-04 15:01:00,12,100,1,completed,100
5223,Sweden,Organic,Pro,Desktop,2024-01-04 15:02:00,12,500,0,signup,0
5224,Sweden,Paid,Basic,Tablet,2024-01-04 15:03:00,14,100,0,form_started,0
5225,Norway,Direct,Basic,Desktop,2024-01-04 15:04:00,17,100,1,completed,100
5226,Sweden,Direct,Premium,Tablet,2024-01-04 15:05:00,9,300,1,completed,300
5227,Sweden,Organic,Basic,Mobile,2024-01-04 15:06:00,12,100,0,form_started,0
5228,Denmark,Paid,Basic,Mobile,2024-01-04 15:07:00,10,100,0,signup,0
5229,Denmark,Organic,Basic,Tablet,2024-01-04 15:08:00,11,100,0,form_started,0
5230,Sweden,Paid,Pro,Desktop,2024-01-04 15:09:00,2,500,0,signup,0
5231,Denmark,Direct,Pro,Tablet,2024-01-04 15:10:00,16,500,1,completed,500
5232,Denmark,Organic,Premium,Tablet,2024-01-04 15:11:00,1,300,0,form_started,0
5233,Sweden,Organic,Premium,Tablet,2024-01-04 15:12:00,1,300,0,form_started,0
5234,Sweden,Organic,Pro,Mobile,2024-01-04 15:13:00,2,500,1,completed,500
5235,Sweden,Direct,Basic,Tablet,2024-01-04 15:14:00,12,100,0,form_started,0
5236,Sweden,Organic,Premium,Mobile,2024-01-04 15:15:00,18,300,0,signup,0
5237,Norway,Direct,Premium,Desktop,2024-01-04 15:16:00,12,300,1,completed,300
5238,Norway,Paid,Basic,Mobile,2024-01-04 15:17:00,1,100,0,form_started,0
5239,Sweden,Direct,Basic,Desktop,2024-01-04 15:18:00,11,100,1,completed,100
5240,Denmark,Paid,Basic,Desktop,2024-01-04 15:19:00,2,100,0,signup,0
5241,Sweden,Direct,Basic,Desktop,2024-01-04 15:20:00,12,100,0,form_started,0
5242,Sweden,Direct,Basic,Mobile,2024-01-04 15:21:00,2,100,0,form_started,0
5243,Denmark,Organic,Pro,Tablet,2024-01-04 15:22:00,17,500,1,completed,500
5244,Norway,Direct,Basic,Mobile,2024-01-04 15:23:00,6,100,0,form_started,0
5245,Sweden,Organic,Premium,Desktop,2024-01-04 15:24:00,16,300,0,form_started,0
5246,Sweden,Paid,Pro,Tablet,2024-01-04 15:25:00,19,500,1,completed,500
5247,Norway,Paid,Premium,Mobile,2024-01-04 15:26:00,6,300,1,completed,300
5248,Norway,Organic,Basic,Desktop,2024-01-04 15:27:00,7,100,1,completed,100
5249,Denmark,Paid,Premium,Desktop,2024-01-04 15:28:00,19,300,0,form_started,0
5250,Norway,Direct,Basic,Tablet,2024-01-04 15:29:00,17,100,0,signup,0
5251,Norway,Organic,Premium,Mobile,2024-01-04 15:30:00,6,300,1,completed,300
5252,Norway,Organic,Premium,Tablet,2024-01-04 15:31:00,15,300,1,completed,300
5253,Denmark,Organic,Basic,Tablet,2024-01-04 15:32:00,9,100,1,completed,100
5254,Norway,Paid,Premium,Tablet,2024-01-04 15:33:00,2,300,1,completed,300
5255,Norway,Paid,Pro,Tablet,2024-01-04 15:34:00,5,500,1,completed,500
5256,Denmark,Direct,Premium,Mobile,2024-01-04 15:35:00,5,300,0,form_started,0
5257,Norway,Direct,Pro,Tablet,2024-01-04 15:36:00,12,500,1,completed,500
5258,Norway,Organic,Pro,Desktop,2024-01-04 15:37:00,10,500,1,completed,500
5259,Denmark,Direct,Premium,Desktop,2024-01-04 15:38:00,4,300,1,completed,300
5260,Sweden,Paid,Pro,Desktop,2024-01-04 15:39:00,12,500,1,completed,500
5261,Denmark,Direct,Pro,Tablet,2024-01-04 15:40:00,15,500,0,form_started,0
5262,Norway,Paid,Premium,Desktop,2024-01-04 15:41:00,10,300,1,completed,300
5263,Norway,Direct,Basic,Mobile,2024-01-04 15:42:00,18,100,0,signup,0
5264,Norway,Paid,Basic,Tablet,2024-01-04 15:43:00,5,100,0,form_started,0
5265,Denmark,Paid,Pro,Tablet,2024-01-04 15:44:00,13,500,0,signup,0
5266,Norway,Direct,Pro,Tablet,2024-01-04 15:45:00,4,500,1,completed,500
5267,Norway,Direct,Basic,Mobile,2024-01-04 15:46:00,9,100,1,completed,100
5268,Denmark,Paid,Pro,Tablet,2024-01-04 15:47:00,18,500,1,completed,500
5269,Sweden,Organic,Basic,Tablet,2024-01-04 15:48:00,3,100,0,signup,0
5270,Sweden,Direct,Premium,Desktop,2024-01-04 15:49:00,11,300,0,signup,0
5271,Norway,Paid,Pro,Desktop,2024-01-04 15:50:00,4,500,1,completed,500
5272,Denmark,Direct,Premium,Tablet,2024-01-04 15:51:00,9,300,0,signup,0
5273,Norway,Direct,Basic,Mobile,2024-01-04 15:52:00,12,100,0,signup,0
5274,Denmark,Direct,Basic,Desktop,2024-01-04 15:53:00,10,100,1,completed,100
5275,Denmark,Direct,Premium,Tablet,2024-01-04 15:54:00,10,300,0,signup,0
5276,Sweden,Direct,Pro,Desktop,2024-01-04 15:55:00,9,500,0,signup,0
5277,Sweden,Organic,Premium,Desktop,2024-01-04 15:56:00,10,300,0,signup,0
5278,Denmark,Organic,Premium,Mobile,2024-01-04 15:57:00,9,300,1,completed,300
5279,Norway,Organic,Pro,Tablet,2024-01-04 15:58:00,1,500,1,completed,500
5280,Sweden,Paid,Basic,Desktop,2024-01-04 15:59:00,16,100,1,completed,100
5281,Norway,Organic,Premium,Tablet,2024-01-04 16:00:00,14,300,1,completed,300
5282,Sweden,Organic,Premium,Mobile,2024-01-04 16:01:00,13,300,0,signup,0
5283,Sweden,Paid,Basic,Mobile,2024-01-04 16:02:00,6,100,1,completed,100
5284,Norway,Organic,Premium,Desktop,2024-01-04 16:03:00,14,300,0,signup,0
5285,Sweden,Direct,Basic,Mobile,2024-01-04 16:04:00,8,100,0,signup,0
5286,Sweden,Organic,Pro,Desktop,2024-01-04 16:05:00,18,500,0,signup,0
5287,Norway,Organic,Basic,Tablet,2024-01-04 16:06:00,1,100,1,completed,100
5288,Sweden,Organic,Basic,Desktop,2024-01-04 16:07:00,12,100,1,completed,100
5289,Sweden,Direct,Premium,Desktop,2024-01-04 16:08:00,11,300,0,form_started,0
5290,Sweden,Direct,Basic,Mobile,2024-01-04 16:09:00,13,100,0,form_started,0
5291,Norway,Direct,Basic,Tablet,2024-01-04 16:10:00,4,100,1,completed,100
5292,Denmark,Direct,Premium,Tablet,2024-01-04 16:11:00,6,300,0,form_started,0
5293,Norway,Paid,Basic,Desktop,2024-01-04 16:12:00,13,100,1,completed,100
5294,Denmark,Direct,Premium,Tablet,2024-01-04 16:13:00,13,300,0,signup,0
5295,Sweden,Direct,Pro,Tablet,2024-01-04 16:14:00,6,500,0,signup,0
5296,Denmark,Direct,Basic,Desktop,2024-01-04 16:15:00,4,100,0,form_started,0
5297,Norway,Direct,Pro,Desktop,2024-01-04 16:16:00,3,500,0,signup,0
5298,Norway,Paid,Basic,Tablet,2024-01-04 16:17:00,15,100,1,completed,100
5299,Sweden,Organic,Basic,Desktop,2024-01-04 16:18:00,11,100,1,completed,100
5300,Denmark,Organic,Pro,Mobile,2024-01-04 16:19:00,2,500,0,signup,0
5301,Sweden,Direct,Pro,Tablet,2024-01-04 16:20:00,17,500,1,completed,500
5302,Sweden,Direct,Premium,Desktop,2024-01-04 16:21:00,2,300,1,completed,300
5303,Norway,Direct,Premium,Tablet,2024-01-04 16:22:00,1,300,0,form_started,0
5304,Denmark,Organic,Pro,Tablet,2024-01-04 16:23:00,5,500,0,signup,0
5305,Denmark,Organic,Basic,Mobile,2024-01-04 16:24:00,17,100,1,completed,100
5306,Denmark,Direct,Premium,Mobile,2024-01-04 16:25:00,1,300,0,form_started,0
5307,Denmark,Organic,Basic,Tablet,2024-01-04 16:26:00,7,100,0,form_started,0
5308,Sweden,Paid,Premium,Mobile,2024-01-04 16:27:00,3,300,1,completed,300
5309,Sweden,Direct,Premium,Desktop,2024-01-04 16:28:00,16,300,0,signup,0
5310,Norway,Direct,Premium,Tablet,2024-01-04 16:29:00,16,300,0,signup,0
5311,Sweden,Paid,Pro,Mobile,2024-01-04 16:30:00,12,500,0,signup,0
5312,Sweden,Paid,Basic,Tablet,2024-01-04 16:31:00,9,100,0,form_started,0
5313,Norway,Organic,Pro,Tablet,2024-01-04 16:32:00,14,500,0,signup,0
5314,Norway,Paid,Premium,Desktop,2024-01-04 16:33:00,12,300,0,signup,0
5315,Norway,Direct,Pro,Desktop,2024-01-04 16:34:00,16,500,0,signup,0
5316,Sweden,Organic,Pro,Desktop,2024-01-04 16:35:00,17,500,0,form_started,0
5317,Sweden,Paid,Pro,Mobile,2024-01-04 16:36:00,12,500,0,signup,0
5318,Norway,Organic,Basic,Mobile,2024-01-04 16:37:00,4,100,0,signup,0
5319,Norway,Organic,Pro,Mobile,2024-01-04 16:38:00,17,500,0,form_started,0
5320,Norway,Organic,Pro,Desktop,2024-01-04 16:39:00,1,500,0,signup,0
5321,Sweden,Organic,Pro,Tablet,2024-01-04 16:40:00,17,500,0,signup,0
5322,Sweden,Paid,Pro,Desktop,2024-01-04 16:41:00,11,500,0,form_started,0
5323,Denmark,Direct,Pro,Mobile,2024-01-04 16:42:00,19,500,0,signup,0
5324,Sweden,Direct,Pro,Mobile,2024-01-04 16:43:00,18,500,0,signup,0
5325,Sweden,Paid,Pro,Mobile,2024-01-04 16:44:00,2,500,0,signup,0
5326,Sweden,Direct,Premium,Desktop,2024-01-04 16:45:00,9,300,1,completed,300
5327,Norway,Organic,Pro,Mobile,2024-01-04 16:46:00,9,500,0,form_started,0
5328,Sweden,Organic,Pro,Desktop,2024-01-04 16:47:00,12,500,0,form_started,0
5329,Norway,Organic,Basic,Tablet,2024-01-04 16:48:00,13,100,0,form_started,0
5330,Denmark,Paid,Premium,Desktop,2024-01-04 16:49:00,16,300,1,completed,300
5331,Denmark,Organic,Pro,Mobile,2024-01-04 16:50:00,13,500,1,completed,500
5332,Norway,Organic,Basic,Tablet,2024-01-04 16:51:00,14,100,0,form_started,0
5333,Norway,Paid,Pro,Mobile,2024-01-04 16:52:00,7,500,0,signup,0
5334,Norway,Organic,Pro,Tablet,2024-01-04 16:53:00,2,500,0,form_started,0
5335,Sweden,Organic,Pro,Mobile,2024-01-04 16:54:00,12,500,0,signup,0
5336,Denmark,Direct,Pro,Desktop,2024-01-04 16:55:00,17,500,0,signup,0
5337,Norway,Paid,Pro,Mobile,2024-01-04 16:56:00,5,500,0,signup,0
5338,Sweden,Organic,Basic,Desktop,2024-01-04 16:57:00,10,100,0,signup,0
5339,Denmark,Organic,Pro,Desktop,2024-01-04 16:58:00,18,500,0,form_started,0
5340,Sweden,Organic,Basic,Tablet,2024-01-04 16:59:00,3,100,0,signup,0
5341,Denmark,Organic,Pro,Desktop,2024-01-04 17:00:00,13,500,1,completed,500
5342,Sweden,Direct,Basic,Desktop,2024-01-04 17:01:00,13,100,0,form_started,0
5343,Denmark,Direct,Premium,Desktop,2024-01-04 17:02:00,10,300,1,completed,300
5344,Denmark,Direct,Pro,Tablet,2024-01-04 17:03:00,2,500,0,form_started,0
5345,Sweden,Direct,Premium,Mobile,2024-01-04 17:04:00,16,300,0,form_started,0
5346,Norway,Paid,Premium,Mobile,2024-01-04 17:05:00,4,300,1,completed,300
5347,Denmark,Organic,Premium,Desktop,2024-01-04 17:06:00,19,300,0,signup,0
5348,Norway,Direct,Pro,Desktop,2024-01-04 17:07:00,5,500,0,form_started,0
5349,Sweden,Organic,Premium,Mobile,2024-01-04 17:08:00,7,300,0,signup,0
5350,Norway,Paid,Basic,Desktop,2024-01-04 17:09:00,9,100,0,signup,0
5351,Norway,Organic,Pro,Mobile,2024-01-04 17:10:00,5,500,0,form_started,0
5352,Norway,Organic,Premium,Tablet,2024-01-04 17:11:00,8,300,0,signup,0
5353,Norway,Direct,Pro,Desktop,2024-01-04 17:12:00,2,500,0,form_started,0
5354,Norway,Direct,Premium,Desktop,2024-01-04 17:13:00,7,300,0,signup,0
5355,Denmark,Paid,Basic,Mobile,2024-01-04 17:14:00,4,100,0,signup,0
5356,Denmark,Organic,Pro,Mobile,2024-01-04 17:15:00,15,500,0,signup,0
5357,Denmark,Direct,Pro,Tablet,2024-01-04 17:16:00,18,500,1,completed,500
5358,Sweden,Direct,Premium,Desktop,2024-01-04 17:17:00,2,300,0,signup,0
5359,Norway,Direct,Basic,Mobile,2024-01-04 17:18:00,14,100,0,form_started,0
5360,Denmark,Paid,Pro,Tablet,2024-01-04 17:19:00,10,500,1,completed,500
5361,Sweden,Organic,Premium,Mobile,2024-01-04 17:20:00,5,300,0,form_started,0
5362,Denmark,Direct,Basic,Mobile,2024-01-04 17:21:00,12,100,0,form_started,0
5363,Denmark,Organic,Basic,Tablet,2024-01-04 17:22:00,10,100,0,signup,0
5364,Norway,Paid,Basic,Tablet,2024-01-04 17:23:00,18,100,0,signup,0
5365,Sweden,Organic,Basic,Tablet,2024-01-04 17:24:00,6,100,0,signup,0
5366,Norway,Direct,Pro,Tablet,2024-01-04 17:25:00,12,500,0,form_started,0
5367,Norway,Organic,Pro,Tablet,2024-01-04 17:26:00,1,500,0,form_started,0
5368,Denmark,Organic,Basic,Tablet,2024-01-04 17:27:00,7,100,0,form_started,0
5369,Norway,Paid,Premium,Desktop,2024-01-04 17:28:00,12,300,1,completed,300
5370,Sweden,Paid,Premium,Tablet,2024-01-04 17:29:00,7,300,0,form_started,0
5371,Norway,Organic,Basic,Desktop,2024-01-04 17:30:00,9,100,1,completed,100
5372,Norway,Organic,Basic,Mobile,2024-01-04 17:31:00,15,100,1,completed,100
5373,Norway,Organic,Premium,Mobile,2024-01-04 17:32:00,12,300,0,form_started,0
5374,Denmark,Paid,Basic,Tablet,2024-01-04 17:33:00,13,100,0,signup,0
5375,Sweden,Paid,Basic,Mobile,2024-01-04 17:34:00,4,100,0,form_started,0
5376,Denmark,Organic,Pro,Tablet,2024-01-04 17:35:00,10,500,0,signup,0
5377,Denmark,Paid,Pro,Tablet,2024-01-04 17:36:00,3,500,1,completed,500
5378,Denmark,Direct,Basic,Desktop,2024-01-04 17:37:00,5,100,0,form_started,0
5379,Denmark,Paid,Basic,Mobile,2024-01-04 17:38:00,4,100,0,signup,0
5380,Denmark,Paid,Pro,Tablet,2024-01-04 17:39:00,19,500,0,signup,0
5381,Sweden,Paid,Basic,Mobile,2024-01-04 17:40:00,15,100,0,form_started,0
5382,Norway,Direct,Pro,Desktop,2024-01-04 17:41:00,7,500,0,signup,0
5383,Denmark,Direct,Pro,Mobile,2024-01-04 17:42:00,3,500,0,signup,0
5384,Denmark,Direct,Premium,Desktop,2024-01-04 17:43:00,16,300,0,signup,0
5385,Sweden,Organic,Pro,Desktop,2024-01-04 17:44:00,15,500,0,signup,0
5386,Sweden,Organic,Premium,Desktop,2024-01-04 17:45:00,18,300,0,signup,0
5387,Norway,Direct,Premium,Tablet,2024-01-04 17:46:00,3,300,0,signup,0
5388,Sweden,Organic,Pro,Tablet,2024-01-04 17:47:00,14,500,0,signup,0
5389,Norway,Organic,Basic,Mobile,2024-01-04 17:48:00,1,100,0,signup,0
5390,Denmark,Organic,Pro,Tablet,2024-01-04 17:49:00,7,500,0,signup,0
5391,Denmark,Direct,Premium,Tablet,2024-01-04 17:50:00,2,300,0,form_started,0
5392,Norway,Paid,Pro,Mobile,2024-01-04 17:51:00,10,500,0,form_started,0
5393,Sweden,Direct,Pro,Desktop,2024-01-04 17:52:00,16,500,0,signup,0
5394,Norway,Direct,Premium,Desktop,2024-01-04 17:53:00,12,300,0,form_started,0
5395,Sweden,Organic,Pro,Mobile,2024-01-04 17:54:00,18,500,0,signup,0
5396,Denmark,Organic,Pro,Tablet,2024-01-04 17:55:00,6,500,0,form_started,0
5397,Sweden,Paid,Premium,Mobile,2024-01-04 17:56:00,17,300,0,form_started,0
5398,Norway,Paid,Basic,Mobile,2024-01-04 17:57:00,8,100,0,form_started,0
5399,Norway,Paid,Premium,Tablet,2024-01-04 17:58:00,9,300,0,form_started,0
5400,Denmark,Paid,Premium,Mobile,2024-01-04 17:59:00,19,300,1,completed,300
5401,Sweden,Direct,Pro,Tablet,2024-01-04 18:00:00,2,500,0,form_started,0
5402,Sweden,Paid,Premium,Tablet,2024-01-04 18:01:00,7,300,0,signup,0
5403,Sweden,Direct,Pro,Mobile,2024-01-04 18:02:00,11,500,0,signup,0
5404,Denmark,Organic,Pro,Desktop,2024-01-04 18:03:00,13,500,0,signup,0
5405,Sweden,Paid,Pro,Tablet,2024-01-04 18:04:00,10,500,0,signup,0
5406,Norway,Organic,Premium,Desktop,2024-01-04 18:05:00,15,300,0,signup,0
5407,Sweden,Organic,Premium,Tablet,2024-01-04 18:06:00,7,300,0,signup,0
5408,Denmark,Direct,Pro,Desktop,2024-01-04 18:07:00,6,500,1,completed,500
5409,Sweden,Paid,Basic,Mobile,2024-01-04 18:08:00,12,100,0,form_started,0
5410,Sweden,Direct,Basic,Tablet,2024-01-04 18:09:00,3,100,1,completed,100
5411,Norway,Organic,Premium,Mobile,2024-01-04 18:10:00,16,300,1,completed,300
5412,Sweden,Paid,Pro,Mobile,2024-01-04 18:11:00,9,500,1,completed,500
5413,Norway,Organic,Pro,Mobile,2024-01-04 18:12:00,10,500,1,completed,500
5414,Norway,Organic,Premium,Tablet,2024-01-04 18:13:00,13,300,0,signup,0
5415,Denmark,Paid,Basic,Mobile,2024-01-04 18:14:00,8,100,0,signup,0
5416,Norway,Paid,Premium,Mobile,2024-01-04 18:15:00,6,300,0,form_started,0
5417,Norway,Paid,Premium,Tablet,2024-01-04 18:16:00,3,300,0,form_started,0
5418,Denmark,Direct,Pro,Mobile,2024-01-04 18:17:00,12,500,0,form_started,0
5419,Norway,Direct,Premium,Tablet,2024-01-04 18:18:00,9,300,1,completed,300
5420,Denmark,Organic,Basic,Mobile,2024-01-04 18:19:00,9,100,0,form_started,0
5421,Sweden,Paid,Premium,Desktop,2024-01-04 18:20:00,11,300,0,signup,0
5422,Denmark,Organic,Pro,Mobile,2024-01-04 18:21:00,6,500,1,completed,500
5423,Norway,Organic,Basic,Desktop,2024-01-04 18:22:00,2,100,0,signup,0
5424,Denmark,Organic,Pro,Tablet,2024-01-04 18:23:00,7,500,0,form_started,0
5425,Norway,Organic,Premium,Desktop,2024-01-04 18:24:00,9,300,0,signup,0
5426,Sweden,Organic,Premium,Tablet,2024-01-04 18:25:00,19,300,1,completed,300
5427,Denmark,Paid,Premium,Mobile,2024-01-04 18:26:00,18,300,0,signup,0
5428,Sweden,Direct,Pro,Desktop,2024-01-04 18:27:00,12,500,0,signup,0
5429,Norway,Paid,Premium,Mobile,2024-01-04 18:28:00,11,300,0,form_started,0
5430,Norway,Paid,Basic,Desktop,2024-01-04 18:29:00,10,100,1,completed,100
5431,Sweden,Paid,Basic,Tablet,2024-01-04 18:30:00,3,100,0,form_started,0
5432,Denmark,Direct,Pro,Tablet,2024-01-04 18:31:00,12,500,1,completed,500
5433,Denmark,Direct,Pro,Tablet,2024-01-04 18:32:00,4,500,1,completed,500
5434,Norway,Direct,Pro,Tablet,2024-01-04 18:33:00,10,500,0,form_started,0
5435,Sweden,Paid,Premium,Mobile,2024-01-04 18:34:00,2,300,0,signup,0
5436,Sweden,Direct,Basic,Mobile,2024-01-04 18:35:00,12,100,0,form_started,0
5437,Denmark,Organic,Basic,Mobile,2024-01-04 18:36:00,11,100,0,form_started,0
5438,Denmark,Direct,Basic,Mobile,2024-01-04 18:37:00,14,100,1,completed,100
5439,Denmark,Paid,Pro,Mobile,2024-01-04 18:38:00,15,500,0,form_started,0
5440,Sweden,Paid,Pro,Tablet,2024-01-04 18:39:00,14,500,1,completed,500
5441,Denmark,Organic,Premium,Mobile,2024-01-04 18:40:00,12,300,1,completed,300
5442,Denmark,Direct,Pro,Mobile,2024-01-04 18:41:00,2,500,0,signup,0
5443,Norway,Direct,Basic,Mobile,2024-01-04 18:42:00,2,100,0,form_started,0
5444,Denmark,Organic,Premium,Tablet,2024-01-04 18:43:00,1,300,0,form_started,0
5445,Denmark,Paid,Pro,Tablet,2024-01-04 18:44:00,15,500,0,signup,0
5446,Sweden,Paid,Pro,Tablet,2024-01-04 18:45:00,10,500,0,signup,0
5447,Sweden,Direct,Basic,Tablet,2024-01-04 18:46:00,1,100,0,signup,0
5448,Norway,Direct,Premium,Mobile,2024-01-04 18:47:00,1,300,1,completed,300
5449,Denmark,Direct,Pro,Mobile,2024-01-04 18:48:00,1,500,0,signup,0
5450,Norway,Direct,Pro,Desktop,2024-01-04 18:49:00,11,500,0,signup,0
5451,Sweden,Direct,Premium,Mobile,2024-01-04 18:50:00,12,300,0,form_started,0
5452,Norway,Paid,Premium,Tablet,2024-01-04 18:51:00,15,300,1,completed,300
5453,Sweden,Paid,Pro,Tablet,2024-01-04 18:52:00,14,500,0,form_started,0
5454,Norway,Paid,Pro,Mobile,2024-01-04 18:53:00,1,500,0,form_started,0
5455,Norway,Paid,Basic,Desktop,2024-01-04 18:54:00,1,100,1,completed,100
5456,Denmark,Organic,Premium,Tablet,2024-01-04 18:55:00,6,300,1,completed,300
5457,Norway,Paid,Pro,Desktop,2024-01-04 18:56:00,3,500,1,completed,500
5458,Denmark,Organic,Pro,Tablet,2024-01-04 18:57:00,14,500,1,completed,500
5459,Denmark,Paid,Pro,Tablet,2024-01-04 18:58:00,6,500,0,signup,0
5460,Denmark,Direct,Pro,Mobile,2024-01-04 18:59:00,8,500,1,completed,500
5461,Denmark,Direct,Basic,Tablet,2024-01-04 19:00:00,15,100,0,signup,0
5462,Norway,Direct,Premium,Desktop,2024-01-04 19:01:00,17,300,0,signup,0
5463,Sweden,Organic,Pro,Desktop,2024-01-04 19:02:00,9,500,1,completed,500
5464,Sweden,Paid,Premium,Mobile,2024-01-04 19:03:00,16,300,0,signup,0
5465,Sweden,Paid,Premium,Tablet,2024-01-04 19:04:00,1,300,0,signup,0
5466,Norway,Organic,Pro,Desktop,2024-01-04 19:05:00,16,500,0,form_started,0
5467,Denmark,Organic,Pro,Mobile,2024-01-04 19:06:00,19,500,0,form_started,0
5468,Sweden,Organic,Pro,Desktop,2024-01-04 19:07:00,9,500,0,form_started,0
5469,Norway,Organic,Basic,Mobile,2024-01-04 19:08:00,17,100,0,signup,0
5470,Denmark,Organic,Pro,Desktop,2024-01-04 19:09:00,6,500,1,completed,500
5471,Sweden,Direct,Premium,Tablet,2024-01-04 19:10:00,14,300,0,form_started,0
5472,Denmark,Paid,Premium,Desktop,2024-01-04 19:11:00,18,300,1,completed,300
5473,Sweden,Organic,Basic,Desktop,2024-01-04 19:12:00,14,100,0,signup,0
5474,Sweden,Direct,Pro,Mobile,2024-01-04 19:13:00,7,500,0,signup,0
5475,Sweden,Organic,Pro,Mobile,2024-01-04 19:14:00,10,500,0,form_started,0
5476,Denmark,Direct,Basic,Mobile,2024-01-04 19:15:00,16,100,1,completed,100
5477,Norway,Organic,Basic,Desktop,2024-01-04 19:16:00,7,100,0,signup,0
5478,Denmark,Paid,Pro,Mobile,2024-01-04 19:17:00,6,500,0,form_started,0
5479,Sweden,Organic,Pro,Tablet,2024-01-04 19:18:00,6,500,0,signup,0
5480,Denmark,Organic,Premium,Mobile,2024-01-04 19:19:00,7,300,1,completed,300
5481,Norway,Paid,Pro,Mobile,2024-01-04 19:20:00,17,500,0,signup,0
5482,Denmark,Paid,Pro,Tablet,2024-01-04 19:21:00,8,500,0,form_started,0
5483,Norway,Organic,Premium,Mobile,2024-01-04 19:22:00,2,300,1,completed,300
5484,Norway,Paid,Premium,Mobile,2024-01-04 19:23:00,19,300,0,signup,0
5485,Denmark,Paid,Premium,Desktop,2024-01-04 19:24:00,7,300,1,completed,300
5486,Sweden,Direct,Premium,Desktop,2024-01-04 19:25:00,12,300,1,completed,300
5487,Norway,Paid,Basic,Mobile,2024-01-04 19:26:00,3,100,0,form_started,0
5488,Denmark,Paid,Premium,Tablet,2024-01-04 19:27:00,4,300,0,form_started,0
5489,Norway,Organic,Basic,Mobile,2024-01-04 19:28:00,11,100,0,form_started,0
5490,Sweden,Organic,Premium,Mobile,2024-01-04 19:29:00,12,300,1,completed,300
5491,Denmark,Direct,Premium,Mobile,2024-01-04 19:30:00,19,300,0,form_started,0
5492,Denmark,Organic,Premium,Desktop,2024-01-04 19:31:00,19,300,1,completed,300
5493,Denmark,Paid,Pro,Tablet,2024-01-04 19:32:00,11,500,0,form_started,0
5494,Sweden,Paid,Basic,Tablet,2024-01-04 19:33:00,13,100,0,form_started,0
5495,Norway,Paid,Premium,Tablet,2024-01-04 19:34:00,1,300,0,form_started,0
5496,Denmark,Organic,Pro,Desktop,2024-01-04 19:35:00,6,500,0,form_started,0
5497,Norway,Paid,Basic,Desktop,2024-01-04 19:36:00,16,100,0,form_started,0
5498,Norway,Paid,Basic,Mobile,2024-01-04 19:37:00,2,100,0,signup,0
5499,Sweden,Direct,Pro,Desktop,2024-01-04 19:38:00,14,500,0,signup,0
5500,Denmark,Direct,Basic,Mobile,2024-01-04 19:39:00,18,100,0,signup,0
5501,Norway,Direct,Pro,Desktop,2024-01-04 19:40:00,17,500,0,form_started,0
5502,Denmark,Organic,Premium,Mobile,2024-01-04 19:41:00,18,300,0,signup,0
5503,Denmark,Paid,Pro,Desktop,2024-01-04 19:42:00,19,500,0,signup,0
5504,Sweden,Paid,Basic,Tablet,2024-01-04 19:43:00,15,100,0,signup,0
5505,Denmark,Paid,Basic,Mobile,2024-01-04 19:44:00,2,100,1,completed,100
5506,Denmark,Direct,Premium,Desktop,2024-01-04 19:45:00,4,300,0,form_started,0
5507,Norway,Paid,Pro,Desktop,2024-01-04 19:46:00,1,500,1,completed,500
5508,Sweden,Paid,Premium,Mobile,2024-01-04 19:47:00,8,300,0,signup,0
5509,Denmark,Paid,Pro,Desktop,2024-01-04 19:48:00,14,500,1,completed,500
5510,Norway,Paid,Pro,Tablet,2024-01-04 19:49:00,11,500,0,form_started,0
5511,Sweden,Paid,Pro,Mobile,2024-01-04 19:50:00,14,500,0,signup,0
5512,Sweden,Organic,Premium,Mobile,2024-01-04 19:51:00,16,300,0,form_started,0
5513,Norway,Paid,Premium,Mobile,2024-01-04 19:52:00,10,300,0,form_started,0
5514,Norway,Organic,Basic,Mobile,2024-01-04 19:53:00,7,100,0,signup,0
5515,Norway,Paid,Premium,Mobile,2024-01-04 19:54:00,16,300,0,form_started,0
5516,Norway,Organic,Pro,Tablet,2024-01-04 19:55:00,4,500,0,form_started,0
5517,Norway,Paid,Pro,Mobile,2024-01-04 19:56:00,12,500,0,signup,0
5518,Denmark,Paid,Pro,Tablet,2024-01-04 19:57:00,12,500,1,completed,500
5519,Denmark,Paid,Premium,Tablet,2024-01-04 19:58:00,2,300,0,signup,0
5520,Sweden,Paid,Basic,Tablet,2024-01-04 19:59:00,6,100,0,form_started,0
5521,Denmark,Direct,Premium,Mobile,2024-01-04 20:00:00,15,300,0,form_started,0
5522,Denmark,Paid,Basic,Tablet,2024-01-04 20:01:00,15,100,0,signup,0
5523,Denmark,Organic,Premium,Mobile,2024-01-04 20:02:00,16,300,0,form_started,0
5524,Norway,Direct,Pro,Tablet,2024-01-04 20:03:00,3,500,0,signup,0
5525,Sweden,Direct,Basic,Mobile,2024-01-04 20:04:00,1,100,0,form_started,0
5526,Sweden,Paid,Premium,Desktop,2024-01-04 20:05:00,12,300,0,form_started,0
5527,Sweden,Organic,Pro,Desktop,2024-01-04 20:06:00,15,500,0,signup,0
5528,Sweden,Organic,Basic,Tablet,2024-01-04 20:07:00,19,100,1,completed,100
5529,Denmark,Direct,Basic,Desktop,2024-01-04 20:08:00,6,100,1,completed,100
5530,Denmark,Organic,Pro,Tablet,2024-01-04 20:09:00,19,500,0,signup,0
5531,Norway,Paid,Pro,Tablet,2024-01-04 20:10:00,17,500,0,form_started,0
5532,Sweden,Paid,Premium,Tablet,2024-01-04 20:11:00,9,300,0,form_started,0
5533,Denmark,Paid,Premium,Desktop,2024-01-04 20:12:00,13,300,0,signup,0
5534,Denmark,Paid,Pro,Tablet,2024-01-04 20:13:00,15,500,0,form_started,0
5535,Norway,Paid,Premium,Desktop,2024-01-04 20:14:00,16,300,0,signup,0
5536,Norway,Direct,Pro,Desktop,2024-01-04 20:15:00,13,500,0,signup,0
5537,Norway,Paid,Pro,Mobile,2024-01-04 20:16:00,2,500,1,completed,500
5538,Denmark,Paid,Premium,Desktop,2024-01-04 20:17:00,2,300,1,completed,300
5539,Denmark,Direct,Premium,Mobile,2024-01-04 20:18:00,11,300,1,completed,300
5540,Norway,Direct,Basic,Tablet,2024-01-04 20:19:00,16,100,0,signup,0
5541,Sweden,Direct,Basic,Tablet,2024-01-04 20:20:00,17,100,1,completed,100
5542,Norway,Organic,Premium,Mobile,2024-01-04 20:21:00,3,300,0,signup,0
5543,Norway,Organic,Premium,Tablet,2024-01-04 20:22:00,1,300,0,signup,0
5544,Norway,Paid,Premium,Mobile,2024-01-04 20:23:00,18,300,1,completed,300
5545,Norway,Paid,Basic,Mobile,2024-01-04 20:24:00,14,100,1,completed,100
5546,Denmark,Paid,Premium,Tablet,2024-01-04 20:25:00,9,300,1,completed,300
5547,Sweden,Organic,Basic,Mobile,2024-01-04 20:26:00,9,100,0,signup,0
5548,Norway,Paid,Basic,Mobile,2024-01-04 20:27:00,12,100,0,form_started,0
5549,Sweden,Paid,Basic,Mobile,2024-01-04 20:28:00,3,100,0,signup,0
5550,Sweden,Organic,Basic,Tablet,2024-01-04 20:29:00,2,100,1,completed,100
5551,Sweden,Direct,Pro,Tablet,2024-01-04 20:30:00,1,500,1,completed,500
5552,Norway,Organic,Premium,Tablet,2024-01-04 20:31:00,9,300,0,form_started,0
5553,Denmark,Paid,Premium,Tablet,2024-01-04 20:32:00,13,300,0,form_started,0
5554,Norway,Organic,Pro,Tablet,2024-01-04 20:33:00,16,500,0,signup,0
5555,Sweden,Direct,Premium,Desktop,2024-01-04 20:34:00,19,300,1,completed,300
5556,Sweden,Direct,Basic,Desktop,2024-01-04 20:35:00,10,100,0,signup,0
5557,Denmark,Direct,Pro,Mobile,2024-01-04 20:36:00,5,500,0,form_started,0
5558,Norway,Direct,Basic,Desktop,2024-01-04 20:37:00,14,100,1,completed,100
5559,Sweden,Direct,Pro,Tablet,2024-01-04 20:38:00,15,500,0,form_started,0
5560,Denmark,Direct,Basic,Tablet,2024-01-04 20:39:00,3,100,1,completed,100
5561,Sweden,Paid,Premium,Tablet,2024-01-04 20:40:00,9,300,1,completed,300
5562,Denmark,Paid,Premium,Mobile,2024-01-04 20:41:00,1,300,0,signup,0
5563,Denmark,Organic,Premium,Mobile,2024-01-04 20:42:00,1,300,0,form_started,0
5564,Norway,Paid,Pro,Mobile,2024-01-04 20:43:00,19,500,1,completed,500
5565,Sweden,Direct,Premium,Mobile,2024-01-04 20:44:00,6,300,0,form_started,0
5566,Norway,Paid,Pro,Mobile,2024-01-04 20:45:00,11,500,0,signup,0
5567,Sweden,Organic,Basic,Mobile,2024-01-04 20:46:00,18,100,0,signup,0
5568,Norway,Direct,Premium,Desktop,2024-01-04 20:47:00,14,300,0,form_started,0
5569,Sweden,Paid,Basic,Tablet,2024-01-04 20:48:00,16,100,0,form_started,0
5570,Norway,Paid,Premium,Desktop,2024-01-04 20:49:00,1,300,0,signup,0
5571,Denmark,Organic,Basic,Mobile,2024-01-04 20:50:00,10,100,0,signup,0
5572,Sweden,Direct,Pro,Tablet,2024-01-04 20:51:00,10,500,0,signup,0
5573,Sweden,Organic,Premium,Tablet,2024-01-04 20:52:00,13,300,0,form_started,0
5574,Denmark,Direct,Pro,Tablet,2024-01-04 20:53:00,1,500,0,form_started,0
5575,Norway,Direct,Pro,Desktop,2024-01-04 20:54:00,3,500,1,completed,500
5576,Sweden,Paid,Basic,Tablet,2024-01-04 20:55:00,14,100,0,signup,0
5577,Sweden,Organic,Premium,Mobile,2024-01-04 20:56:00,16,300,1,completed,300
5578,Norway,Organic,Pro,Mobile,2024-01-04 20:57:00,6,500,0,form_started,0
5579,Denmark,Organic,Basic,Desktop,2024-01-04 20:58:00,1,100,0,form_started,0
5580,Norway,Direct,Basic,Desktop,2024-01-04 20:59:00,5,100,1,completed,100
5581,Norway,Organic,Basic,Mobile,2024-01-04 21:00:00,8,100,0,form_started,0
5582,Norway,Direct,Premium,Desktop,2024-01-04 21:01:00,12,300,0,signup,0
5583,Sweden,Organic,Premium,Tablet,2024-01-04 21:02:00,1,300,0,form_started,0
5584,Denmark,Organic,Basic,Desktop,2024-01-04 21:03:00,13,100,0,signup,0
5585,Denmark,Paid,Premium,Tablet,2024-01-04 21:04:00,9,300,0,form_started,0
5586,Norway,Organic,Basic,Tablet,2024-01-04 21:05:00,8,100,0,signup,0
5587,Sweden,Paid,Premium,Tablet,2024-01-04 21:06:00,13,300,0,signup,0
5588,Norway,Paid,Premium,Tablet,2024-01-04 21:07:00,2,300,1,completed,300
5589,Sweden,Direct,Basic,Tablet,2024-01-04 21:08:00,15,100,1,completed,100
5590,Sweden,Organic,Basic,Mobile,2024-01-04 21:09:00,14,100,0,signup,0
5591,Sweden,Organic,Premium,Mobile,2024-01-04 21:10:00,19,300,1,completed,300
5592,Sweden,Organic,Basic,Mobile,2024-01-04 21:11:00,9,100,0,form_started,0
5593,Denmark,Paid,Basic,Tablet,2024-01-04 21:12:00,19,100,0,signup,0
5594,Sweden,Organic,Basic,Desktop,2024-01-04 21:13:00,14,100,1,completed,100
5595,Sweden,Direct,Basic,Desktop,2024-01-04 21:14:00,8,100,0,form_started,0
5596,Norway,Direct,Premium,Tablet,2024-01-04 21:15:00,5,300,0,form_started,0
5597,Norway,Organic,Pro,Desktop,2024-01-04 21:16:00,7,500,0,form_started,0
5598,Denmark,Paid,Premium,Tablet,2024-01-04 21:17:00,4,300,0,form_started,0
5599,Norway,Direct,Basic,Desktop,2024-01-04 21:18:00,8,100,0,form_started,0
5600,Sweden,Direct,Basic,Tablet,2024-01-04 21:19:00,4,100,1,completed,100
5601,Norway,Paid,Premium,Desktop,2024-01-04 21:20:00,1,300,0,signup,0
5602,Denmark,Direct,Basic,Desktop,2024-01-04 21:21:00,8,100,0,signup,0
5603,Norway,Paid,Premium,Mobile,2024-01-04 21:22:00,7,300,0,form_started,0
5604,Norway,Direct,Pro,Desktop,2024-01-04 21:23:00,11,500,1,completed,500
5605,Denmark,Paid,Basic,Desktop,2024-01-04 21:24:00,16,100,0,signup,0
5606,Denmark,Direct,Pro,Tablet,2024-01-04 21:25:00,17,500,0,form_started,0
5607,Sweden,Organic,Pro,Desktop,2024-01-04 21:26:00,5,500,1,completed,500
5608,Norway,Direct,Basic,Desktop,2024-01-04 21:27:00,7,100,0,signup,0
5609,Sweden,Direct,Basic,Desktop,2024-01-04 21:28:00,10,100,0,form_started,0
5610,Norway,Organic,Premium,Desktop,2024-01-04 21:29:00,13,300,0,signup,0
5611,Norway,Organic,Premium,Desktop,2024-01-04 21:30:00,15,300,0,form_started,0
5612,Sweden,Organic,Basic,Mobile,2024-01-04 21:31:00,6,100,0,form_started,0
5613,Norway,Organic,Premium,Desktop,2024-01-04 21:32:00,2,300,0,signup,0
5614,Norway,Paid,Pro,Tablet,2024-01-04 21:33:00,4,500,0,form_started,0
5615,Norway,Paid,Pro,Tablet,2024-01-04 21:34:00,14,500,1,completed,500
5616,Denmark,Direct,Basic,Desktop,2024-01-04 21:35:00,15,100,0,signup,0
5617,Sweden,Direct,Premium,Desktop,2024-01-04 21:36:00,14,300,0,signup,0
5618,Denmark,Direct,Basic,Desktop,2024-01-04 21:37:00,4,100,1,completed,100
5619,Sweden,Paid,Pro,Mobile,2024-01-04 21:38:00,6,500,0,signup,0
5620,Sweden,Direct,Basic,Tablet,2024-01-04 21:39:00,7,100,0,signup,0
5621,Norway,Direct,Basic,Mobile,2024-01-04 21:40:00,13,100,0,form_started,0
5622,Sweden,Paid,Basic,Mobile,2024-01-04 21:41:00,17,100,0,form_started,0
5623,Denmark,Direct,Basic,Desktop,2024-01-04 21:42:00,17,100,0,form_started,0
5624,Denmark,Paid,Pro,Desktop,2024-01-04 21:43:00,4,500,0,form_started,0
5625,Denmark,Paid,Basic,Tablet,2024-01-04 21:44:00,19,100,1,completed,100
5626,Sweden,Organic,Basic,Desktop,2024-01-04 21:45:00,13,100,0,form_started,0
5627,Denmark,Organic,Premium,Tablet,2024-01-04 21:46:00,9,300,0,signup,0
5628,Sweden,Paid,Basic,Mobile,2024-01-04 21:47:00,2,100,0,signup,0
5629,Denmark,Paid,Premium,Tablet,2024-01-04 21:48:00,18,300,1,completed,300
5630,Denmark,Organic,Basic,Tablet,2024-01-04 21:49:00,17,100,0,form_started,0
5631,Sweden,Direct,Premium,Tablet,2024-01-04 21:50:00,7,300,1,completed,300
5632,Denmark,Direct,Basic,Mobile,2024-01-04 21:51:00,17,100,1,completed,100
5633,Norway,Direct,Premium,Mobile,2024-01-04 21:52:00,10,300,0,form_started,0
5634,Sweden,Paid,Basic,Desktop,2024-01-04 21:53:00,14,100,0,signup,0
5635,Sweden,Organic,Basic,Desktop,2024-01-04 21:54:00,12,100,0,form_started,0
5636,Sweden,Direct,Premium,Tablet,2024-01-04 21:55:00,12,300,0,form_started,0
5637,Norway,Organic,Basic,Tablet,2024-01-04 21:56:00,17,100,0,signup,0
5638,Sweden,Organic,Basic,Mobile,2024-01-04 21:57:00,19,100,1,completed,100
5639,Denmark,Paid,Basic,Mobile,2024-01-04 21:58:00,14,100,1,completed,100
5640,Denmark,Direct,Basic,Mobile,2024-01-04 21:59:00,17,100,0,form_started,0
5641,Denmark,Organic,Pro,Tablet,2024-01-04 22:00:00,15,500,1,completed,500
5642,Sweden,Paid,Basic,Tablet,2024-01-04 22:01:00,6,100,0,signup,0
5643,Denmark,Paid,Pro,Mobile,2024-01-04 22:02:00,19,500,0,signup,0
5644,Sweden,Paid,Pro,Tablet,2024-01-04 22:03:00,6,500,0,signup,0
5645,Denmark,Direct,Basic,Mobile,2024-01-04 22:04:00,6,100,0,form_started,0
5646,Norway,Direct,Premium,Desktop,2024-01-04 22:05:00,4,300,0,form_started,0
5647,Norway,Paid,Premium,Mobile,2024-01-04 22:06:00,1,300,0,form_started,0
5648,Norway,Direct,Basic,Tablet,2024-01-04 22:07:00,19,100,1,completed,100
5649,Norway,Direct,Pro,Tablet,2024-01-04 22:08:00,11,500,0,form_started,0
5650,Sweden,Organic,Premium,Tablet,2024-01-04 22:09:00,7,300,1,completed,300
5651,Denmark,Paid,Basic,Tablet,2024-01-04 22:10:00,2,100,0,signup,0
5652,Norway,Paid,Basic,Mobile,2024-01-04 22:11:00,4,100,0,form_started,0
5653,Sweden,Direct,Pro,Mobile,2024-01-04 22:12:00,6,500,1,completed,500
5654,Norway,Paid,Premium,Desktop,2024-01-04 22:13:00,5,300,0,form_started,0
5655,Norway,Paid,Basic,Mobile,2024-01-04 22:14:00,9,100,1,completed,100
5656,Sweden,Paid,Premium,Desktop,2024-01-04 22:15:00,11,300,0,form_started,0
5657,Sweden,Direct,Basic,Mobile,2024-01-04 22:16:00,18,100,1,completed,100
5658,Denmark,Direct,Basic,Mobile,2024-01-04 22:17:00,17,100,0,signup,0
5659,Denmark,Direct,Basic,Tablet,2024-01-04 22:18:00,13,100,0,signup,0
5660,Norway,Organic,Pro,Desktop,2024-01-04 22:19:00,17,500,1,completed,500
5661,Norway,Paid,Pro,Tablet,2024-01-04 22:20:00,10,500,1,completed,500
5662,Denmark,Organic,Pro,Tablet,2024-01-04 22:21:00,18,500,0,signup,0
5663,Denmark,Direct,Premium,Mobile,2024-01-04 22:22:00,17,300,1,completed,300
5664,Sweden,Organic,Pro,Mobile,2024-01-04 22:23:00,12,500,1,completed,500
5665,Denmark,Paid,Pro,Desktop,2024-01-04 22:24:00,15,500,0,signup,0
5666,Denmark,Paid,Premium,Desktop,2024-01-04 22:25:00,19,300,0,form_started,0
5667,Norway,Direct,Premium,Mobile,2024-01-04 22:26:00,15,300,0,signup,0
5668,Denmark,Direct,Premium,Desktop,2024-01-04 22:27:00,13,300,0,signup,0
5669,Norway,Organic,Premium,Mobile,2024-01-04 22:28:00,7,300,0,form_started,0
5670,Denmark,Direct,Pro,Mobile,2024-01-04 22:29:00,11,500,1,completed,500
5671,Sweden,Organic,Pro,Mobile,2024-01-04 22:30:00,8,500,1,completed,500
5672,Denmark,Paid,Premium,Desktop,2024-01-04 22:31:00,16,300,0,signup,0
5673,Denmark,Paid,Pro,Tablet,2024-01-04 22:32:00,11,500,0,signup,0
5674,Denmark,Paid,Basic,Desktop,2024-01-04 22:33:00,5,100,1,completed,100
5675,Norway,Paid,Pro,Tablet,2024-01-04 22:34:00,7,500,0,form_started,0
5676,Sweden,Paid,Basic,Desktop,2024-01-04 22:35:00,16,100,0,signup,0
5677,Denmark,Organic,Premium,Tablet,2024-01-04 22:36:00,16,300,0,form_started,0
5678,Norway,Paid,Premium,Tablet,2024-01-04 22:37:00,17,300,1,completed,300
5679,Sweden,Organic,Pro,Desktop,2024-01-04 22:38:00,19,500,1,completed,500
5680,Norway,Paid,Premium,Desktop,2024-01-04 22:39:00,15,300,1,completed,300
5681,Norway,Organic,Pro,Tablet,2024-01-04 22:40:00,15,500,1,completed,500
5682,Sweden,Organic,Pro,Mobile,2024-01-04 22:41:00,15,500,0,signup,0
5683,Denmark,Organic,Pro,Tablet,2024-01-04 22:42:00,3,500,0,form_started,0
5684,Norway,Direct,Pro,Tablet,2024-01-04 22:43:00,12,500,0,form_started,0
5685,Norway,Organic,Basic,Mobile,2024-01-04 22:44:00,6,100,0,form_started,0
5686,Denmark,Organic,Basic,Tablet,2024-01-04 22:45:00,5,100,0,signup,0
5687,Denmark,Paid,Premium,Mobile,2024-01-04 22:46:00,11,300,0,form_started,0
5688,Sweden,Organic,Basic,Mobile,2024-01-04 22:47:00,12,100,0,form_started,0
5689,Sweden,Organic,Premium,Desktop,2024-01-04 22:48:00,7,300,0,signup,0
5690,Sweden,Direct,Premium,Tablet,2024-01-04 22:49:00,9,300,0,form_started,0
5691,Denmark,Paid,Pro,Tablet,2024-01-04 22:50:00,18,500,0,form_started,0
5692,Norway,Direct,Pro,Mobile,2024-01-04 22:51:00,14,500,1,completed,500
5693,Norway,Direct,Pro,Tablet,2024-01-04 22:52:00,4,500,1,completed,500
5694,Sweden,Direct,Pro,Mobile,2024-01-04 22:53:00,8,500,1,completed,500
5695,Denmark,Organic,Pro,Tablet,2024-01-04 22:54:00,16,500,0,form_started,0
5696,Norway,Direct,Pro,Tablet,2024-01-04 22:55:00,4,500,0,form_started,0
5697,Sweden,Direct,Basic,Mobile,2024-01-04 22:56:00,19,100,0,signup,0
5698,Norway,Paid,Premium,Mobile,2024-01-04 22:57:00,6,300,1,completed,300
5699,Norway,Paid,Premium,Tablet,2024-01-04 22:58:00,19,300,1,completed,300
5700,Denmark,Paid,Pro,Tablet,2024-01-04 22:59:00,15,500,0,form_started,0
5701,Denmark,Paid,Basic,Mobile,2024-01-04 23:00:00,12,100,1,completed,100
5702,Norway,Direct,Pro,Desktop,2024-01-04 23:01:00,12,500,0,form_started,0
5703,Sweden,Paid,Basic,Desktop,2024-01-04 23:02:00,2,100,0,form_started,0
5704,Denmark,Organic,Basic,Tablet,2024-01-04 23:03:00,9,100,0,signup,0
5705,Norway,Direct,Premium,Tablet,2024-01-04 23:04:00,3,300,0,signup,0
5706,Denmark,Paid,Premium,Tablet,2024-01-04 23:05:00,1,300,0,form_started,0
5707,Denmark,Direct,Basic,Mobile,2024-01-04 23:06:00,14,100,0,form_started,0
5708,Denmark,Paid,Premium,Tablet,2024-01-04 23:07:00,13,300,1,completed,300
5709,Norway,Direct,Basic,Tablet,2024-01-04 23:08:00,5,100,0,signup,0
5710,Sweden,Paid,Basic,Tablet,2024-01-04 23:09:00,7,100,0,form_started,0
5711,Sweden,Organic,Basic,Desktop,2024-01-04 23:10:00,14,100,1,completed,100
5712,Sweden,Paid,Premium,Tablet,2024-01-04 23:11:00,16,300,0,signup,0
5713,Denmark,Direct,Pro,Tablet,2024-01-04 23:12:00,18,500,0,form_started,0
5714,Norway,Direct,Premium,Mobile,2024-01-04 23:13:00,14,300,0,signup,0
5715,Denmark,Organic,Pro,Desktop,2024-01-04 23:14:00,1,500,1,completed,500
5716,Sweden,Direct,Premium,Mobile,2024-01-04 23:15:00,6,300,0,form_started,0
5717,Sweden,Organic,Premium,Tablet,2024-01-04 23:16:00,10,300,1,completed,300
5718,Norway,Direct,Pro,Tablet,2024-01-04 23:17:00,6,500,1,completed,500
5719,Denmark,Direct,Basic,Tablet,2024-01-04 23:18:00,2,100,1,completed,100
5720,Sweden,Organic,Pro,Tablet,2024-01-04 23:19:00,7,500,0,form_started,0
5721,Norway,Direct,Basic,Tablet,2024-01-04 23:20:00,17,100,1,completed,100
5722,Denmark,Direct,Basic,Mobile,2024-01-04 23:21:00,14,100,1,completed,100
5723,Denmark,Organic,Premium,Tablet,2024-01-04 23:22:00,7,300,0,signup,0
5724,Sweden,Paid,Premium,Tablet,2024-01-04 23:23:00,9,300,0,form_started,0
5725,Sweden,Organic,Premium,Desktop,2024-01-04 23:24:00,19,300,1,completed,300
5726,Denmark,Direct,Premium,Desktop,2024-01-04 23:25:00,11,300,0,signup,0
5727,Denmark,Paid,Premium,Tablet,2024-01-04 23:26:00,3,300,0,form_started,0
5728,Sweden,Paid,Pro,Tablet,2024-01-04 23:27:00,4,500,1,completed,500
5729,Denmark,Paid,Pro,Tablet,2024-01-04 23:28:00,5,500,1,completed,500
5730,Sweden,Organic,Pro,Tablet,2024-01-04 23:29:00,4,500,0,form_started,0
5731,Denmark,Paid,Pro,Tablet,2024-01-04 23:30:00,13,500,0,signup,0
5732,Sweden,Paid,Premium,Tablet,2024-01-04 23:31:00,9,300,0,signup,0
5733,Norway,Paid,Pro,Mobile,2024-01-04 23:32:00,14,500,1,completed,500
5734,Sweden,Direct,Pro,Mobile,2024-01-04 23:33:00,16,500,1,completed,500
5735,Sweden,Organic,Basic,Mobile,2024-01-04 23:34:00,6,100,1,completed,100
5736,Norway,Organic,Premium,Desktop,2024-01-04 23:35:00,10,300,0,signup,0
5737,Denmark,Direct,Pro,Tablet,2024-01-04 23:36:00,13,500,1,completed,500
5738,Norway,Paid,Pro,Desktop,2024-01-04 23:37:00,3,500,0,form_started,0
5739,Sweden,Direct,Pro,Desktop,2024-01-04 23:38:00,11,500,0,form_started,0
5740,Denmark,Direct,Premium,Desktop,2024-01-04 23:39:00,3,300,0,form_started,0
5741,Norway,Paid,Pro,Mobile,2024-01-04 23:40:00,7,500,0,form_started,0
5742,Denmark,Paid,Basic,Tablet,2024-01-04 23:41:00,10,100,0,form_started,0
5743,Denmark,Organic,Premium,Tablet,2024-01-04 23:42:00,1,300,0,form_started,0
5744,Norway,Paid,Basic,Desktop,2024-01-04 23:43:00,4,100,1,completed,100
5745,Denmark,Direct,Premium,Mobile,2024-01-04 23:44:00,8,300,1,completed,300
5746,Norway,Direct,Pro,Desktop,2024-01-04 23:45:00,17,500,0,signup,0
5747,Sweden,Paid,Premium,Desktop,2024-01-04 23:46:00,5,300,0,form_started,0
5748,Denmark,Organic,Premium,Tablet,2024-01-04 23:47:00,17,300,0,signup,0
5749,Sweden,Direct,Premium,Mobile,2024-01-04 23:48:00,9,300,1,completed,300
5750,Sweden,Paid,Basic,Tablet,2024-01-04 23:49:00,8,100,0,form_started,0
5751,Denmark,Organic,Premium,Desktop,2024-01-04 23:50:00,7,300,1,completed,300
5752,Norway,Organic,Pro,Tablet,2024-01-04 23:51:00,5,500,0,signup,0
5753,Denmark,Direct,Premium,Desktop,2024-01-04 23:52:00,4,300,0,signup,0
5754,Sweden,Direct,Premium,Mobile,2024-01-04 23:53:00,3,300,0,form_started,0
5755,Sweden,Organic,Pro,Tablet,2024-01-04 23:54:00,8,500,0,signup,0
5756,Norway,Organic,Pro,Tablet,2024-01-04 23:55:00,5,500,1,completed,500
5757,Denmark,Organic,Basic,Tablet,2024-01-04 23:56:00,5,100,1,completed,100
5758,Sweden,Paid,Pro,Tablet,2024-01-04 23:57:00,17,500,0,form_started,0
5759,Sweden,Direct,Pro,Tablet,2024-01-04 23:58:00,15,500,1,completed,500
5760,Sweden,Organic,Pro,Mobile,2024-01-04 23:59:00,8,500,0,signup,0
5761,Norway,Direct,Premium,Mobile,2024-01-05 00:00:00,7,300,0,signup,0
5762,Sweden,Direct,Basic,Tablet,2024-01-05 00:01:00,17,100,1,completed,100
5763,Sweden,Direct,Pro,Desktop,2024-01-05 00:02:00,12,500,0,signup,0
5764,Denmark,Organic,Pro,Desktop,2024-01-05 00:03:00,4,500,0,signup,0
5765,Denmark,Paid,Pro,Tablet,2024-01-05 00:04:00,18,500,0,signup,0
5766,Sweden,Organic,Premium,Tablet,2024-01-05 00:05:00,4,300,0,signup,0
5767,Sweden,Direct,Premium,Mobile,2024-01-05 00:06:00,10,300,0,signup,0
5768,Denmark,Organic,Basic,Mobile,2024-01-05 00:07:00,3,100,1,completed,100
5769,Norway,Organic,Basic,Tablet,2024-01-05 00:08:00,5,100,0,form_started,0
5770,Norway,Direct,Premium,Tablet,2024-01-05 00:09:00,12,300,0,form_started,0
5771,Norway,Direct,Pro,Desktop,2024-01-05 00:10:00,5,500,0,form_started,0
5772,Norway,Organic,Pro,Mobile,2024-01-05 00:11:00,5,500,0,form_started,0
5773,Norway,Organic,Basic,Tablet,2024-01-05 00:12:00,4,100,1,completed,100
5774,Norway,Organic,Pro,Mobile,2024-01-05 00:13:00,6,500,1,completed,500
5775,Norway,Organic,Premium,Tablet,2024-01-05 00:14:00,10,300,1,completed,300
5776,Norway,Paid,Basic,Tablet,2024-01-05 00:15:00,6,100,0,signup,0
5777,Denmark,Organic,Premium,Tablet,2024-01-05 00:16:00,1,300,1,completed,300
5778,Norway,Paid,Premium,Tablet,2024-01-05 00:17:00,16,300,0,signup,0
5779,Norway,Direct,Pro,Desktop,2024-01-05 00:18:00,11,500,0,form_started,0
5780,Norway,Paid,Premium,Tablet,2024-01-05 00:19:00,6,300,1,completed,300
5781,Sweden,Direct,Premium,Desktop,2024-01-05 00:20:00,18,300,0,form_started,0
5782,Denmark,Paid,Pro,Desktop,2024-01-05 00:21:00,6,500,0,signup,0
5783,Denmark,Direct,Premium,Tablet,2024-01-05 00:22:00,17,300,1,completed,300
5784,Denmark,Organic,Pro,Mobile,2024-01-05 00:23:00,12,500,1,completed,500
5785,Norway,Paid,Premium,Mobile,2024-01-05 00:24:00,17,300,0,form_started,0
5786,Norway,Paid,Pro,Tablet,2024-01-05 00:25:00,18,500,1,completed,500
5787,Sweden,Direct,Pro,Tablet,2024-01-05 00:26:00,10,500,1,completed,500
5788,Denmark,Direct,Basic,Tablet,2024-01-05 00:27:00,12,100,1,completed,100
5789,Norway,Paid,Premium,Mobile,2024-01-05 00:28:00,4,300,0,signup,0
5790,Denmark,Direct,Premium,Mobile,2024-01-05 00:29:00,10,300,1,completed,300
5791,Sweden,Organic,Basic,Tablet,2024-01-05 00:30:00,5,100,1,completed,100
5792,Sweden,Paid,Pro,Mobile,2024-01-05 00:31:00,4,500,1,completed,500
5793,Sweden,Organic,Pro,Desktop,2024-01-05 00:32:00,16,500,0,form_started,0
5794,Denmark,Paid,Basic,Mobile,2024-01-05 00:33:00,5,100,0,signup,0
5795,Norway,Organic,Basic,Mobile,2024-01-05 00:34:00,19,100,0,form_started,0
5796,Norway,Paid,Pro,Tablet,2024-01-05 00:35:00,6,500,1,completed,500
5797,Sweden,Direct,Pro,Desktop,2024-01-05 00:36:00,7,500,0,form_started,0
5798,Norway,Paid,Basic,Tablet,2024-01-05 00:37:00,10,100,0,form_started,0
5799,Sweden,Organic,Premium,Mobile,2024-01-05 00:38:00,7,300,1,completed,300
5800,Denmark,Paid,Pro,Desktop,2024-01-05 00:39:00,14,500,0,signup,0
5801,Sweden,Organic,Basic,Tablet,2024-01-05 00:40:00,10,100,0,form_started,0
5802,Denmark,Organic,Premium,Mobile,2024-01-05 00:41:00,11,300,0,form_started,0
5803,Sweden,Organic,Premium,Desktop,2024-01-05 00:42:00,14,300,0,signup,0
5804,Norway,Direct,Premium,Tablet,2024-01-05 00:43:00,12,300,1,completed,300
5805,Norway,Paid,Premium,Desktop,2024-01-05 00:44:00,4,300,1,completed,300
5806,Sweden,Organic,Basic,Mobile,2024-01-05 00:45:00,13,100,0,signup,0
5807,Norway,Direct,Pro,Tablet,2024-01-05 00:46:00,3,500,1,completed,500
5808,Norway,Organic,Premium,Mobile,2024-01-05 00:47:00,13,300,0,form_started,0
5809,Norway,Paid,Premium,Desktop,2024-01-05 00:48:00,19,300,0,signup,0
5810,Denmark,Direct,Basic,Mobile,2024-01-05 00:49:00,15,100,0,signup,0
5811,Norway,Organic,Premium,Desktop,2024-01-05 00:50:00,19,300,1,completed,300
5812,Denmark,Organic,Basic,Tablet,2024-01-05 00:51:00,4,100,0,signup,0
5813,Sweden,Organic,Basic,Mobile,2024-01-05 00:52:00,6,100,1,completed,100
5814,Norway,Paid,Pro,Tablet,2024-01-05 00:53:00,15,500,0,form_started,0
5815,Norway,Direct,Premium,Tablet,2024-01-05 00:54:00,4,300,0,signup,0
5816,Norway,Direct,Pro,Tablet,2024-01-05 00:55:00,6,500,1,completed,500
5817,Sweden,Direct,Basic,Tablet,2024-01-05 00:56:00,2,100,0,form_started,0
5818,Denmark,Organic,Premium,Mobile,2024-01-05 00:57:00,4,300,1,completed,300
5819,Denmark,Direct,Basic,Mobile,2024-01-05 00:58:00,18,100,0,signup,0
5820,Norway,Organic,Basic,Tablet,2024-01-05 00:59:00,15,100,1,completed,100
5821,Sweden,Paid,Basic,Tablet,2024-01-05 01:00:00,12,100,1,completed,100
5822,Sweden,Direct,Premium,Desktop,2024-01-05 01:01:00,8,300,0,form_started,0
5823,Sweden,Organic,Basic,Tablet,2024-01-05 01:02:00,12,100,0,signup,0
5824,Sweden,Direct,Basic,Desktop,2024-01-05 01:03:00,9,100,1,completed,100
5825,Sweden,Direct,Premium,Desktop,2024-01-05 01:04:00,7,300,1,completed,300
5826,Denmark,Paid,Pro,Tablet,2024-01-05 01:05:00,8,500,0,signup,0
5827,Denmark,Direct,Basic,Mobile,2024-01-05 01:06:00,10,100,1,completed,100
5828,Denmark,Paid,Pro,Desktop,2024-01-05 01:07:00,11,500,1,completed,500
5829,Norway,Direct,Pro,Mobile,2024-01-05 01:08:00,2,500,0,form_started,0
5830,Sweden,Direct,Pro,Tablet,2024-01-05 01:09:00,4,500,0,form_started,0
5831,Norway,Direct,Pro,Tablet,2024-01-05 01:10:00,9,500,1,completed,500
5832,Sweden,Direct,Pro,Tablet,2024-01-05 01:11:00,8,500,1,completed,500
5833,Denmark,Direct,Pro,Tablet,2024-01-05 01:12:00,5,500,1,completed,500
5834,Norway,Direct,Premium,Desktop,2024-01-05 01:13:00,14,300,0,form_started,0
5835,Denmark,Paid,Premium,Desktop,2024-01-05 01:14:00,2,300,1,completed,300
5836,Sweden,Paid,Pro,Mobile,2024-01-05 01:15:00,17,500,0,form_started,0
5837,Sweden,Organic,Premium,Mobile,2024-01-05 01:16:00,8,300,0,form_started,0
5838,Sweden,Direct,Premium,Desktop,2024-01-05 01:17:00,2,300,1,completed,300
5839,Denmark,Paid,Pro,Tablet,2024-01-05 01:18:00,15,500,1,completed,500
5840,Sweden,Direct,Pro,Mobile,2024-01-05 01:19:00,2,500,0,form_started,0
5841,Denmark,Direct,Basic,Desktop,2024-01-05 01:20:00,11,100,1,completed,100
5842,Norway,Paid,Premium,Mobile,2024-01-05 01:21:00,14,300,1,completed,300
5843,Sweden,Direct,Pro,Desktop,2024-01-05 01:22:00,10,500,0,form_started,0
5844,Sweden,Paid,Premium,Tablet,2024-01-05 01:23:00,7,300,1,completed,300
5845,Sweden,Paid,Premium,Desktop,2024-01-05 01:24:00,14,300,1,completed,300
5846,Norway,Organic,Premium,Mobile,2024-01-05 01:25:00,13,300,0,form_started,0
5847,Sweden,Organic,Basic,Desktop,2024-01-05 01:26:00,2,100,0,signup,0
5848,Denmark,Organic,Pro,Mobile,2024-01-05 01:27:00,10,500,0,form_started,0
5849,Denmark,Organic,Premium,Mobile,2024-01-05 01:28:00,1,300,0,form_started,0
5850,Sweden,Direct,Pro,Mobile,2024-01-05 01:29:00,1,500,1,completed,500
5851,Sweden,Direct,Premium,Tablet,2024-01-05 01:30:00,3,300,0,form_started,0
5852,Norway,Organic,Pro,Tablet,2024-01-05 01:31:00,11,500,1,completed,500
5853,Norway,Paid,Pro,Desktop,2024-01-05 01:32:00,19,500,1,completed,500
5854,Norway,Paid,Pro,Desktop,2024-01-05 01:33:00,9,500,0,signup,0
5855,Sweden,Paid,Premium,Mobile,2024-01-05 01:34:00,13,300,0,form_started,0
5856,Norway,Paid,Basic,Tablet,2024-01-05 01:35:00,4,100,0,signup,0
5857,Norway,Direct,Pro,Desktop,2024-01-05 01:36:00,6,500,0,signup,0
5858,Denmark,Paid,Basic,Desktop,2024-01-05 01:37:00,2,100,0,signup,0
5859,Norway,Paid,Pro,Tablet,2024-01-05 01:38:00,9,500,0,signup,0
5860,Denmark,Organic,Basic,Mobile,2024-01-05 01:39:00,18,100,0,signup,0
5861,Denmark,Paid,Pro,Desktop,2024-01-05 01:40:00,4,500,0,signup,0
5862,Norway,Direct,Basic,Mobile,2024-01-05 01:41:00,1,100,1,completed,100
5863,Denmark,Paid,Pro,Tablet,2024-01-05 01:42:00,1,500,0,signup,0
5864,Sweden,Paid,Pro,Tablet,2024-01-05 01:43:00,17,500,0,signup,0
5865,Sweden,Direct,Basic,Desktop,2024-01-05 01:44:00,19,100,0,form_started,0
5866,Norway,Organic,Pro,Desktop,2024-01-05 01:45:00,3,500,0,signup,0
5867,Sweden,Direct,Premium,Tablet,2024-01-05 01:46:00,17,300,0,signup,0
5868,Denmark,Organic,Pro,Mobile,2024-01-05 01:47:00,3,500,0,form_started,0
5869,Sweden,Paid,Pro,Mobile,2024-01-05 01:48:00,4,500,0,form_started,0
5870,Norway,Organic,Premium,Tablet,2024-01-05 01:49:00,13,300,0,form_started,0
5871,Norway,Organic,Premium,Desktop,2024-01-05 01:50:00,15,300,0,form_started,0
5872,Denmark,Organic,Premium,Tablet,2024-01-05 01:51:00,12,300,0,form_started,0
5873,Norway,Paid,Basic,Desktop,2024-01-05 01:52:00,3,100,0,form_started,0
5874,Sweden,Organic,Premium,Mobile,2024-01-05 01:53:00,8,300,1,completed,300
5875,Norway,Organic,Basic,Desktop,2024-01-05 01:54:00,1,100,0,form_started,0
5876,Denmark,Paid,Premium,Mobile,2024-01-05 01:55:00,18,300,0,form_started,0
5877,Norway,Direct,Basic,Tablet,2024-01-05 01:56:00,13,100,1,completed,100
5878,Sweden,Direct,Premium,Desktop,2024-01-05 01:57:00,7,300,1,completed,300
5879,Denmark,Direct,Premium,Mobile,2024-01-05 01:58:00,13,300,1,completed,300
5880,Sweden,Paid,Pro,Desktop,2024-01-05 01:59:00,17,500,0,form_started,0
5881,Denmark,Paid,Premium,Mobile,2024-01-05 02:00:00,13,300,0,signup,0
5882,Norway,Direct,Pro,Mobile,2024-01-05 02:01:00,13,500,0,form_started,0
5883,Denmark,Organic,Premium,Tablet,2024-01-05 02:02:00,11,300,1,completed,300
5884,Denmark,Direct,Premium,Tablet,2024-01-05 02:03:00,14,300,1,completed,300
5885,Norway,Paid,Pro,Desktop,2024-01-05 02:04:00,10,500,0,signup,0
5886,Sweden,Organic,Pro,Mobile,2024-01-05 02:05:00,8,500,0,form_started,0
5887,Norway,Organic,Basic,Tablet,2024-01-05 02:06:00,6,100,0,form_started,0
5888,Denmark,Paid,Pro,Desktop,2024-01-05 02:07:00,19,500,0,signup,0
5889,Norway,Organic,Basic,Tablet,2024-01-05 02:08:00,19,100,1,completed,100
5890,Denmark,Direct,Premium,Desktop,2024-01-05 02:09:00,12,300,0,signup,0
5891,Norway,Paid,Pro,Tablet,2024-01-05 02:10:00,7,500,0,form_started,0
5892,Norway,Paid,Pro,Tablet,2024-01-05 02:11:00,18,500,1,completed,500
5893,Sweden,Paid,Premium,Mobile,2024-01-05 02:12:00,18,300,0,signup,0
5894,Denmark,Paid,Premium,Mobile,2024-01-05 02:13:00,3,300,0,signup,0
5895,Sweden,Organic,Premium,Tablet,2024-01-05 02:14:00,9,300,0,signup,0
5896,Denmark,Paid,Premium,Mobile,2024-01-05 02:15:00,6,300,0,form_started,0
5897,Norway,Paid,Pro,Tablet,2024-01-05 02:16:00,1,500,0,signup,0
5898,Denmark,Organic,Premium,Desktop,2024-01-05 02:17:00,10,300,0,signup,0
5899,Sweden,Paid,Premium,Tablet,2024-01-05 02:18:00,8,300,0,signup,0
5900,Sweden,Organic,Pro,Tablet,2024-01-05 02:19:00,17,500,0,form_started,0
5901,Sweden,Organic,Basic,Desktop,2024-01-05 02:20:00,3,100,0,form_started,0
5902,Denmark,Paid,Pro,Desktop,2024-01-05 02:21:00,3,500,1,completed,500
5903,Sweden,Direct,Basic,Mobile,2024-01-05 02:22:00,3,100,0,signup,0
5904,Sweden,Paid,Premium,Desktop,2024-01-05 02:23:00,7,300,0,signup,0
5905,Sweden,Direct,Pro,Mobile,2024-01-05 02:24:00,11,500,0,signup,0
5906,Norway,Organic,Premium,Tablet,2024-01-05 02:25:00,18,300,0,form_started,0
5907,Norway,Direct,Pro,Desktop,2024-01-05 02:26:00,5,500,0,signup,0
5908,Denmark,Paid,Basic,Tablet,2024-01-05 02:27:00,2,100,1,completed,100
5909,Denmark,Paid,Pro,Mobile,2024-01-05 02:28:00,14,500,0,signup,0
5910,Sweden,Direct,Premium,Desktop,2024-01-05 02:29:00,1,300,1,completed,300
5911,Norway,Paid,Pro,Mobile,2024-01-05 02:30:00,4,500,0,signup,0
5912,Sweden,Direct,Premium,Mobile,2024-01-05 02:31:00,14,300,1,completed,300
5913,Sweden,Organic,Pro,Desktop,2024-01-05 02:32:00,15,500,1,completed,500
5914,Norway,Direct,Basic,Desktop,2024-01-05 02:33:00,17,100,0,signup,0
5915,Norway,Direct,Pro,Mobile,2024-01-05 02:34:00,3,500,0,signup,0
5916,Norway,Direct,Pro,Desktop,2024-01-05 02:35:00,4,500,0,signup,0
5917,Denmark,Direct,Pro,Mobile,2024-01-05 02:36:00,18,500,1,completed,500
5918,Denmark,Organic,Pro,Tablet,2024-01-05 02:37:00,1,500,0,form_started,0
5919,Sweden,Organic,Basic,Tablet,2024-01-05 02:38:00,5,100,1,completed,100
5920,Denmark,Organic,Premium,Desktop,2024-01-05 02:39:00,18,300,1,completed,300
5921,Norway,Direct,Pro,Desktop,2024-01-05 02:40:00,13,500,0,form_started,0
5922,Norway,Organic,Pro,Tablet,2024-01-05 02:41:00,14,500,0,form_started,0
5923,Denmark,Paid,Pro,Mobile,2024-01-05 02:42:00,3,500,0,signup,0
5924,Sweden,Organic,Basic,Mobile,2024-01-05 02:43:00,6,100,1,completed,100
5925,Sweden,Direct,Premium,Mobile,2024-01-05 02:44:00,11,300,0,form_started,0
5926,Denmark,Paid,Premium,Desktop,2024-01-05 02:45:00,9,300,0,form_started,0
5927,Sweden,Direct,Pro,Mobile,2024-01-05 02:46:00,19,500,0,signup,0
5928,Sweden,Paid,Pro,Desktop,2024-01-05 02:47:00,7,500,0,signup,0
5929,Sweden,Direct,Premium,Desktop,2024-01-05 02:48:00,10,300,0,signup,0
5930,Norway,Direct,Pro,Desktop,2024-01-05 02:49:00,7,500,1,completed,500
5931,Norway,Paid,Pro,Tablet,2024-01-05 02:50:00,5,500,0,signup,0
5932,Denmark,Organic,Pro,Mobile,2024-01-05 02:51:00,4,500,1,completed,500
5933,Norway,Paid,Basic,Desktop,2024-01-05 02:52:00,17,100,0,form_started,0
5934,Sweden,Paid,Basic,Mobile,2024-01-05 02:53:00,5,100,1,completed,100
5935,Norway,Paid,Premium,Tablet,2024-01-05 02:54:00,17,300,0,signup,0
5936,Denmark,Paid,Basic,Mobile,2024-01-05 02:55:00,17,100,1,completed,100
5937,Norway,Paid,Basic,Tablet,2024-01-05 02:56:00,17,100,0,form_started,0
5938,Sweden,Direct,Premium,Desktop,2024-01-05 02:57:00,1,300,0,signup,0
5939,Sweden,Direct,Basic,Desktop,2024-01-05 02:58:00,2,100,0,signup,0
5940,Denmark,Organic,Premium,Tablet,2024-01-05 02:59:00,19,300,0,form_started,0
5941,Norway,Organic,Pro,Desktop,2024-01-05 03:00:00,9,500,0,form_started,0
5942,Norway,Paid,Premium,Mobile,2024-01-05 03:01:00,15,300,0,form_started,0
5943,Norway,Organic,Premium,Mobile,2024-01-05 03:02:00,19,300,1,completed,300
5944,Sweden,Organic,Premium,Tablet,2024-01-05 03:03:00,5,300,0,form_started,0
5945,Denmark,Paid,Pro,Mobile,2024-01-05 03:04:00,13,500,0,form_started,0
5946,Norway,Direct,Pro,Desktop,2024-01-05 03:05:00,4,500,1,completed,500
5947,Sweden,Direct,Pro,Desktop,2024-01-05 03:06:00,13,500,0,signup,0
5948,Sweden,Organic,Premium,Desktop,2024-01-05 03:07:00,6,300,0,signup,0
5949,Sweden,Direct,Premium,Mobile,2024-01-05 03:08:00,12,300,1,completed,300
5950,Norway,Direct,Premium,Desktop,2024-01-05 03:09:00,9,300,0,form_started,0
5951,Norway,Organic,Premium,Mobile,2024-01-05 03:10:00,15,300,0,signup,0
5952,Norway,Paid,Premium,Tablet,2024-01-05 03:11:00,15,300,0,signup,0
5953,Norway,Organic,Premium,Desktop,2024-01-05 03:12:00,17,300,0,signup,0
5954,Norway,Organic,Premium,Tablet,2024-01-05 03:13:00,5,300,0,signup,0
5955,Norway,Organic,Basic,Mobile,2024-01-05 03:14:00,5,100,0,form_started,0
5956,Norway,Paid,Pro,Mobile,2024-01-05 03:15:00,5,500,0,signup,0
5957,Norway,Paid,Basic,Tablet,2024-01-05 03:16:00,14,100,0,form_started,0
5958,Norway,Paid,Pro,Desktop,2024-01-05 03:17:00,2,500,1,completed,500
5959,Sweden,Paid,Premium,Desktop,2024-01-05 03:18:00,9,300,0,form_started,0
5960,Norway,Organic,Basic,Desktop,2024-01-05 03:19:00,14,100,1,completed,100
5961,Denmark,Direct,Premium,Tablet,2024-01-05 03:20:00,15,300,0,form_started,0
5962,Sweden,Organic,Basic,Mobile,2024-01-05 03:21:00,4,100,1,completed,100
5963,Norway,Paid,Basic,Tablet,2024-01-05 03:22:00,6,100,0,form_started,0
5964,Denmark,Direct,Premium,Mobile,2024-01-05 03:23:00,14,300,0,form_started,0
5965,Norway,Organic,Basic,Desktop,2024-01-05 03:24:00,5,100,0,form_started,0
5966,Denmark,Direct,Basic,Desktop,2024-01-05 03:25:00,11,100,1,completed,100
5967,Denmark,Paid,Pro,Mobile,2024-01-05 03:26:00,14,500,0,signup,0
5968,Denmark,Direct,Premium,Desktop,2024-01-05 03:27:00,7,300,0,signup,0
5969,Denmark,Direct,Premium,Tablet,2024-01-05 03:28:00,14,300,0,form_started,0
5970,Sweden,Paid,Basic,Mobile,2024-01-05 03:29:00,13,100,0,form_started,0
5971,Sweden,Direct,Premium,Desktop,2024-01-05 03:30:00,18,300,0,form_started,0
5972,Denmark,Organic,Pro,Desktop,2024-01-05 03:31:00,2,500,1,completed,500
5973,Norway,Direct,Pro,Desktop,2024-01-05 03:32:00,9,500,0,form_started,0
5974,Denmark,Organic,Premium,Desktop,2024-01-05 03:33:00,11,300,0,form_started,0
5975,Sweden,Direct,Premium,Mobile,2024-01-05 03:34:00,11,300,0,form_started,0
5976,Norway,Direct,Pro,Mobile,2024-01-05 03:35:00,6,500,1,completed,500
5977,Sweden,Paid,Premium,Desktop,2024-01-05 03:36:00,1,300,0,signup,0
5978,Sweden,Paid,Basic,Tablet,2024-01-05 03:37:00,5,100,0,signup,0
5979,Norway,Organic,Premium,Tablet,2024-01-05 03:38:00,14,300,0,signup,0
5980,Denmark,Paid,Basic,Tablet,2024-01-05 03:39:00,16,100,0,signup,0
5981,Denmark,Paid,Pro,Tablet,2024-01-05 03:40:00,9,500,1,completed,500
5982,Denmark,Paid,Premium,Mobile,2024-01-05 03:41:00,19,300,0,signup,0
5983,Denmark,Paid,Pro,Mobile,2024-01-05 03:42:00,8,500,1,completed,500
5984,Norway,Paid,Premium,Tablet,2024-01-05 03:43:00,8,300,0,form_started,0
5985,Norway,Organic,Basic,Mobile,2024-01-05 03:44:00,16,100,0,signup,0
5986,Norway,Organic,Premium,Tablet,2024-01-05 03:45:00,18,300,0,form_started,0
5987,Sweden,Paid,Pro,Desktop,2024-01-05 03:46:00,8,500,1,completed,500
5988,Norway,Paid,Basic,Desktop,2024-01-05 03:47:00,9,100,0,signup,0
5989,Denmark,Organic,Premium,Tablet,2024-01-05 03:48:00,5,300,1,completed,300
5990,Sweden,Direct,Pro,Mobile,2024-01-05 03:49:00,2,500,1,completed,500
5991,Denmark,Organic,Pro,Tablet,2024-01-05 03:50:00,14,500,0,signup,0
5992,Denmark,Direct,Premium,Mobile,2024-01-05 03:51:00,18,300,0,form_started,0
5993,Norway,Paid,Pro,Desktop,2024-01-05 03:52:00,13,500,1,completed,500
5994,Norway,Paid,Basic,Mobile,2024-01-05 03:53:00,12,100,0,form_started,0
5995,Denmark,Organic,Premium,Tablet,2024-01-05 03:54:00,15,300,1,completed,300
5996,Denmark,Paid,Basic,Desktop,2024-01-05 03:55:00,15,100,0,signup,0
5997,Sweden,Direct,Pro,Desktop,2024-01-05 03:56:00,1,500,0,signup,0
5998,Norway,Direct,Pro,Mobile,2024-01-05 03:57:00,7,500,0,form_started,0
5999,Sweden,Organic,Pro,Desktop,2024-01-05 03:58:00,13,500,0,signup,0
6000,Sweden,Direct,Basic,Desktop,2024-01-05 03:59:00,18,100,0,form_started,0
6001,Sweden,Organic,Pro,Mobile,2024-01-05 04:00:00,1,500,0,signup,0
6002,Denmark,Organic,Premium,Desktop,2024-01-05 04:01:00,11,300,1,completed,300
6003,Sweden,Direct,Premium,Tablet,2024-01-05 04:02:00,13,300,1,completed,300
6004,Sweden,Direct,Pro,Mobile,2024-01-05 04:03:00,9,500,0,form_started,0
6005,Denmark,Direct,Premium,Mobile,2024-01-05 04:04:00,16,300,0,form_started,0
6006,Norway,Direct,Basic,Mobile,2024-01-05 04:05:00,11,100,1,completed,100
6007,Norway,Direct,Basic,Mobile,2024-01-05 04:06:00,3,100,0,form_started,0
6008,Sweden,Direct,Pro,Tablet,2024-01-05 04:07:00,17,500,1,completed,500
6009,Denmark,Direct,Premium,Mobile,2024-01-05 04:08:00,2,300,0,signup,0
6010,Norway,Paid,Premium,Tablet,2024-01-05 04:09:00,9,300,1,completed,300
6011,Sweden,Organic,Pro,Mobile,2024-01-05 04:10:00,9,500,0,form_started,0
6012,Sweden,Organic,Basic,Mobile,2024-01-05 04:11:00,16,100,0,signup,0
6013,Denmark,Direct,Pro,Desktop,2024-01-05 04:12:00,1,500,0,signup,0
6014,Sweden,Organic,Premium,Desktop,2024-01-05 04:13:00,17,300,0,signup,0
6015,Norway,Direct,Premium,Tablet,2024-01-05 04:14:00,10,300,0,form_started,0
6016,Denmark,Paid,Pro,Desktop,2024-01-05 04:15:00,5,500,0,signup,0
6017,Norway,Organic,Basic,Mobile,2024-01-05 04:16:00,8,100,0,form_started,0
6018,Norway,Organic,Basic,Tablet,2024-01-05 04:17:00,13,100,1,completed,100
6019,Norway,Paid,Pro,Desktop,2024-01-05 04:18:00,5,500,0,form_started,0
6020,Sweden,Paid,Premium,Mobile,2024-01-05 04:19:00,4,300,0,signup,0
6021,Sweden,Paid,Basic,Desktop,2024-01-05 04:20:00,8,100,0,form_started,0
6022,Norway,Organic,Pro,Desktop,2024-01-05 04:21:00,7,500,0,form_started,0
6023,Norway,Organic,Premium,Desktop,2024-01-05 04:22:00,5,300,1,completed,300
6024,Denmark,Paid,Basic,Desktop,2024-01-05 04:23:00,10,100,1,completed,100
6025,Denmark,Paid,Basic,Mobile,2024-01-05 04:24:00,17,100,1,completed,100
6026,Sweden,Paid,Pro,Desktop,2024-01-05 04:25:00,6,500,1,completed,500
6027,Sweden,Paid,Premium,Tablet,2024-01-05 04:26:00,10,300,1,completed,300
6028,Denmark,Paid,Basic,Tablet,2024-01-05 04:27:00,16,100,0,form_started,0
6029,Norway,Direct,Pro,Desktop,2024-01-05 04:28:00,10,500,0,signup,0
6030,Sweden,Paid,Basic,Tablet,2024-01-05 04:29:00,4,100,0,form_started,0
6031,Norway,Direct,Premium,Desktop,2024-01-05 04:30:00,2,300,1,completed,300
6032,Denmark,Organic,Basic,Mobile,2024-01-05 04:31:00,1,100,0,form_started,0
6033,Sweden,Organic,Premium,Mobile,2024-01-05 04:32:00,3,300,0,signup,0
6034,Sweden,Direct,Basic,Tablet,2024-01-05 04:33:00,13,100,1,completed,100
6035,Denmark,Paid,Basic,Tablet,2024-01-05 04:34:00,12,100,0,form_started,0
6036,Sweden,Organic,Pro,Desktop,2024-01-05 04:35:00,1,500,1,completed,500
6037,Denmark,Paid,Basic,Desktop,2024-01-05 04:36:00,10,100,1,completed,100
6038,Sweden,Paid,Premium,Desktop,2024-01-05 04:37:00,6,300,1,completed,300
6039,Denmark,Direct,Pro,Mobile,2024-01-05 04:38:00,9,500,1,completed,500
6040,Sweden,Organic,Premium,Desktop,2024-01-05 04:39:00,1,300,1,completed,300
6041,Norway,Organic,Premium,Mobile,2024-01-05 04:40:00,12,300,1,completed,300
6042,Norway,Direct,Pro,Tablet,2024-01-05 04:41:00,5,500,0,form_started,0
6043,Norway,Paid,Premium,Mobile,2024-01-05 04:42:00,1,300,1,completed,300
6044,Sweden,Paid,Basic,Tablet,2024-01-05 04:43:00,2,100,1,completed,100
6045,Sweden,Organic,Pro,Mobile,2024-01-05 04:44:00,14,500,0,form_started,0
6046,Norway,Direct,Basic,Mobile,2024-01-05 04:45:00,2,100,0,signup,0
6047,Norway,Direct,Basic,Desktop,2024-01-05 04:46:00,5,100,0,form_started,0
6048,Denmark,Paid,Premium,Tablet,2024-01-05 04:47:00,10,300,0,form_started,0
6049,Denmark,Paid,Premium,Mobile,2024-01-05 04:48:00,6,300,0,signup,0
6050,Denmark,Direct,Basic,Mobile,2024-01-05 04:49:00,5,100,1,completed,100
6051,Norway,Organic,Pro,Tablet,2024-01-05 04:50:00,2,500,0,form_started,0
6052,Norway,Paid,Basic,Mobile,2024-01-05 04:51:00,9,100,0,form_started,0
6053,Norway,Direct,Basic,Tablet,2024-01-05 04:52:00,10,100,0,form_started,0
6054,Denmark,Direct,Premium,Tablet,2024-01-05 04:53:00,8,300,0,form_started,0
6055,Sweden,Direct,Premium,Tablet,2024-01-05 04:54:00,6,300,0,signup,0
6056,Norway,Organic,Basic,Mobile,2024-01-05 04:55:00,5,100,0,signup,0
6057,Sweden,Paid,Basic,Mobile,2024-01-05 04:56:00,18,100,1,completed,100
6058,Sweden,Paid,Premium,Desktop,2024-01-05 04:57:00,18,300,1,completed,300
6059,Sweden,Paid,Basic,Tablet,2024-01-05 04:58:00,2,100,1,completed,100
6060,Denmark,Organic,Premium,Mobile,2024-01-05 04:59:00,12,300,0,signup,0
6061,Sweden,Paid,Basic,Mobile,2024-01-05 05:00:00,8,100,1,completed,100
6062,Norway,Paid,Pro,Tablet,2024-01-05 05:01:00,4,500,1,completed,500
6063,Denmark,Paid,Pro,Tablet,2024-01-05 05:02:00,4,500,1,completed,500
6064,Norway,Paid,Basic,Tablet,2024-01-05 05:03:00,9,100,0,form_started,0
6065,Norway,Organic,Premium,Desktop,2024-01-05 05:04:00,9,300,0,form_started,0
6066,Denmark,Direct,Basic,Desktop,2024-01-05 05:05:00,12,100,0,form_started,0
6067,Norway,Direct,Basic,Desktop,2024-01-05 05:06:00,14,100,1,completed,100
6068,Norway,Paid,Premium,Tablet,2024-01-05 05:07:00,3,300,0,form_started,0
6069,Denmark,Paid,Basic,Mobile,2024-01-05 05:08:00,6,100,0,signup,0
6070,Norway,Paid,Premium,Tablet,2024-01-05 05:09:00,15,300,0,signup,0
6071,Sweden,Organic,Basic,Mobile,2024-01-05 05:10:00,19,100,1,completed,100
6072,Norway,Paid,Premium,Desktop,2024-01-05 05:11:00,4,300,1,completed,300
6073,Sweden,Organic,Basic,Desktop,2024-01-05 05:12:00,1,100,1,completed,100
6074,Norway,Paid,Pro,Desktop,2024-01-05 05:13:00,9,500,1,completed,500
6075,Denmark,Paid,Premium,Mobile,2024-01-05 05:14:00,16,300,0,form_started,0
6076,Denmark,Direct,Pro,Mobile,2024-01-05 05:15:00,9,500,0,signup,0
6077,Norway,Paid,Premium,Tablet,2024-01-05 05:16:00,12,300,1,completed,300
6078,Denmark,Organic,Premium,Tablet,2024-01-05 05:17:00,14,300,1,completed,300
6079,Norway,Direct,Premium,Tablet,2024-01-05 05:18:00,15,300,1,completed,300
6080,Denmark,Organic,Premium,Desktop,2024-01-05 05:19:00,16,300,0,signup,0
6081,Sweden,Direct,Basic,Tablet,2024-01-05 05:20:00,8,100,0,signup,0
6082,Norway,Organic,Basic,Desktop,2024-01-05 05:21:00,10,100,0,signup,0
6083,Sweden,Direct,Premium,Mobile,2024-01-05 05:22:00,14,300,0,signup,0
6084,Sweden,Organic,Basic,Desktop,2024-01-05 05:23:00,17,100,0,form_started,0
6085,Norway,Organic,Premium,Desktop,2024-01-05 05:24:00,3,300,1,completed,300
6086,Sweden,Paid,Premium,Desktop,2024-01-05 05:25:00,4,300,1,completed,300
6087,Norway,Direct,Pro,Mobile,2024-01-05 05:26:00,16,500,0,form_started,0
6088,Sweden,Direct,Premium,Mobile,2024-01-05 05:27:00,14,300,0,signup,0
6089,Norway,Paid,Premium,Tablet,2024-01-05 05:28:00,14,300,1,completed,300
6090,Norway,Organic,Basic,Tablet,2024-01-05 05:29:00,16,100,0,signup,0
6091,Denmark,Organic,Premium,Tablet,2024-01-05 05:30:00,8,300,1,completed,300
6092,Norway,Direct,Premium,Mobile,2024-01-05 05:31:00,18,300,0,signup,0
6093,Norway,Organic,Pro,Mobile,2024-01-05 05:32:00,7,500,0,signup,0
6094,Sweden,Direct,Basic,Mobile,2024-01-05 05:33:00,3,100,0,form_started,0
6095,Norway,Direct,Basic,Mobile,2024-01-05 05:34:00,6,100,0,signup,0
6096,Denmark,Organic,Pro,Mobile,2024-01-05 05:35:00,16,500,0,signup,0
6097,Sweden,Organic,Premium,Desktop,2024-01-05 05:36:00,4,300,1,completed,300
6098,Sweden,Organic,Pro,Tablet,2024-01-05 05:37:00,19,500,0,signup,0
6099,Denmark,Paid,Basic,Desktop,2024-01-05 05:38:00,2,100,1,completed,100
6100,Sweden,Direct,Pro,Tablet,2024-01-05 05:39:00,4,500,1,completed,500
6101,Sweden,Organic,Basic,Desktop,2024-01-05 05:40:00,2,100,0,form_started,0
6102,Sweden,Paid,Pro,Mobile,2024-01-05 05:41:00,7,500,0,signup,0
6103,Sweden,Organic,Premium,Tablet,2024-01-05 05:42:00,15,300,1,completed,300
6104,Denmark,Direct,Premium,Desktop,2024-01-05 05:43:00,17,300,0,signup,0
6105,Denmark,Paid,Basic,Tablet,2024-01-05 05:44:00,14,100,1,completed,100
6106,Sweden,Direct,Pro,Mobile,2024-01-05 05:45:00,11,500,0,signup,0
6107,Sweden,Organic,Basic,Mobile,2024-01-05 05:46:00,17,100,1,completed,100
6108,Denmark,Organic,Premium,Tablet,2024-01-05 05:47:00,5,300,1,completed,300
6109,Denmark,Organic,Basic,Tablet,2024-01-05 05:48:00,14,100,0,signup,0
6110,Denmark,Paid,Premium,Mobile,2024-01-05 05:49:00,17,300,0,signup,0
6111,Sweden,Paid,Basic,Mobile,2024-01-05 05:50:00,2,100,0,signup,0
6112,Sweden,Paid,Pro,Mobile,2024-01-05 05:51:00,7,500,0,form_started,0
6113,Norway,Paid,Premium,Desktop,2024-01-05 05:52:00,4,300,1,completed,300
6114,Denmark,Organic,Basic,Tablet,2024-01-05 05:53:00,8,100,0,form_started,0
6115,Sweden,Organic,Premium,Mobile,2024-01-05 05:54:00,1,300,0,signup,0
6116,Denmark,Organic,Pro,Tablet,2024-01-05 05:55:00,10,500,1,completed,500
6117,Sweden,Paid,Premium,Desktop,2024-01-05 05:56:00,1,300,1,completed,300
6118,Denmark,Paid,Pro,Desktop,2024-01-05 05:57:00,1,500,0,form_started,0
6119,Sweden,Organic,Premium,Mobile,2024-01-05 05:58:00,4,300,1,completed,300
6120,Norway,Organic,Pro,Tablet,2024-01-05 05:59:00,17,500,0,signup,0
6121,Norway,Paid,Premium,Desktop,2024-01-05 06:00:00,5,300,1,completed,300
6122,Denmark,Direct,Pro,Tablet,2024-01-05 06:01:00,14,500,0,form_started,0
6123,Sweden,Organic,Basic,Tablet,2024-01-05 06:02:00,6,100,1,completed,100
6124,Sweden,Organic,Basic,Mobile,2024-01-05 06:03:00,7,100,1,completed,100
6125,Denmark,Organic,Premium,Desktop,2024-01-05 06:04:00,8,300,0,signup,0
6126,Sweden,Paid,Pro,Desktop,2024-01-05 06:05:00,18,500,0,signup,0
6127,Denmark,Organic,Basic,Desktop,2024-01-05 06:06:00,4,100,0,form_started,0
6128,Sweden,Organic,Premium,Tablet,2024-01-05 06:07:00,3,300,1,completed,300
6129,Denmark,Organic,Basic,Desktop,2024-01-05 06:08:00,4,100,1,completed,100
6130,Sweden,Organic,Pro,Desktop,2024-01-05 06:09:00,16,500,1,completed,500
6131,Denmark,Organic,Premium,Tablet,2024-01-05 06:10:00,13,300,1,completed,300
6132,Sweden,Direct,Pro,Desktop,2024-01-05 06:11:00,11,500,1,completed,500
6133,Norway,Direct,Pro,Desktop,2024-01-05 06:12:00,11,500,1,completed,500
6134,Sweden,Organic,Pro,Tablet,2024-01-05 06:13:00,5,500,1,completed,500
6135,Denmark,Organic,Basic,Desktop,2024-01-05 06:14:00,1,100,0,form_started,0
6136,Norway,Organic,Premium,Mobile,2024-01-05 06:15:00,14,300,1,completed,300
6137,Sweden,Organic,Pro,Tablet,2024-01-05 06:16:00,19,500,0,signup,0
6138,Norway,Paid,Basic,Desktop,2024-01-05 06:17:00,5,100,1,completed,100
6139,Sweden,Paid,Pro,Mobile,2024-01-05 06:18:00,6,500,0,signup,0
6140,Norway,Paid,Basic,Tablet,2024-01-05 06:19:00,19,100,0,signup,0
6141,Denmark,Direct,Premium,Desktop,2024-01-05 06:20:00,12,300,0,form_started,0
6142,Sweden,Organic,Premium,Tablet,2024-01-05 06:21:00,14,300,1,completed,300
6143,Sweden,Paid,Premium,Mobile,2024-01-05 06:22:00,17,300,0,form_started,0
6144,Denmark,Organic,Premium,Tablet,2024-01-05 06:23:00,7,300,1,completed,300
6145,Norway,Organic,Pro,Desktop,2024-01-05 06:24:00,1,500,0,form_started,0
6146,Denmark,Direct,Basic,Mobile,2024-01-05 06:25:00,17,100,0,signup,0
6147,Denmark,Direct,Premium,Tablet,2024-01-05 06:26:00,6,300,0,form_started,0
6148,Norway,Paid,Pro,Desktop,2024-01-05 06:27:00,4,500,0,form_started,0
6149,Denmark,Paid,Premium,Desktop,2024-01-05 06:28:00,14,300,0,signup,0
6150,Sweden,Direct,Premium,Mobile,2024-01-05 06:29:00,8,300,0,form_started,0
6151,Sweden,Direct,Premium,Mobile,2024-01-05 06:30:00,18,300,0,form_started,0
6152,Sweden,Organic,Basic,Tablet,2024-01-05 06:31:00,13,100,0,signup,0
6153,Denmark,Organic,Basic,Desktop,2024-01-05 06:32:00,8,100,0,form_started,0
6154,Sweden,Paid,Basic,Mobile,2024-01-05 06:33:00,16,100,1,completed,100
6155,Sweden,Paid,Premium,Desktop,2024-01-05 06:34:00,5,300,0,signup,0
6156,Sweden,Direct,Pro,Tablet,2024-01-05 06:35:00,3,500,0,form_started,0
6157,Sweden,Paid,Pro,Mobile,2024-01-05 06:36:00,13,500,0,signup,0
6158,Sweden,Organic,Pro,Tablet,2024-01-05 06:37:00,15,500,0,signup,0
6159,Sweden,Direct,Premium,Tablet,2024-01-05 06:38:00,4,300,0,signup,0
6160,Denmark,Organic,Basic,Mobile,2024-01-05 06:39:00,3,100,0,signup,0
6161,Sweden,Direct,Pro,Tablet,2024-01-05 06:40:00,2,500,1,completed,500
6162,Sweden,Direct,Premium,Desktop,2024-01-05 06:41:00,4,300,0,form_started,0
6163,Norway,Organic,Premium,Mobile,2024-01-05 06:42:00,6,300,0,signup,0
6164,Denmark,Paid,Pro,Desktop,2024-01-05 06:43:00,4,500,0,signup,0
6165,Denmark,Paid,Pro,Tablet,2024-01-05 06:44:00,17,500,0,signup,0
6166,Denmark,Paid,Premium,Mobile,2024-01-05 06:45:00,7,300,0,form_started,0
6167,Denmark,Paid,Pro,Desktop,2024-01-05 06:46:00,18,500,0,signup,0
6168,Sweden,Organic,Premium,Desktop,2024-01-05 06:47:00,10,300,1,completed,300
6169,Sweden,Direct,Pro,Desktop,2024-01-05 06:48:00,17,500,0,signup,0
6170,Norway,Organic,Basic,Desktop,2024-01-05 06:49:00,4,100,0,form_started,0
6171,Norway,Paid,Premium,Desktop,2024-01-05 06:50:00,19,300,1,completed,300
6172,Denmark,Paid,Basic,Tablet,2024-01-05 06:51:00,7,100,0,form_started,0
6173,Norway,Organic,Pro,Tablet,2024-01-05 06:52:00,13,500,0,signup,0
6174,Norway,Direct,Premium,Tablet,2024-01-05 06:53:00,3,300,0,form_started,0
6175,Denmark,Organic,Pro,Tablet,2024-01-05 06:54:00,8,500,0,signup,0
6176,Denmark,Organic,Premium,Tablet,2024-01-05 06:55:00,11,300,1,completed,300
6177,Norway,Organic,Pro,Tablet,2024-01-05 06:56:00,16,500,0,signup,0
6178,Sweden,Direct,Basic,Tablet,2024-01-05 06:57:00,19,100,0,form_started,0
6179,Norway,Organic,Basic,Desktop,2024-01-05 06:58:00,9,100,1,completed,100
6180,Norway,Organic,Pro,Tablet,2024-01-05 06:59:00,10,500,0,signup,0
6181,Sweden,Paid,Basic,Desktop,2024-01-05 07:00:00,6,100,0,form_started,0
6182,Sweden,Organic,Basic,Mobile,2024-01-05 07:01:00,3,100,0,signup,0
6183,Denmark,Paid,Pro,Tablet,2024-01-05 07:02:00,8,500,1,completed,500
6184,Denmark,Paid,Premium,Desktop,2024-01-05 07:03:00,6,300,1,completed,300
6185,Norway,Paid,Pro,Mobile,2024-01-05 07:04:00,8,500,0,signup,0
6186,Sweden,Direct,Premium,Mobile,2024-01-05 07:05:00,14,300,1,completed,300
6187,Denmark,Paid,Basic,Desktop,2024-01-05 07:06:00,8,100,1,completed,100
6188,Norway,Organic,Basic,Desktop,2024-01-05 07:07:00,11,100,1,completed,100
6189,Sweden,Organic,Basic,Desktop,2024-01-05 07:08:00,10,100,0,form_started,0
6190,Norway,Paid,Basic,Tablet,2024-01-05 07:09:00,10,100,1,completed,100
6191,Denmark,Paid,Basic,Mobile,2024-01-05 07:10:00,11,100,0,signup,0
6192,Denmark,Organic,Premium,Tablet,2024-01-05 07:11:00,1,300,1,completed,300
6193,Sweden,Paid,Premium,Tablet,2024-01-05 07:12:00,15,300,0,form_started,0
6194,Norway,Direct,Premium,Tablet,2024-01-05 07:13:00,5,300,0,signup,0
6195,Sweden,Paid,Pro,Mobile,2024-01-05 07:14:00,14,500,1,completed,500
6196,Denmark,Direct,Basic,Mobile,2024-01-05 07:15:00,8,100,1,completed,100
6197,Denmark,Direct,Basic,Mobile,2024-01-05 07:16:00,17,100,0,signup,0
6198,Norway,Direct,Basic,Desktop,2024-01-05 07:17:00,4,100,0,form_started,0
6199,Norway,Paid,Pro,Tablet,2024-01-05 07:18:00,4,500,0,signup,0
6200,Norway,Direct,Pro,Desktop,2024-01-05 07:19:00,18,500,0,form_started,0
6201,Sweden,Direct,Pro,Desktop,2024-01-05 07:20:00,19,500,0,form_started,0
6202,Norway,Paid,Basic,Tablet,2024-01-05 07:21:00,3,100,0,form_started,0
6203,Norway,Direct,Premium,Mobile,2024-01-05 07:22:00,9,300,0,form_started,0
6204,Denmark,Paid,Pro,Tablet,2024-01-05 07:23:00,7,500,0,form_started,0
6205,Denmark,Organic,Pro,Desktop,2024-01-05 07:24:00,2,500,0,form_started,0
6206,Norway,Direct,Premium,Mobile,2024-01-05 07:25:00,9,300,1,completed,300
6207,Norway,Paid,Pro,Mobile,2024-01-05 07:26:00,6,500,0,form_started,0
6208,Denmark,Organic,Premium,Desktop,2024-01-05 07:27:00,6,300,1,completed,300
6209,Norway,Direct,Basic,Mobile,2024-01-05 07:28:00,16,100,1,completed,100
6210,Sweden,Direct,Premium,Mobile,2024-01-05 07:29:00,2,300,0,form_started,0
6211,Sweden,Paid,Premium,Tablet,2024-01-05 07:30:00,16,300,0,form_started,0
6212,Sweden,Organic,Basic,Tablet,2024-01-05 07:31:00,3,100,0,form_started,0
6213,Norway,Paid,Pro,Desktop,2024-01-05 07:32:00,16,500,0,signup,0
6214,Denmark,Direct,Basic,Desktop,2024-01-05 07:33:00,12,100,0,form_started,0
6215,Norway,Direct,Pro,Desktop,2024-01-05 07:34:00,3,500,0,form_started,0
6216,Norway,Direct,Pro,Mobile,2024-01-05 07:35:00,11,500,1,completed,500
6217,Denmark,Direct,Premium,Desktop,2024-01-05 07:36:00,11,300,0,signup,0
6218,Denmark,Organic,Basic,Tablet,2024-01-05 07:37:00,16,100,1,completed,100
6219,Denmark,Organic,Premium,Mobile,2024-01-05 07:38:00,5,300,0,form_started,0
6220,Sweden,Paid,Basic,Desktop,2024-01-05 07:39:00,8,100,0,form_started,0
6221,Norway,Paid,Basic,Mobile,2024-01-05 07:40:00,11,100,0,form_started,0
6222,Denmark,Paid,Premium,Mobile,2024-01-05 07:41:00,11,300,0,form_started,0
6223,Norway,Direct,Pro,Mobile,2024-01-05 07:42:00,18,500,1,completed,500
6224,Sweden,Paid,Pro,Desktop,2024-01-05 07:43:00,19,500,0,signup,0
6225,Sweden,Organic,Basic,Mobile,2024-01-05 07:44:00,10,100,0,signup,0
6226,Denmark,Paid,Pro,Mobile,2024-01-05 07:45:00,4,500,0,form_started,0
6227,Denmark,Paid,Premium,Mobile,2024-01-05 07:46:00,10,300,0,form_started,0
6228,Norway,Organic,Premium,Tablet,2024-01-05 07:47:00,14,300,1,completed,300
6229,Denmark,Organic,Premium,Desktop,2024-01-05 07:48:00,6,300,1,completed,300
6230,Norway,Direct,Basic,Tablet,2024-01-05 07:49:00,5,100,1,completed,100
6231,Denmark,Organic,Basic,Mobile,2024-01-05 07:50:00,15,100,0,form_started,0
6232,Norway,Organic,Pro,Mobile,2024-01-05 07:51:00,5,500,0,form_started,0
6233,Norway,Paid,Premium,Tablet,2024-01-05 07:52:00,6,300,0,signup,0
6234,Norway,Organic,Premium,Mobile,2024-01-05 07:53:00,19,300,1,completed,300
6235,Norway,Direct,Basic,Tablet,2024-01-05 07:54:00,17,100,0,form_started,0
6236,Sweden,Paid,Basic,Mobile,2024-01-05 07:55:00,14,100,1,completed,100
6237,Norway,Direct,Basic,Mobile,2024-01-05 07:56:00,11,100,1,completed,100
6238,Denmark,Organic,Premium,Mobile,2024-01-05 07:57:00,14,300,1,completed,300
6239,Sweden,Direct,Premium,Mobile,2024-01-05 07:58:00,5,300,0,form_started,0
6240,Sweden,Direct,Pro,Desktop,2024-01-05 07:59:00,13,500,0,signup,0
6241,Norway,Organic,Premium,Desktop,2024-01-05 08:00:00,12,300,1,completed,300
6242,Sweden,Organic,Pro,Desktop,2024-01-05 08:01:00,19,500,1,completed,500
6243,Norway,Paid,Pro,Tablet,2024-01-05 08:02:00,10,500,1,completed,500
6244,Denmark,Paid,Premium,Tablet,2024-01-05 08:03:00,13,300,0,signup,0
6245,Norway,Paid,Pro,Tablet,2024-01-05 08:04:00,15,500,1,completed,500
6246,Sweden,Organic,Pro,Tablet,2024-01-05 08:05:00,13,500,0,signup,0
6247,Denmark,Direct,Basic,Desktop,2024-01-05 08:06:00,4,100,0,form_started,0
6248,Norway,Direct,Premium,Tablet,2024-01-05 08:07:00,9,300,1,completed,300
6249,Denmark,Paid,Pro,Tablet,2024-01-05 08:08:00,19,500,0,form_started,0
6250,Denmark,Paid,Pro,Tablet,2024-01-05 08:09:00,7,500,1,completed,500
6251,Sweden,Organic,Pro,Mobile,2024-01-05 08:10:00,15,500,0,signup,0
6252,Denmark,Direct,Premium,Tablet,2024-01-05 08:11:00,17,300,0,form_started,0
6253,Sweden,Paid,Basic,Mobile,2024-01-05 08:12:00,14,100,0,form_started,0
6254,Denmark,Organic,Basic,Tablet,2024-01-05 08:13:00,14,100,0,signup,0
6255,Norway,Paid,Premium,Tablet,2024-01-05 08:14:00,9,300,0,signup,0
6256,Denmark,Organic,Premium,Mobile,2024-01-05 08:15:00,16,300,0,form_started,0
6257,Norway,Direct,Premium,Tablet,2024-01-05 08:16:00,2,300,1,completed,300
6258,Norway,Organic,Premium,Mobile,2024-01-05 08:17:00,14,300,0,form_started,0
6259,Denmark,Paid,Basic,Tablet,2024-01-05 08:18:00,4,100,1,completed,100
6260,Norway,Paid,Pro,Tablet,2024-01-05 08:19:00,3,500,0,signup,0
6261,Denmark,Direct,Pro,Mobile,2024-01-05 08:20:00,3,500,1,completed,500
6262,Denmark,Direct,Premium,Desktop,2024-01-05 08:21:00,11,300,0,form_started,0
6263,Norway,Paid,Premium,Mobile,2024-01-05 08:22:00,5,300,0,form_started,0
6264,Norway,Paid,Pro,Desktop,2024-01-05 08:23:00,16,500,1,completed,500
6265,Sweden,Paid,Basic,Mobile,2024-01-05 08:24:00,19,100,0,form_started,0
6266,Norway,Direct,Premium,Desktop,2024-01-05 08:25:00,9,300,1,completed,300
6267,Sweden,Paid,Premium,Tablet,2024-01-05 08:26:00,11,300,0,form_started,0
6268,Norway,Direct,Basic,Desktop,2024-01-05 08:27:00,12,100,1,completed,100
6269,Denmark,Paid,Basic,Tablet,2024-01-05 08:28:00,8,100,0,form_started,0
6270,Norway,Organic,Basic,Mobile,2024-01-05 08:29:00,14,100,0,signup,0
6271,Denmark,Organic,Premium,Desktop,2024-01-05 08:30:00,17,300,0,form_started,0
6272,Denmark,Paid,Basic,Tablet,2024-01-05 08:31:00,15,100,0,form_started,0
6273,Denmark,Organic,Premium,Mobile,2024-01-05 08:32:00,15,300,0,form_started,0
6274,Sweden,Direct,Premium,Desktop,2024-01-05 08:33:00,12,300,0,signup,0
6275,Norway,Organic,Basic,Tablet,2024-01-05 08:34:00,9,100,0,form_started,0
6276,Denmark,Organic,Pro,Desktop,2024-01-05 08:35:00,12,500,1,completed,500
6277,Denmark,Direct,Basic,Desktop,2024-01-05 08:36:00,19,100,1,completed,100
6278,Sweden,Organic,Pro,Tablet,2024-01-05 08:37:00,12,500,0,form_started,0
6279,Norway,Organic,Basic,Tablet,2024-01-05 08:38:00,11,100,0,signup,0
6280,Norway,Paid,Basic,Mobile,2024-01-05 08:39:00,6,100,0,form_started,0
6281,Sweden,Direct,Premium,Tablet,2024-01-05 08:40:00,8,300,1,completed,300
6282,Sweden,Direct,Premium,Tablet,2024-01-05 08:41:00,11,300,0,form_started,0
6283,Norway,Paid,Premium,Desktop,2024-01-05 08:42:00,3,300,0,form_started,0
6284,Sweden,Paid,Premium,Tablet,2024-01-05 08:43:00,16,300,0,signup,0
6285,Norway,Organic,Premium,Desktop,2024-01-05 08:44:00,6,300,0,signup,0
6286,Norway,Organic,Premium,Desktop,2024-01-05 08:45:00,9,300,0,signup,0
6287,Denmark,Organic,Premium,Tablet,2024-01-05 08:46:00,9,300,0,form_started,0
6288,Denmark,Paid,Pro,Tablet,2024-01-05 08:47:00,6,500,0,form_started,0
6289,Norway,Direct,Pro,Tablet,2024-01-05 08:48:00,5,500,1,completed,500
6290,Norway,Organic,Premium,Tablet,2024-01-05 08:49:00,1,300,0,signup,0
6291,Norway,Paid,Pro,Mobile,2024-01-05 08:50:00,3,500,0,signup,0
6292,Norway,Direct,Basic,Desktop,2024-01-05 08:51:00,3,100,1,completed,100
6293,Norway,Paid,Pro,Mobile,2024-01-05 08:52:00,12,500,0,form_started,0
6294,Norway,Organic,Premium,Mobile,2024-01-05 08:53:00,4,300,0,signup,0
6295,Sweden,Paid,Pro,Desktop,2024-01-05 08:54:00,16,500,1,completed,500
6296,Norway,Paid,Basic,Mobile,2024-01-05 08:55:00,11,100,0,signup,0
6297,Sweden,Paid,Pro,Tablet,2024-01-05 08:56:00,8,500,0,form_started,0
6298,Sweden,Paid,Premium,Tablet,2024-01-05 08:57:00,9,300,1,completed,300
6299,Norway,Direct,Basic,Tablet,2024-01-05 08:58:00,14,100,0,signup,0
6300,Norway,Organic,Basic,Tablet,2024-01-05 08:59:00,15,100,0,form_started,0
6301,Sweden,Direct,Pro,Desktop,2024-01-05 09:00:00,19,500,0,form_started,0
6302,Sweden,Paid,Basic,Tablet,2024-01-05 09:01:00,9,100,0,signup,0
6303,Norway,Paid,Basic,Desktop,2024-01-05 09:02:00,17,100,1,completed,100
6304,Norway,Organic,Basic,Desktop,2024-01-05 09:03:00,9,100,1,completed,100
6305,Sweden,Organic,Premium,Desktop,2024-01-05 09:04:00,3,300,0,signup,0
6306,Sweden,Direct,Basic,Desktop,2024-01-05 09:05:00,16,100,0,form_started,0
6307,Sweden,Direct,Pro,Mobile,2024-01-05 09:06:00,13,500,1,completed,500
6308,Denmark,Organic,Pro,Mobile,2024-01-05 09:07:00,17,500,1,completed,500
6309,Sweden,Direct,Basic,Tablet,2024-01-05 09:08:00,4,100,0,signup,0
6310,Denmark,Paid,Pro,Desktop,2024-01-05 09:09:00,9,500,0,signup,0
6311,Norway,Paid,Basic,Tablet,2024-01-05 09:10:00,9,100,1,completed,100
6312,Norway,Organic,Pro,Tablet,2024-01-05 09:11:00,18,500,1,completed,500
6313,Sweden,Direct,Basic,Tablet,2024-01-05 09:12:00,14,100,0,signup,0
6314,Norway,Paid,Basic,Tablet,2024-01-05 09:13:00,3,100,1,completed,100
6315,Norway,Organic,Basic,Desktop,2024-01-05 09:14:00,4,100,0,signup,0
6316,Norway,Direct,Premium,Desktop,2024-01-05 09:15:00,1,300,0,signup,0
6317,Norway,Paid,Pro,Mobile,2024-01-05 09:16:00,18,500,0,signup,0
6318,Denmark,Direct,Basic,Desktop,2024-01-05 09:17:00,4,100,0,form_started,0
6319,Denmark,Direct,Premium,Desktop,2024-01-05 09:18:00,10,300,1,completed,300
6320,Sweden,Direct,Premium,Tablet,2024-01-05 09:19:00,4,300,0,form_started,0
6321,Sweden,Organic,Basic,Desktop,2024-01-05 09:20:00,17,100,0,form_started,0
6322,Sweden,Paid,Basic,Tablet,2024-01-05 09:21:00,8,100,1,completed,100
6323,Norway,Organic,Basic,Desktop,2024-01-05 09:22:00,19,100,0,signup,0
6324,Norway,Paid,Basic,Mobile,2024-01-05 09:23:00,9,100,1,completed,100
6325,Denmark,Paid,Basic,Tablet,2024-01-05 09:24:00,16,100,1,completed,100
6326,Denmark,Organic,Pro,Desktop,2024-01-05 09:25:00,15,500,0,signup,0
6327,Sweden,Organic,Basic,Desktop,2024-01-05 09:26:00,16,100,0,form_started,0
6328,Denmark,Paid,Basic,Tablet,2024-01-05 09:27:00,12,100,1,completed,100
6329,Denmark,Paid,Pro,Mobile,2024-01-05 09:28:00,18,500,0,signup,0
6330,Denmark,Paid,Premium,Mobile,2024-01-05 09:29:00,7,300,0,form_started,0
6331,Denmark,Direct,Pro,Desktop,2024-01-05 09:30:00,16,500,1,completed,500
6332,Denmark,Paid,Premium,Desktop,2024-01-05 09:31:00,19,300,0,form_started,0
6333,Sweden,Organic,Premium,Desktop,2024-01-05 09:32:00,6,300,0,signup,0
6334,Sweden,Organic,Pro,Tablet,2024-01-05 09:33:00,6,500,0,signup,0
6335,Denmark,Organic,Basic,Tablet,2024-01-05 09:34:00,6,100,1,completed,100
6336,Sweden,Paid,Premium,Tablet,2024-01-05 09:35:00,15,300,0,signup,0
6337,Norway,Paid,Basic,Desktop,2024-01-05 09:36:00,2,100,0,signup,0
6338,Denmark,Direct,Pro,Mobile,2024-01-05 09:37:00,9,500,0,signup,0
6339,Norway,Direct,Premium,Tablet,2024-01-05 09:38:00,8,300,0,signup,0
6340,Sweden,Organic,Basic,Mobile,2024-01-05 09:39:00,7,100,1,completed,100
6341,Sweden,Direct,Premium,Desktop,2024-01-05 09:40:00,16,300,0,signup,0
6342,Norway,Direct,Premium,Tablet,2024-01-05 09:41:00,15,300,0,signup,0
6343,Sweden,Organic,Pro,Tablet,2024-01-05 09:42:00,9,500,0,signup,0
6344,Denmark,Paid,Basic,Tablet,2024-01-05 09:43:00,15,100,1,completed,100
6345,Norway,Direct,Basic,Desktop,2024-01-05 09:44:00,2,100,0,signup,0
6346,Denmark,Paid,Premium,Desktop,2024-01-05 09:45:00,14,300,0,form_started,0
6347,Norway,Organic,Basic,Desktop,2024-01-05 09:46:00,11,100,1,completed,100
6348,Sweden,Organic,Premium,Mobile,2024-01-05 09:47:00,3,300,1,completed,300
6349,Norway,Direct,Pro,Mobile,2024-01-05 09:48:00,2,500,0,signup,0
6350,Norway,Organic,Pro,Tablet,2024-01-05 09:49:00,18,500,1,completed,500
6351,Denmark,Organic,Basic,Tablet,2024-01-05 09:50:00,14,100,1,completed,100
6352,Sweden,Organic,Pro,Desktop,2024-01-05 09:51:00,5,500,1,completed,500
6353,Denmark,Direct,Pro,Desktop,2024-01-05 09:52:00,12,500,0,form_started,0
6354,Sweden,Direct,Basic,Desktop,2024-01-05 09:53:00,14,100,1,completed,100
6355,Denmark,Direct,Premium,Tablet,2024-01-05 09:54:00,6,300,0,form_started,0
6356,Norway,Organic,Pro,Desktop,2024-01-05 09:55:00,8,500,0,form_started,0
6357,Denmark,Paid,Basic,Mobile,2024-01-05 09:56:00,7,100,0,signup,0
6358,Sweden,Organic,Basic,Mobile,2024-01-05 09:57:00,7,100,0,form_started,0
6359,Sweden,Direct,Basic,Tablet,2024-01-05 09:58:00,12,100,1,completed,100
6360,Norway,Paid,Pro,Tablet,2024-01-05 09:59:00,7,500,0,form_started,0
6361,Sweden,Paid,Pro,Mobile,2024-01-05 10:00:00,12,500,0,signup,0
6362,Denmark,Direct,Premium,Desktop,2024-01-05 10:01:00,16,300,0,signup,0
6363,Norway,Paid,Premium,Tablet,2024-01-05 10:02:00,7,300,0,signup,0
6364,Sweden,Paid,Premium,Tablet,2024-01-05 10:03:00,8,300,0,signup,0
6365,Sweden,Direct,Premium,Tablet,2024-01-05 10:04:00,1,300,1,completed,300
6366,Denmark,Paid,Premium,Mobile,2024-01-05 10:05:00,13,300,1,completed,300
6367,Denmark,Paid,Premium,Tablet,2024-01-05 10:06:00,19,300,0,signup,0
6368,Norway,Direct,Basic,Mobile,2024-01-05 10:07:00,1,100,0,signup,0
6369,Sweden,Paid,Premium,Mobile,2024-01-05 10:08:00,18,300,0,form_started,0
6370,Denmark,Paid,Pro,Desktop,2024-01-05 10:09:00,7,500,1,completed,500
6371,Norway,Paid,Premium,Desktop,2024-01-05 10:10:00,17,300,0,form_started,0
6372,Sweden,Paid,Pro,Desktop,2024-01-05 10:11:00,15,500,0,form_started,0
6373,Sweden,Direct,Premium,Tablet,2024-01-05 10:12:00,19,300,0,signup,0
6374,Norway,Organic,Basic,Mobile,2024-01-05 10:13:00,4,100,0,form_started,0
6375,Norway,Organic,Basic,Tablet,2024-01-05 10:14:00,17,100,0,signup,0
6376,Denmark,Paid,Pro,Mobile,2024-01-05 10:15:00,7,500,1,completed,500
6377,Sweden,Direct,Premium,Tablet,2024-01-05 10:16:00,16,300,1,completed,300
6378,Sweden,Direct,Basic,Mobile,2024-01-05 10:17:00,17,100,0,signup,0
6379,Sweden,Paid,Basic,Desktop,2024-01-05 10:18:00,15,100,1,completed,100
6380,Norway,Organic,Premium,Desktop,2024-01-05 10:19:00,9,300,1,completed,300
6381,Denmark,Paid,Pro,Tablet,2024-01-05 10:20:00,13,500,1,completed,500
6382,Sweden,Direct,Pro,Mobile,2024-01-05 10:21:00,7,500,1,completed,500
6383,Norway,Direct,Pro,Desktop,2024-01-05 10:22:00,19,500,1,completed,500
6384,Sweden,Organic,Basic,Mobile,2024-01-05 10:23:00,11,100,0,signup,0
6385,Denmark,Direct,Premium,Tablet,2024-01-05 10:24:00,8,300,0,form_started,0
6386,Sweden,Direct,Basic,Desktop,2024-01-05 10:25:00,17,100,1,completed,100
6387,Denmark,Direct,Basic,Tablet,2024-01-05 10:26:00,4,100,0,form_started,0
6388,Denmark,Organic,Basic,Tablet,2024-01-05 10:27:00,4,100,1,completed,100
6389,Sweden,Direct,Basic,Mobile,2024-01-05 10:28:00,18,100,1,completed,100
6390,Sweden,Paid,Premium,Tablet,2024-01-05 10:29:00,17,300,0,signup,0
6391,Denmark,Organic,Basic,Tablet,2024-01-05 10:30:00,3,100,0,form_started,0
6392,Norway,Paid,Basic,Mobile,2024-01-05 10:31:00,9,100,0,form_started,0
6393,Denmark,Paid,Pro,Mobile,2024-01-05 10:32:00,6,500,0,form_started,0
6394,Sweden,Organic,Basic,Tablet,2024-01-05 10:33:00,2,100,0,form_started,0
6395,Sweden,Paid,Premium,Desktop,2024-01-05 10:34:00,12,300,0,signup,0
6396,Norway,Organic,Basic,Desktop,2024-01-05 10:35:00,15,100,0,signup,0
6397,Denmark,Paid,Premium,Mobile,2024-01-05 10:36:00,9,300,0,form_started,0
6398,Denmark,Organic,Premium,Tablet,2024-01-05 10:37:00,2,300,0,form_started,0
6399,Denmark,Direct,Premium,Desktop,2024-01-05 10:38:00,12,300,1,completed,300
6400,Sweden,Direct,Pro,Mobile,2024-01-05 10:39:00,16,500,1,completed,500
6401,Denmark,Paid,Pro,Mobile,2024-01-05 10:40:00,7,500,0,signup,0
6402,Norway,Direct,Basic,Mobile,2024-01-05 10:41:00,1,100,0,signup,0
6403,Sweden,Organic,Basic,Tablet,2024-01-05 10:42:00,7,100,1,completed,100
6404,Sweden,Paid,Basic,Mobile,2024-01-05 10:43:00,3,100,0,form_started,0
6405,Denmark,Direct,Premium,Desktop,2024-01-05 10:44:00,5,300,0,signup,0
6406,Norway,Direct,Premium,Tablet,2024-01-05 10:45:00,3,300,0,form_started,0
6407,Sweden,Paid,Premium,Desktop,2024-01-05 10:46:00,15,300,0,form_started,0
6408,Sweden,Direct,Basic,Desktop,2024-01-05 10:47:00,6,100,0,signup,0
6409,Denmark,Direct,Basic,Desktop,2024-01-05 10:48:00,15,100,0,signup,0
6410,Denmark,Paid,Basic,Tablet,2024-01-05 10:49:00,3,100,0,form_started,0
6411,Norway,Direct,Basic,Desktop,2024-01-05 10:50:00,1,100,0,form_started,0
6412,Denmark,Direct,Pro,Mobile,2024-01-05 10:51:00,2,500,0,signup,0
6413,Norway,Direct,Pro,Mobile,2024-01-05 10:52:00,4,500,0,form_started,0
6414,Sweden,Direct,Pro,Desktop,2024-01-05 10:53:00,14,500,0,form_started,0
6415,Norway,Paid,Basic,Mobile,2024-01-05 10:54:00,14,100,0,form_started,0
6416,Norway,Organic,Pro,Tablet,2024-01-05 10:55:00,10,500,1,completed,500
6417,Norway,Organic,Pro,Tablet,2024-01-05 10:56:00,11,500,0,form_started,0
6418,Sweden,Direct,Basic,Mobile,2024-01-05 10:57:00,4,100,0,form_started,0
6419,Denmark,Direct,Pro,Mobile,2024-01-05 10:58:00,15,500,0,signup,0
6420,Sweden,Organic,Basic,Tablet,2024-01-05 10:59:00,4,100,1,completed,100
6421,Denmark,Direct,Basic,Desktop,2024-01-05 11:00:00,16,100,1,completed,100
6422,Norway,Organic,Basic,Tablet,2024-01-05 11:01:00,2,100,0,form_started,0
6423,Norway,Paid,Premium,Desktop,2024-01-05 11:02:00,13,300,0,form_started,0
6424,Norway,Paid,Basic,Mobile,2024-01-05 11:03:00,8,100,0,form_started,0
6425,Norway,Paid,Pro,Mobile,2024-01-05 11:04:00,13,500,0,signup,0
6426,Norway,Paid,Pro,Desktop,2024-01-05 11:05:00,8,500,1,completed,500
6427,Denmark,Paid,Basic,Desktop,2024-01-05 11:06:00,4,100,0,signup,0
6428,Denmark,Paid,Premium,Tablet,2024-01-05 11:07:00,5,300,0,signup,0
6429,Norway,Organic,Premium,Desktop,2024-01-05 11:08:00,6,300,0,signup,0
6430,Sweden,Direct,Premium,Mobile,2024-01-05 11:09:00,19,300,0,signup,0
6431,Sweden,Organic,Pro,Mobile,2024-01-05 11:10:00,10,500,1,completed,500
6432,Norway,Paid,Premium,Mobile,2024-01-05 11:11:00,3,300,0,signup,0
6433,Denmark,Direct,Premium,Desktop,2024-01-05 11:12:00,13,300,0,form_started,0
6434,Sweden,Direct,Basic,Desktop,2024-01-05 11:13:00,9,100,1,completed,100
6435,Sweden,Paid,Premium,Mobile,2024-01-05 11:14:00,17,300,0,form_started,0
6436,Sweden,Paid,Premium,Desktop,2024-01-05 11:15:00,10,300,1,completed,300
6437,Norway,Paid,Premium,Tablet,2024-01-05 11:16:00,12,300,0,form_started,0
6438,Sweden,Paid,Basic,Tablet,2024-01-05 11:17:00,13,100,0,signup,0
6439,Sweden,Paid,Basic,Desktop,2024-01-05 11:18:00,10,100,1,completed,100
6440,Sweden,Paid,Premium,Desktop,2024-01-05 11:19:00,19,300,1,completed,300
6441,Sweden,Direct,Pro,Mobile,2024-01-05 11:20:00,19,500,0,signup,0
6442,Denmark,Paid,Pro,Desktop,2024-01-05 11:21:00,17,500,1,completed,500
6443,Norway,Paid,Basic,Mobile,2024-01-05 11:22:00,5,100,1,completed,100
6444,Norway,Direct,Premium,Tablet,2024-01-05 11:23:00,8,300,1,completed,300
6445,Denmark,Organic,Pro,Desktop,2024-01-05 11:24:00,5,500,0,signup,0
6446,Denmark,Paid,Premium,Tablet,2024-01-05 11:25:00,15,300,0,signup,0
6447,Norway,Direct,Basic,Desktop,2024-01-05 11:26:00,4,100,0,signup,0
6448,Sweden,Direct,Pro,Desktop,2024-01-05 11:27:00,13,500,1,completed,500
6449,Sweden,Organic,Basic,Mobile,2024-01-05 11:28:00,17,100,0,signup,0
6450,Norway,Paid,Premium,Mobile,2024-01-05 11:29:00,5,300,1,completed,300
6451,Sweden,Paid,Basic,Desktop,2024-01-05 11:30:00,1,100,0,form_started,0
6452,Denmark,Paid,Basic,Desktop,2024-01-05 11:31:00,15,100,0,signup,0
6453,Sweden,Direct,Basic,Mobile,2024-01-05 11:32:00,10,100,0,form_started,0
6454,Sweden,Paid,Basic,Tablet,2024-01-05 11:33:00,11,100,0,signup,0
6455,Sweden,Paid,Pro,Desktop,2024-01-05 11:34:00,18,500,1,completed,500
6456,Norway,Paid,Premium,Mobile,2024-01-05 11:35:00,13,300,0,signup,0
6457,Denmark,Paid,Pro,Desktop,2024-01-05 11:36:00,16,500,0,signup,0
6458,Sweden,Organic,Premium,Mobile,2024-01-05 11:37:00,19,300,0,form_started,0
6459,Norway,Organic,Premium,Tablet,2024-01-05 11:38:00,12,300,1,completed,300
6460,Sweden,Organic,Premium,Desktop,2024-01-05 11:39:00,14,300,1,completed,300
6461,Denmark,Paid,Premium,Desktop,2024-01-05 11:40:00,2,300,0,form_started,0
6462,Sweden,Paid,Premium,Tablet,2024-01-05 11:41:00,10,300,0,form_started,0
6463,Denmark,Direct,Pro,Desktop,2024-01-05 11:42:00,4,500,0,form_started,0
6464,Sweden,Direct,Premium,Desktop,2024-01-05 11:43:00,1,300,1,completed,300
6465,Denmark,Direct,Basic,Desktop,2024-01-05 11:44:00,17,100,0,signup,0
6466,Sweden,Paid,Pro,Mobile,2024-01-05 11:45:00,11,500,0,form_started,0
6467,Denmark,Organic,Pro,Mobile,2024-01-05 11:46:00,7,500,0,form_started,0
6468,Sweden,Organic,Premium,Desktop,2024-01-05 11:47:00,17,300,1,completed,300
6469,Sweden,Organic,Basic,Tablet,2024-01-05 11:48:00,17,100,1,completed,100
6470,Norway,Paid,Basic,Tablet,2024-01-05 11:49:00,9,100,0,signup,0
6471,Norway,Organic,Premium,Desktop,2024-01-05 11:50:00,10,300,0,signup,0
6472,Denmark,Direct,Premium,Mobile,2024-01-05 11:51:00,6,300,0,signup,0
6473,Sweden,Direct,Basic,Mobile,2024-01-05 11:52:00,17,100,0,form_started,0
6474,Denmark,Organic,Pro,Desktop,2024-01-05 11:53:00,16,500,0,form_started,0
6475,Norway,Direct,Pro,Mobile,2024-01-05 11:54:00,7,500,1,completed,500
6476,Denmark,Organic,Premium,Mobile,2024-01-05 11:55:00,19,300,1,completed,300
6477,Denmark,Organic,Pro,Tablet,2024-01-05 11:56:00,4,500,1,completed,500
6478,Norway,Direct,Pro,Desktop,2024-01-05 11:57:00,17,500,0,form_started,0
6479,Sweden,Direct,Basic,Mobile,2024-01-05 11:58:00,9,100,0,signup,0
6480,Denmark,Direct,Pro,Mobile,2024-01-05 11:59:00,11,500,1,completed,500
6481,Norway,Direct,Basic,Mobile,2024-01-05 12:00:00,1,100,0,signup,0
6482,Sweden,Organic,Premium,Desktop,2024-01-05 12:01:00,7,300,0,signup,0
6483,Norway,Direct,Premium,Desktop,2024-01-05 12:02:00,5,300,0,signup,0
6484,Denmark,Direct,Basic,Mobile,2024-01-05 12:03:00,5,100,1,completed,100
6485,Sweden,Paid,Basic,Tablet,2024-01-05 12:04:00,1,100,1,completed,100
6486,Sweden,Direct,Premium,Tablet,2024-01-05 12:05:00,6,300,0,form_started,0
6487,Norway,Direct,Basic,Desktop,2024-01-05 12:06:00,13,100,0,signup,0
6488,Norway,Organic,Premium,Tablet,2024-01-05 12:07:00,15,300,1,completed,300
6489,Norway,Organic,Premium,Mobile,2024-01-05 12:08:00,4,300,1,completed,300
6490,Sweden,Paid,Premium,Desktop,2024-01-05 12:09:00,17,300,1,completed,300
6491,Sweden,Direct,Premium,Desktop,2024-01-05 12:10:00,13,300,0,signup,0
6492,Denmark,Direct,Premium,Tablet,2024-01-05 12:11:00,11,300,0,signup,0
6493,Sweden,Direct,Premium,Desktop,2024-01-05 12:12:00,4,300,0,signup,0
6494,Denmark,Direct,Pro,Tablet,2024-01-05 12:13:00,7,500,1,completed,500
6495,Norway,Direct,Pro,Tablet,2024-01-05 12:14:00,19,500,0,form_started,0
6496,Norway,Direct,Premium,Mobile,2024-01-05 12:15:00,7,300,0,signup,0
6497,Sweden,Paid,Pro,Tablet,2024-01-05 12:16:00,14,500,0,signup,0
6498,Norway,Direct,Basic,Tablet,2024-01-05 12:17:00,16,100,0,form_started,0
6499,Norway,Direct,Basic,Desktop,2024-01-05 12:18:00,9,100,0,signup,0
6500,Sweden,Direct,Premium,Mobile,2024-01-05 12:19:00,2,300,1,completed,300
6501,Denmark,Paid,Pro,Mobile,2024-01-05 12:20:00,16,500,0,form_started,0
6502,Sweden,Direct,Basic,Tablet,2024-01-05 12:21:00,5,100,0,signup,0
6503,Denmark,Paid,Basic,Desktop,2024-01-05 12:22:00,12,100,0,signup,0
6504,Sweden,Organic,Basic,Desktop,2024-01-05 12:23:00,15,100,1,completed,100
6505,Sweden,Direct,Basic,Desktop,2024-01-05 12:24:00,3,100,1,completed,100
6506,Norway,Paid,Pro,Mobile,2024-01-05 12:25:00,9,500,0,form_started,0
6507,Sweden,Organic,Basic,Mobile,2024-01-05 12:26:00,7,100,0,signup,0
6508,Sweden,Paid,Basic,Tablet,2024-01-05 12:27:00,4,100,0,form_started,0
6509,Denmark,Paid,Basic,Tablet,2024-01-05 12:28:00,9,100,0,signup,0
6510,Norway,Organic,Premium,Desktop,2024-01-05 12:29:00,15,300,0,form_started,0
6511,Denmark,Direct,Basic,Tablet,2024-01-05 12:30:00,7,100,1,completed,100
6512,Denmark,Direct,Basic,Desktop,2024-01-05 12:31:00,11,100,0,form_started,0
6513,Norway,Paid,Pro,Mobile,2024-01-05 12:32:00,19,500,1,completed,500
6514,Norway,Organic,Basic,Tablet,2024-01-05 12:33:00,11,100,0,form_started,0
6515,Norway,Direct,Basic,Desktop,2024-01-05 12:34:00,1,100,0,form_started,0
6516,Sweden,Paid,Basic,Mobile,2024-01-05 12:35:00,13,100,0,signup,0
6517,Norway,Organic,Premium,Desktop,2024-01-05 12:36:00,13,300,0,form_started,0
6518,Norway,Paid,Pro,Tablet,2024-01-05 12:37:00,2,500,0,signup,0
6519,Norway,Organic,Pro,Desktop,2024-01-05 12:38:00,17,500,1,completed,500
6520,Denmark,Direct,Premium,Mobile,2024-01-05 12:39:00,19,300,0,signup,0
6521,Denmark,Direct,Premium,Tablet,2024-01-05 12:40:00,15,300,0,signup,0
6522,Sweden,Paid,Pro,Mobile,2024-01-05 12:41:00,19,500,1,completed,500
6523,Denmark,Direct,Basic,Tablet,2024-01-05 12:42:00,10,100,1,completed,100
6524,Sweden,Direct,Pro,Desktop,2024-01-05 12:43:00,10,500,0,signup,0
6525,Denmark,Organic,Premium,Mobile,2024-01-05 12:44:00,9,300,1,completed,300
6526,Norway,Direct,Basic,Mobile,2024-01-05 12:45:00,19,100,0,form_started,0
6527,Denmark,Organic,Pro,Desktop,2024-01-05 12:46:00,11,500,0,form_started,0
6528,Sweden,Organic,Basic,Mobile,2024-01-05 12:47:00,6,100,0,signup,0
6529,Denmark,Paid,Basic,Mobile,2024-01-05 12:48:00,2,100,1,completed,100
6530,Norway,Organic,Premium,Mobile,2024-01-05 12:49:00,10,300,0,form_started,0
6531,Sweden,Direct,Pro,Mobile,2024-01-05 12:50:00,15,500,0,form_started,0
6532,Norway,Organic,Premium,Desktop,2024-01-05 12:51:00,5,300,0,signup,0
6533,Norway,Organic,Pro,Mobile,2024-01-05 12:52:00,18,500,0,signup,0
6534,Sweden,Paid,Pro,Mobile,2024-01-05 12:53:00,7,500,0,signup,0
6535,Norway,Direct,Basic,Mobile,2024-01-05 12:54:00,3,100,0,form_started,0
6536,Norway,Direct,Basic,Tablet,2024-01-05 12:55:00,16,100,0,signup,0
6537,Denmark,Direct,Basic,Tablet,2024-01-05 12:56:00,17,100,0,form_started,0
6538,Norway,Organic,Premium,Desktop,2024-01-05 12:57:00,2,300,0,signup,0
6539,Norway,Direct,Basic,Desktop,2024-01-05 12:58:00,16,100,0,form_started,0
6540,Norway,Direct,Premium,Desktop,2024-01-05 12:59:00,1,300,1,completed,300
6541,Norway,Organic,Basic,Mobile,2024-01-05 13:00:00,14,100,0,form_started,0
6542,Sweden,Paid,Premium,Tablet,2024-01-05 13:01:00,16,300,1,completed,300
6543,Denmark,Paid,Pro,Tablet,2024-01-05 13:02:00,9,500,0,form_started,0
6544,Norway,Organic,Premium,Desktop,2024-01-05 13:03:00,17,300,0,signup,0
6545,Norway,Paid,Premium,Tablet,2024-01-05 13:04:00,8,300,1,completed,300
6546,Sweden,Paid,Premium,Desktop,2024-01-05 13:05:00,9,300,0,signup,0
6547,Norway,Paid,Pro,Mobile,2024-01-05 13:06:00,2,500,0,form_started,0
6548,Sweden,Direct,Premium,Tablet,2024-01-05 13:07:00,13,300,1,completed,300
6549,Denmark,Paid,Pro,Mobile,2024-01-05 13:08:00,1,500,0,signup,0
6550,Denmark,Direct,Basic,Mobile,2024-01-05 13:09:00,7,100,0,form_started,0
6551,Norway,Paid,Basic,Tablet,2024-01-05 13:10:00,18,100,1,completed,100
6552,Norway,Direct,Pro,Desktop,2024-01-05 13:11:00,5,500,0,form_started,0
6553,Norway,Organic,Premium,Tablet,2024-01-05 13:12:00,7,300,1,completed,300
6554,Sweden,Organic,Basic,Mobile,2024-01-05 13:13:00,12,100,0,form_started,0
6555,Norway,Paid,Premium,Desktop,2024-01-05 13:14:00,17,300,0,form_started,0
6556,Norway,Direct,Premium,Mobile,2024-01-05 13:15:00,5,300,0,form_started,0
6557,Denmark,Organic,Pro,Desktop,2024-01-05 13:16:00,12,500,0,form_started,0
6558,Norway,Organic,Basic,Tablet,2024-01-05 13:17:00,19,100,1,completed,100
6559,Denmark,Organic,Pro,Mobile,2024-01-05 13:18:00,13,500,1,completed,500
6560,Norway,Organic,Pro,Desktop,2024-01-05 13:19:00,16,500,0,form_started,0
6561,Denmark,Paid,Pro,Desktop,2024-01-05 13:20:00,19,500,1,completed,500
6562,Norway,Direct,Pro,Tablet,2024-01-05 13:21:00,10,500,0,form_started,0
6563,Denmark,Organic,Premium,Desktop,2024-01-05 13:22:00,12,300,0,signup,0
6564,Sweden,Paid,Basic,Desktop,2024-01-05 13:23:00,7,100,1,completed,100
6565,Denmark,Organic,Basic,Mobile,2024-01-05 13:24:00,14,100,0,signup,0
6566,Denmark,Organic,Basic,Tablet,2024-01-05 13:25:00,10,100,0,signup,0
6567,Denmark,Organic,Premium,Tablet,2024-01-05 13:26:00,8,300,0,form_started,0
6568,Norway,Organic,Premium,Mobile,2024-01-05 13:27:00,15,300,0,signup,0
6569,Norway,Paid,Pro,Mobile,2024-01-05 13:28:00,16,500,0,form_started,0
6570,Norway,Direct,Pro,Mobile,2024-01-05 13:29:00,8,500,0,form_started,0
6571,Sweden,Paid,Pro,Desktop,2024-01-05 13:30:00,4,500,1,completed,500
6572,Sweden,Paid,Pro,Tablet,2024-01-05 13:31:00,17,500,0,signup,0
6573,Denmark,Paid,Basic,Tablet,2024-01-05 13:32:00,4,100,0,form_started,0
6574,Sweden,Organic,Pro,Tablet,2024-01-05 13:33:00,11,500,0,signup,0
6575,Denmark,Direct,Premium,Desktop,2024-01-05 13:34:00,13,300,0,signup,0
6576,Denmark,Organic,Premium,Tablet,2024-01-05 13:35:00,6,300,1,completed,300
6577,Denmark,Paid,Premium,Tablet,2024-01-05 13:36:00,14,300,1,completed,300
6578,Sweden,Organic,Pro,Tablet,2024-01-05 13:37:00,7,500,1,completed,500
6579,Norway,Direct,Basic,Tablet,2024-01-05 13:38:00,12,100,0,signup,0
6580,Sweden,Direct,Basic,Mobile,2024-01-05 13:39:00,1,100,1,completed,100
6581,Denmark,Organic,Pro,Desktop,2024-01-05 13:40:00,10,500,0,form_started,0
6582,Denmark,Paid,Pro,Tablet,2024-01-05 13:41:00,1,500,0,signup,0
6583,Sweden,Organic,Premium,Tablet,2024-01-05 13:42:00,16,300,0,form_started,0
6584,Denmark,Paid,Premium,Tablet,2024-01-05 13:43:00,7,300,1,completed,300
6585,Denmark,Direct,Basic,Tablet,2024-01-05 13:44:00,6,100,0,form_started,0
6586,Sweden,Organic,Premium,Tablet,2024-01-05 13:45:00,18,300,0,form_started,0
6587,Sweden,Direct,Premium,Mobile,2024-01-05 13:46:00,4,300,0,form_started,0
6588,Sweden,Paid,Pro,Mobile,2024-01-05 13:47:00,16,500,0,form_started,0
6589,Denmark,Paid,Basic,Desktop,2024-01-05 13:48:00,1,100,1,completed,100
6590,Denmark,Organic,Pro,Desktop,2024-01-05 13:49:00,2,500,0,form_started,0
6591,Norway,Organic,Basic,Tablet,2024-01-05 13:50:00,16,100,0,signup,0
6592,Norway,Organic,Pro,Tablet,2024-01-05 13:51:00,9,500,0,signup,0
6593,Sweden,Direct,Basic,Mobile,2024-01-05 13:52:00,15,100,1,completed,100
6594,Norway,Paid,Premium,Desktop,2024-01-05 13:53:00,16,300,0,form_started,0
6595,Denmark,Paid,Basic,Tablet,2024-01-05 13:54:00,9,100,0,signup,0
6596,Norway,Direct,Basic,Tablet,2024-01-05 13:55:00,7,100,0,form_started,0
6597,Denmark,Organic,Pro,Tablet,2024-01-05 13:56:00,10,500,0,signup,0
6598,Sweden,Organic,Basic,Desktop,2024-01-05 13:57:00,7,100,1,completed,100
6599,Sweden,Direct,Basic,Mobile,2024-01-05 13:58:00,13,100,1,completed,100
6600,Denmark,Paid,Basic,Mobile,2024-01-05 13:59:00,2,100,0,signup,0
6601,Norway,Paid,Pro,Tablet,2024-01-05 14:00:00,12,500,0,signup,0
6602,Sweden,Paid,Basic,Tablet,2024-01-05 14:01:00,13,100,1,completed,100
6603,Sweden,Paid,Pro,Tablet,2024-01-05 14:02:00,3,500,0,signup,0
6604,Norway,Direct,Premium,Tablet,2024-01-05 14:03:00,11,300,0,form_started,0
6605,Norway,Paid,Pro,Tablet,2024-01-05 14:04:00,8,500,0,signup,0
6606,Denmark,Direct,Basic,Desktop,2024-01-05 14:05:00,11,100,1,completed,100
6607,Norway,Organic,Premium,Mobile,2024-01-05 14:06:00,18,300,1,completed,300
6608,Norway,Direct,Basic,Desktop,2024-01-05 14:07:00,7,100,1,completed,100
6609,Norway,Paid,Pro,Desktop,2024-01-05 14:08:00,12,500,0,signup,0
6610,Denmark,Organic,Premium,Tablet,2024-01-05 14:09:00,6,300,1,completed,300
6611,Denmark,Direct,Premium,Desktop,2024-01-05 14:10:00,10,300,0,form_started,0
6612,Sweden,Direct,Premium,Mobile,2024-01-05 14:11:00,15,300,0,form_started,0
6613,Denmark,Direct,Basic,Tablet,2024-01-05 14:12:00,15,100,1,completed,100
6614,Sweden,Organic,Premium,Mobile,2024-01-05 14:13:00,19,300,1,completed,300
6615,Norway,Direct,Premium,Desktop,2024-01-05 14:14:00,6,300,1,completed,300
6616,Sweden,Paid,Premium,Tablet,2024-01-05 14:15:00,19,300,1,completed,300
6617,Sweden,Organic,Premium,Mobile,2024-01-05 14:16:00,15,300,1,completed,300
6618,Norway,Organic,Pro,Mobile,2024-01-05 14:17:00,18,500,1,completed,500
6619,Sweden,Direct,Basic,Tablet,2024-01-05 14:18:00,2,100,1,completed,100
6620,Denmark,Paid,Basic,Mobile,2024-01-05 14:19:00,7,100,0,signup,0
6621,Denmark,Organic,Premium,Tablet,2024-01-05 14:20:00,5,300,0,signup,0
6622,Denmark,Direct,Pro,Tablet,2024-01-05 14:21:00,3,500,1,completed,500
6623,Denmark,Paid,Premium,Desktop,2024-01-05 14:22:00,6,300,1,completed,300
6624,Sweden,Direct,Basic,Mobile,2024-01-05 14:23:00,6,100,0,form_started,0
6625,Sweden,Direct,Basic,Tablet,2024-01-05 14:24:00,1,100,1,completed,100
6626,Norway,Organic,Basic,Desktop,2024-01-05 14:25:00,19,100,0,signup,0
6627,Sweden,Organic,Premium,Desktop,2024-01-05 14:26:00,12,300,1,completed,300
6628,Sweden,Direct,Premium,Tablet,2024-01-05 14:27:00,5,300,1,completed,300
6629,Sweden,Organic,Pro,Tablet,2024-01-05 14:28:00,7,500,0,signup,0
6630,Norway,Organic,Pro,Mobile,2024-01-05 14:29:00,8,500,1,completed,500
6631,Denmark,Paid,Basic,Mobile,2024-01-05 14:30:00,19,100,1,completed,100
6632,Sweden,Paid,Basic,Mobile,2024-01-05 14:31:00,6,100,1,completed,100
6633,Norway,Direct,Pro,Tablet,2024-01-05 14:32:00,15,500,1,completed,500
6634,Norway,Direct,Basic,Desktop,2024-01-05 14:33:00,6,100,0,form_started,0
6635,Norway,Direct,Pro,Desktop,2024-01-05 14:34:00,9,500,0,signup,0
6636,Denmark,Direct,Premium,Tablet,2024-01-05 14:35:00,4,300,1,completed,300
6637,Sweden,Paid,Basic,Mobile,2024-01-05 14:36:00,16,100,1,completed,100
6638,Norway,Organic,Basic,Desktop,2024-01-05 14:37:00,10,100,0,form_started,0
6639,Denmark,Paid,Pro,Desktop,2024-01-05 14:38:00,1,500,0,form_started,0
6640,Norway,Direct,Premium,Mobile,2024-01-05 14:39:00,11,300,0,signup,0
6641,Norway,Direct,Basic,Desktop,2024-01-05 14:40:00,17,100,0,form_started,0
6642,Norway,Paid,Basic,Mobile,2024-01-05 14:41:00,18,100,1,completed,100
6643,Norway,Paid,Pro,Desktop,2024-01-05 14:42:00,15,500,0,signup,0
6644,Norway,Direct,Premium,Desktop,2024-01-05 14:43:00,6,300,0,signup,0
6645,Denmark,Organic,Pro,Desktop,2024-01-05 14:44:00,16,500,1,completed,500
6646,Sweden,Direct,Premium,Mobile,2024-01-05 14:45:00,2,300,0,signup,0
6647,Sweden,Paid,Premium,Desktop,2024-01-05 14:46:00,3,300,1,completed,300
6648,Sweden,Direct,Pro,Desktop,2024-01-05 14:47:00,17,500,0,signup,0
6649,Sweden,Direct,Pro,Desktop,2024-01-05 14:48:00,8,500,1,completed,500
6650,Denmark,Organic,Premium,Tablet,2024-01-05 14:49:00,15,300,0,signup,0
6651,Denmark,Direct,Pro,Desktop,2024-01-05 14:50:00,13,500,0,form_started,0
6652,Denmark,Direct,Basic,Desktop,2024-01-05 14:51:00,19,100,0,form_started,0
6653,Norway,Direct,Basic,Mobile,2024-01-05 14:52:00,1,100,1,completed,100
6654,Norway,Paid,Basic,Mobile,2024-01-05 14:53:00,12,100,0,form_started,0
6655,Norway,Paid,Basic,Tablet,2024-01-05 14:54:00,18,100,0,signup,0
6656,Sweden,Organic,Basic,Mobile,2024-01-05 14:55:00,18,100,1,completed,100
6657,Norway,Direct,Pro,Mobile,2024-01-05 14:56:00,3,500,0,form_started,0
6658,Sweden,Paid,Premium,Mobile,2024-01-05 14:57:00,18,300,1,completed,300
6659,Norway,Organic,Pro,Tablet,2024-01-05 14:58:00,17,500,0,signup,0
6660,Sweden,Direct,Basic,Tablet,2024-01-05 14:59:00,11,100,0,signup,0
6661,Norway,Organic,Basic,Desktop,2024-01-05 15:00:00,5,100,0,form_started,0
6662,Norway,Organic,Pro,Desktop,2024-01-05 15:01:00,7,500,0,form_started,0
6663,Denmark,Organic,Pro,Mobile,2024-01-05 15:02:00,18,500,0,form_started,0
6664,Norway,Organic,Premium,Desktop,2024-01-05 15:03:00,7,300,0,signup,0
6665,Norway,Organic,Basic,Desktop,2024-01-05 15:04:00,18,100,0,signup,0
6666,Denmark,Organic,Pro,Tablet,2024-01-05 15:05:00,2,500,1,completed,500
6667,Sweden,Organic,Premium,Tablet,2024-01-05 15:06:00,6,300,1,completed,300
6668,Denmark,Direct,Basic,Desktop,2024-01-05 15:07:00,8,100,0,form_started,0
6669,Denmark,Direct,Basic,Desktop,2024-01-05 15:08:00,17,100,0,form_started,0
6670,Sweden,Organic,Basic,Desktop,2024-01-05 15:09:00,4,100,1,completed,100
6671,Norway,Direct,Pro,Mobile,2024-01-05 15:10:00,17,500,0,signup,0
6672,Sweden,Organic,Basic,Tablet,2024-01-05 15:11:00,16,100,1,completed,100
6673,Norway,Direct,Basic,Desktop,2024-01-05 15:12:00,15,100,0,form_started,0
6674,Norway,Paid,Premium,Desktop,2024-01-05 15:13:00,15,300,1,completed,300
6675,Sweden,Organic,Pro,Mobile,2024-01-05 15:14:00,8,500,0,signup,0
6676,Denmark,Paid,Premium,Tablet,2024-01-05 15:15:00,17,300,0,signup,0
6677,Sweden,Organic,Pro,Mobile,2024-01-05 15:16:00,19,500,1,completed,500
6678,Norway,Organic,Basic,Mobile,2024-01-05 15:17:00,1,100,0,signup,0
6679,Sweden,Paid,Premium,Desktop,2024-01-05 15:18:00,13,300,1,completed,300
6680,Sweden,Paid,Pro,Mobile,2024-01-05 15:19:00,6,500,0,signup,0
6681,Norway,Paid,Pro,Mobile,2024-01-05 15:20:00,10,500,0,signup,0
6682,Denmark,Organic,Basic,Desktop,2024-01-05 15:21:00,1,100,0,form_started,0
6683,Sweden,Paid,Basic,Tablet,2024-01-05 15:22:00,12,100,1,completed,100
6684,Norway,Paid,Premium,Desktop,2024-01-05 15:23:00,19,300,0,form_started,0
6685,Norway,Direct,Premium,Tablet,2024-01-05 15:24:00,15,300,0,form_started,0
6686,Sweden,Direct,Pro,Mobile,2024-01-05 15:25:00,5,500,0,signup,0
6687,Denmark,Paid,Premium,Mobile,2024-01-05 15:26:00,2,300,0,form_started,0
6688,Sweden,Paid,Basic,Desktop,2024-01-05 15:27:00,19,100,1,completed,100
6689,Denmark,Paid,Premium,Desktop,2024-01-05 15:28:00,14,300,0,form_started,0
6690,Denmark,Paid,Premium,Desktop,2024-01-05 15:29:00,9,300,0,form_started,0
6691,Denmark,Direct,Pro,Mobile,2024-01-05 15:30:00,1,500,0,signup,0
6692,Denmark,Organic,Basic,Mobile,2024-01-05 15:31:00,13,100,0,form_started,0
6693,Sweden,Paid,Pro,Tablet,2024-01-05 15:32:00,17,500,1,completed,500
6694,Norway,Paid,Basic,Desktop,2024-01-05 15:33:00,2,100,0,form_started,0
6695,Norway,Direct,Basic,Mobile,2024-01-05 15:34:00,14,100,0,signup,0
6696,Norway,Paid,Pro,Tablet,2024-01-05 15:35:00,6,500,1,completed,500
6697,Norway,Paid,Premium,Desktop,2024-01-05 15:36:00,6,300,0,form_started,0
6698,Norway,Direct,Pro,Desktop,2024-01-05 15:37:00,18,500,1,completed,500
6699,Norway,Paid,Premium,Tablet,2024-01-05 15:38:00,19,300,1,completed,300
6700,Sweden,Paid,Pro,Tablet,2024-01-05 15:39:00,9,500,0,form_started,0
6701,Denmark,Direct,Pro,Tablet,2024-01-05 15:40:00,15,500,0,signup,0
6702,Norway,Organic,Premium,Mobile,2024-01-05 15:41:00,7,300,0,form_started,0
6703,Sweden,Paid,Premium,Desktop,2024-01-05 15:42:00,6,300,0,signup,0
6704,Norway,Paid,Premium,Desktop,2024-01-05 15:43:00,5,300,0,form_started,0
6705,Norway,Organic,Pro,Tablet,2024-01-05 15:44:00,19,500,1,completed,500
6706,Denmark,Direct,Premium,Mobile,2024-01-05 15:45:00,1,300,1,completed,300
6707,Denmark,Organic,Premium,Tablet,2024-01-05 15:46:00,7,300,0,signup,0
6708,Denmark,Paid,Premium,Mobile,2024-01-05 15:47:00,18,300,1,completed,300
6709,Norway,Organic,Basic,Desktop,2024-01-05 15:48:00,8,100,0,signup,0
6710,Norway,Direct,Premium,Desktop,2024-01-05 15:49:00,12,300,1,completed,300
6711,Norway,Paid,Premium,Mobile,2024-01-05 15:50:00,10,300,0,signup,0
6712,Denmark,Direct,Premium,Desktop,2024-01-05 15:51:00,6,300,0,signup,0
6713,Sweden,Direct,Basic,Desktop,2024-01-05 15:52:00,16,100,1,completed,100
6714,Norway,Organic,Basic,Tablet,2024-01-05 15:53:00,19,100,0,form_started,0
6715,Norway,Organic,Premium,Mobile,2024-01-05 15:54:00,18,300,0,signup,0
6716,Norway,Direct,Premium,Desktop,2024-01-05 15:55:00,13,300,0,signup,0
6717,Sweden,Direct,Premium,Desktop,2024-01-05 15:56:00,7,300,0,form_started,0
6718,Norway,Paid,Premium,Mobile,2024-01-05 15:57:00,7,300,1,completed,300
6719,Sweden,Direct,Basic,Desktop,2024-01-05 15:58:00,16,100,1,completed,100
6720,Norway,Direct,Premium,Mobile,2024-01-05 15:59:00,10,300,0,form_started,0
6721,Sweden,Organic,Basic,Mobile,2024-01-05 16:00:00,15,100,0,form_started,0
6722,Norway,Direct,Pro,Tablet,2024-01-05 16:01:00,14,500,0,signup,0
6723,Denmark,Direct,Basic,Mobile,2024-01-05 16:02:00,12,100,0,form_started,0
6724,Denmark,Organic,Pro,Tablet,2024-01-05 16:03:00,15,500,0,signup,0
6725,Denmark,Paid,Basic,Desktop,2024-01-05 16:04:00,8,100,1,completed,100
6726,Denmark,Organic,Basic,Mobile,2024-01-05 16:05:00,7,100,1,completed,100
6727,Norway,Organic,Basic,Tablet,2024-01-05 16:06:00,9,100,0,form_started,0
6728,Denmark,Direct,Premium,Mobile,2024-01-05 16:07:00,14,300,0,form_started,0
6729,Sweden,Direct,Basic,Desktop,2024-01-05 16:08:00,7,100,1,completed,100
6730,Denmark,Paid,Premium,Tablet,2024-01-05 16:09:00,12,300,0,form_started,0
6731,Denmark,Direct,Basic,Tablet,2024-01-05 16:10:00,14,100,0,signup,0
6732,Denmark,Paid,Basic,Tablet,2024-01-05 16:11:00,11,100,0,signup,0
6733,Norway,Paid,Pro,Desktop,2024-01-05 16:12:00,19,500,1,completed,500
6734,Denmark,Paid,Basic,Tablet,2024-01-05 16:13:00,6,100,0,signup,0
6735,Sweden,Paid,Premium,Desktop,2024-01-05 16:14:00,3,300,0,signup,0
6736,Denmark,Direct,Pro,Desktop,2024-01-05 16:15:00,6,500,0,signup,0
6737,Denmark,Organic,Pro,Mobile,2024-01-05 16:16:00,9,500,1,completed,500
6738,Denmark,Organic,Basic,Desktop,2024-01-05 16:17:00,2,100,1,completed,100
6739,Sweden,Direct,Basic,Tablet,2024-01-05 16:18:00,6,100,1,completed,100
6740,Denmark,Direct,Pro,Tablet,2024-01-05 16:19:00,14,500,1,completed,500
6741,Sweden,Paid,Premium,Desktop,2024-01-05 16:20:00,19,300,0,signup,0
6742,Sweden,Direct,Basic,Desktop,2024-01-05 16:21:00,4,100,0,signup,0
6743,Denmark,Organic,Pro,Mobile,2024-01-05 16:22:00,14,500,0,signup,0
6744,Sweden,Direct,Premium,Mobile,2024-01-05 16:23:00,10,300,1,completed,300
6745,Norway,Direct,Basic,Tablet,2024-01-05 16:24:00,6,100,0,signup,0
6746,Denmark,Paid,Pro,Desktop,2024-01-05 16:25:00,11,500,1,completed,500
6747,Denmark,Paid,Pro,Tablet,2024-01-05 16:26:00,13,500,1,completed,500
6748,Sweden,Paid,Basic,Desktop,2024-01-05 16:27:00,18,100,1,completed,100
6749,Sweden,Paid,Premium,Tablet,2024-01-05 16:28:00,14,300,1,completed,300
6750,Denmark,Organic,Premium,Tablet,2024-01-05 16:29:00,11,300,0,signup,0
6751,Norway,Direct,Pro,Tablet,2024-01-05 16:30:00,5,500,0,signup,0
6752,Sweden,Direct,Premium,Desktop,2024-01-05 16:31:00,8,300,0,signup,0
6753,Sweden,Paid,Pro,Mobile,2024-01-05 16:32:00,4,500,0,form_started,0
6754,Norway,Organic,Basic,Mobile,2024-01-05 16:33:00,12,100,0,form_started,0
6755,Norway,Organic,Premium,Desktop,2024-01-05 16:34:00,6,300,0,form_started,0
6756,Denmark,Direct,Basic,Mobile,2024-01-05 16:35:00,8,100,1,completed,100
6757,Norway,Paid,Pro,Tablet,2024-01-05 16:36:00,4,500,0,form_started,0
6758,Denmark,Direct,Basic,Desktop,2024-01-05 16:37:00,10,100,1,completed,100
6759,Norway,Direct,Premium,Desktop,2024-01-05 16:38:00,11,300,0,signup,0
6760,Sweden,Organic,Basic,Mobile,2024-01-05 16:39:00,15,100,1,completed,100
6761,Denmark,Organic,Premium,Mobile,2024-01-05 16:40:00,5,300,0,form_started,0
6762,Denmark,Direct,Premium,Tablet,2024-01-05 16:41:00,3,300,0,form_started,0
6763,Denmark,Paid,Premium,Desktop,2024-01-05 16:42:00,15,300,0,signup,0
6764,Norway,Paid,Premium,Mobile,2024-01-05 16:43:00,2,300,1,completed,300
6765,Sweden,Direct,Premium,Desktop,2024-01-05 16:44:00,2,300,0,signup,0
6766,Denmark,Direct,Pro,Tablet,2024-01-05 16:45:00,8,500,1,completed,500
6767,Denmark,Paid,Basic,Tablet,2024-01-05 16:46:00,14,100,1,completed,100
6768,Denmark,Paid,Pro,Tablet,2024-01-05 16:47:00,9,500,0,form_started,0
6769,Denmark,Paid,Basic,Desktop,2024-01-05 16:48:00,5,100,0,form_started,0
6770,Sweden,Direct,Basic,Desktop,2024-01-05 16:49:00,12,100,1,completed,100
6771,Norway,Organic,Basic,Desktop,2024-01-05 16:50:00,10,100,0,signup,0
6772,Sweden,Paid,Pro,Desktop,2024-01-05 16:51:00,1,500,1,completed,500
6773,Denmark,Paid,Premium,Desktop,2024-01-05 16:52:00,19,300,0,form_started,0
6774,Sweden,Paid,Premium,Tablet,2024-01-05 16:53:00,11,300,0,signup,0
6775,Denmark,Direct,Pro,Tablet,2024-01-05 16:54:00,17,500,1,completed,500
6776,Norway,Organic,Premium,Tablet,2024-01-05 16:55:00,3,300,1,completed,300
6777,Norway,Organic,Basic,Mobile,2024-01-05 16:56:00,1,100,0,form_started,0
6778,Norway,Paid,Premium,Tablet,2024-01-05 16:57:00,17,300,1,completed,300
6779,Denmark,Direct,Premium,Desktop,2024-01-05 16:58:00,6,300,1,completed,300
6780,Sweden,Organic,Premium,Tablet,2024-01-05 16:59:00,13,300,0,signup,0
6781,Norway,Direct,Basic,Mobile,2024-01-05 17:00:00,4,100,0,signup,0
6782,Denmark,Organic,Premium,Mobile,2024-01-05 17:01:00,5,300,0,form_started,0
6783,Denmark,Paid,Premium,Mobile,2024-01-05 17:02:00,15,300,1,completed,300
6784,Sweden,Direct,Premium,Mobile,2024-01-05 17:03:00,14,300,1,completed,300
6785,Norway,Paid,Pro,Mobile,2024-01-05 17:04:00,19,500,0,form_started,0
6786,Denmark,Organic,Pro,Desktop,2024-01-05 17:05:00,15,500,0,form_started,0
6787,Sweden,Organic,Premium,Tablet,2024-01-05 17:06:00,12,300,1,completed,300
6788,Norway,Paid,Pro,Desktop,2024-01-05 17:07:00,18,500,0,signup,0
6789,Sweden,Organic,Pro,Desktop,2024-01-05 17:08:00,14,500,1,completed,500
6790,Sweden,Paid,Basic,Mobile,2024-01-05 17:09:00,10,100,0,form_started,0
6791,Denmark,Paid,Pro,Tablet,2024-01-05 17:10:00,8,500,0,signup,0
6792,Denmark,Paid,Pro,Tablet,2024-01-05 17:11:00,4,500,0,signup,0
6793,Denmark,Organic,Premium,Tablet,2024-01-05 17:12:00,18,300,0,form_started,0
6794,Sweden,Direct,Basic,Mobile,2024-01-05 17:13:00,8,100,1,completed,100
6795,Denmark,Paid,Basic,Desktop,2024-01-05 17:14:00,4,100,0,form_started,0
6796,Sweden,Direct,Basic,Tablet,2024-01-05 17:15:00,11,100,0,signup,0
6797,Sweden,Organic,Pro,Desktop,2024-01-05 17:16:00,5,500,1,completed,500
6798,Denmark,Organic,Premium,Tablet,2024-01-05 17:17:00,10,300,0,form_started,0
6799,Norway,Direct,Basic,Tablet,2024-01-05 17:18:00,6,100,0,signup,0
6800,Norway,Paid,Basic,Tablet,2024-01-05 17:19:00,4,100,0,signup,0
6801,Norway,Organic,Pro,Tablet,2024-01-05 17:20:00,18,500,0,form_started,0
6802,Sweden,Paid,Basic,Mobile,2024-01-05 17:21:00,17,100,0,signup,0
6803,Sweden,Paid,Premium,Mobile,2024-01-05 17:22:00,7,300,0,signup,0
6804,Sweden,Direct,Basic,Desktop,2024-01-05 17:23:00,9,100,0,form_started,0
6805,Denmark,Organic,Premium,Mobile,2024-01-05 17:24:00,3,300,0,signup,0
6806,Sweden,Direct,Premium,Tablet,2024-01-05 17:25:00,9,300,0,signup,0
6807,Denmark,Organic,Premium,Desktop,2024-01-05 17:26:00,4,300,1,completed,300
6808,Denmark,Direct,Pro,Desktop,2024-01-05 17:27:00,19,500,0,signup,0
6809,Norway,Organic,Pro,Desktop,2024-01-05 17:28:00,9,500,0,form_started,0
6810,Norway,Organic,Premium,Tablet,2024-01-05 17:29:00,6,300,0,form_started,0
6811,Norway,Organic,Premium,Tablet,2024-01-05 17:30:00,11,300,0,signup,0
6812,Denmark,Paid,Basic,Desktop,2024-01-05 17:31:00,15,100,0,form_started,0
6813,Denmark,Paid,Basic,Mobile,2024-01-05 17:32:00,6,100,1,completed,100
6814,Denmark,Direct,Basic,Tablet,2024-01-05 17:33:00,10,100,0,form_started,0
6815,Sweden,Direct,Pro,Tablet,2024-01-05 17:34:00,18,500,0,form_started,0
6816,Denmark,Organic,Basic,Mobile,2024-01-05 17:35:00,16,100,1,completed,100
6817,Norway,Organic,Premium,Desktop,2024-01-05 17:36:00,4,300,1,completed,300
6818,Norway,Paid,Premium,Mobile,2024-01-05 17:37:00,13,300,1,completed,300
6819,Denmark,Paid,Pro,Tablet,2024-01-05 17:38:00,5,500,0,form_started,0
6820,Denmark,Paid,Pro,Desktop,2024-01-05 17:39:00,19,500,0,signup,0
6821,Norway,Direct,Basic,Desktop,2024-01-05 17:40:00,18,100,0,form_started,0
6822,Denmark,Paid,Pro,Mobile,2024-01-05 17:41:00,17,500,0,form_started,0
6823,Norway,Direct,Premium,Tablet,2024-01-05 17:42:00,16,300,0,signup,0
6824,Sweden,Paid,Premium,Tablet,2024-01-05 17:43:00,1,300,1,completed,300
6825,Norway,Paid,Pro,Desktop,2024-01-05 17:44:00,1,500,1,completed,500
6826,Sweden,Organic,Premium,Tablet,2024-01-05 17:45:00,14,300,0,signup,0
6827,Denmark,Direct,Pro,Desktop,2024-01-05 17:46:00,2,500,0,form_started,0
6828,Denmark,Paid,Premium,Desktop,2024-01-05 17:47:00,15,300,1,completed,300
6829,Sweden,Organic,Basic,Desktop,2024-01-05 17:48:00,3,100,0,signup,0
6830,Denmark,Direct,Pro,Tablet,2024-01-05 17:49:00,13,500,1,completed,500
6831,Sweden,Direct,Pro,Mobile,2024-01-05 17:50:00,19,500,1,completed,500
6832,Denmark,Paid,Pro,Desktop,2024-01-05 17:51:00,1,500,1,completed,500
6833,Norway,Direct,Premium,Mobile,2024-01-05 17:52:00,13,300,1,completed,300
6834,Denmark,Organic,Basic,Mobile,2024-01-05 17:53:00,15,100,0,form_started,0
6835,Norway,Organic,Pro,Mobile,2024-01-05 17:54:00,16,500,1,completed,500
6836,Norway,Direct,Premium,Mobile,2024-01-05 17:55:00,11,300,0,signup,0
6837,Sweden,Organic,Pro,Mobile,2024-01-05 17:56:00,3,500,0,signup,0
6838,Denmark,Direct,Premium,Desktop,2024-01-05 17:57:00,8,300,0,form_started,0
6839,Sweden,Organic,Basic,Tablet,2024-01-05 17:58:00,6,100,0,form_started,0
6840,Denmark,Direct,Premium,Mobile,2024-01-05 17:59:00,5,300,0,form_started,0
6841,Norway,Direct,Premium,Tablet,2024-01-05 18:00:00,15,300,0,signup,0
6842,Norway,Direct,Pro,Tablet,2024-01-05 18:01:00,9,500,0,form_started,0
6843,Denmark,Organic,Premium,Desktop,2024-01-05 18:02:00,5,300,1,completed,300
6844,Denmark,Direct,Pro,Mobile,2024-01-05 18:03:00,10,500,0,signup,0
6845,Sweden,Direct,Premium,Tablet,2024-01-05 18:04:00,6,300,0,signup,0
6846,Denmark,Paid,Basic,Tablet,2024-01-05 18:05:00,11,100,0,signup,0
6847,Denmark,Paid,Premium,Mobile,2024-01-05 18:06:00,4,300,0,form_started,0
6848,Denmark,Direct,Pro,Desktop,2024-01-05 18:07:00,12,500,1,completed,500
6849,Sweden,Paid,Premium,Desktop,2024-01-05 18:08:00,6,300,1,completed,300
6850,Denmark,Direct,Premium,Mobile,2024-01-05 18:09:00,1,300,0,signup,0
6851,Norway,Paid,Basic,Tablet,2024-01-05 18:10:00,18,100,0,form_started,0
6852,Sweden,Organic,Pro,Desktop,2024-01-05 18:11:00,2,500,1,completed,500
6853,Sweden,Organic,Basic,Desktop,2024-01-05 18:12:00,5,100,0,signup,0
6854,Norway,Direct,Premium,Tablet,2024-01-05 18:13:00,16,300,0,signup,0
6855,Norway,Direct,Basic,Tablet,2024-01-05 18:14:00,12,100,1,completed,100
6856,Norway,Organic,Premium,Tablet,2024-01-05 18:15:00,12,300,1,completed,300
6857,Denmark,Organic,Premium,Tablet,2024-01-05 18:16:00,11,300,0,signup,0
6858,Norway,Paid,Basic,Mobile,2024-01-05 18:17:00,19,100,0,signup,0
6859,Denmark,Direct,Basic,Tablet,2024-01-05 18:18:00,7,100,1,completed,100
6860,Sweden,Organic,Premium,Desktop,2024-01-05 18:19:00,2,300,0,signup,0
6861,Sweden,Organic,Basic,Tablet,2024-01-05 18:20:00,6,100,1,completed,100
6862,Norway,Direct,Basic,Tablet,2024-01-05 18:21:00,4,100,0,form_started,0
6863,Denmark,Paid,Premium,Mobile,2024-01-05 18:22:00,2,300,0,signup,0
6864,Norway,Paid,Pro,Mobile,2024-01-05 18:23:00,17,500,0,form_started,0
6865,Norway,Paid,Basic,Tablet,2024-01-05 18:24:00,8,100,1,completed,100
6866,Denmark,Paid,Basic,Mobile,2024-01-05 18:25:00,5,100,1,completed,100
6867,Norway,Organic,Pro,Mobile,2024-01-05 18:26:00,10,500,1,completed,500
6868,Sweden,Direct,Basic,Mobile,2024-01-05 18:27:00,16,100,0,form_started,0
6869,Norway,Direct,Premium,Mobile,2024-01-05 18:28:00,2,300,1,completed,300
6870,Denmark,Organic,Basic,Tablet,2024-01-05 18:29:00,19,100,1,completed,100
6871,Denmark,Organic,Premium,Mobile,2024-01-05 18:30:00,7,300,0,form_started,0
6872,Sweden,Organic,Pro,Mobile,2024-01-05 18:31:00,2,500,1,completed,500
6873,Denmark,Direct,Pro,Desktop,2024-01-05 18:32:00,13,500,1,completed,500
6874,Denmark,Direct,Pro,Tablet,2024-01-05 18:33:00,4,500,1,completed,500
6875,Sweden,Direct,Basic,Mobile,2024-01-05 18:34:00,16,100,1,completed,100
6876,Norway,Paid,Pro,Desktop,2024-01-05 18:35:00,10,500,1,completed,500
6877,Sweden,Organic,Basic,Mobile,2024-01-05 18:36:00,17,100,1,completed,100
6878,Norway,Organic,Basic,Tablet,2024-01-05 18:37:00,14,100,0,signup,0
6879,Sweden,Organic,Basic,Desktop,2024-01-05 18:38:00,12,100,1,completed,100
6880,Norway,Direct,Pro,Desktop,2024-01-05 18:39:00,13,500,0,form_started,0
6881,Sweden,Organic,Pro,Tablet,2024-01-05 18:40:00,8,500,1,completed,500
6882,Norway,Organic,Basic,Desktop,2024-01-05 18:41:00,17,100,1,completed,100
6883,Sweden,Paid,Pro,Desktop,2024-01-05 18:42:00,18,500,1,completed,500
6884,Norway,Direct,Basic,Mobile,2024-01-05 18:43:00,10,100,1,completed,100
6885,Sweden,Organic,Pro,Desktop,2024-01-05 18:44:00,13,500,0,signup,0
6886,Denmark,Direct,Premium,Tablet,2024-01-05 18:45:00,2,300,0,signup,0
6887,Norway,Direct,Pro,Mobile,2024-01-05 18:46:00,17,500,0,form_started,0
6888,Sweden,Direct,Pro,Desktop,2024-01-05 18:47:00,6,500,0,signup,0
6889,Norway,Paid,Pro,Mobile,2024-01-05 18:48:00,12,500,0,signup,0
6890,Norway,Direct,Basic,Tablet,2024-01-05 18:49:00,13,100,0,signup,0
6891,Sweden,Direct,Basic,Desktop,2024-01-05 18:50:00,4,100,0,signup,0
6892,Norway,Direct,Premium,Tablet,2024-01-05 18:51:00,15,300,0,signup,0
6893,Sweden,Organic,Premium,Tablet,2024-01-05 18:52:00,16,300,0,form_started,0
6894,Denmark,Paid,Premium,Desktop,2024-01-05 18:53:00,19,300,1,completed,300
6895,Norway,Organic,Basic,Desktop,2024-01-05 18:54:00,15,100,0,form_started,0
6896,Denmark,Paid,Premium,Mobile,2024-01-05 18:55:00,6,300,0,signup,0
6897,Norway,Paid,Premium,Tablet,2024-01-05 18:56:00,6,300,1,completed,300
6898,Norway,Direct,Pro,Desktop,2024-01-05 18:57:00,5,500,0,signup,0
6899,Norway,Direct,Premium,Tablet,2024-01-05 18:58:00,2,300,1,completed,300
6900,Sweden,Organic,Pro,Desktop,2024-01-05 18:59:00,2,500,0,form_started,0
6901,Denmark,Paid,Basic,Tablet,2024-01-05 19:00:00,5,100,1,completed,100
6902,Norway,Direct,Basic,Mobile,2024-01-05 19:01:00,3,100,0,form_started,0
6903,Sweden,Direct,Pro,Tablet,2024-01-05 19:02:00,6,500,1,completed,500
6904,Norway,Direct,Premium,Desktop,2024-01-05 19:03:00,11,300,0,form_started,0
6905,Sweden,Direct,Basic,Mobile,2024-01-05 19:04:00,5,100,0,signup,0
6906,Norway,Organic,Pro,Mobile,2024-01-05 19:05:00,18,500,0,form_started,0
6907,Denmark,Organic,Basic,Desktop,2024-01-05 19:06:00,14,100,0,form_started,0
6908,Denmark,Direct,Basic,Mobile,2024-01-05 19:07:00,10,100,1,completed,100
6909,Norway,Direct,Premium,Tablet,2024-01-05 19:08:00,3,300,0,form_started,0
6910,Sweden,Direct,Basic,Tablet,2024-01-05 19:09:00,16,100,1,completed,100
6911,Norway,Direct,Pro,Desktop,2024-01-05 19:10:00,16,500,1,completed,500
6912,Sweden,Direct,Premium,Tablet,2024-01-05 19:11:00,11,300,0,signup,0
6913,Norway,Paid,Pro,Desktop,2024-01-05 19:12:00,4,500,0,form_started,0
6914,Sweden,Paid,Pro,Mobile,2024-01-05 19:13:00,11,500,1,completed,500
6915,Denmark,Paid,Pro,Tablet,2024-01-05 19:14:00,8,500,0,signup,0
6916,Norway,Paid,Premium,Desktop,2024-01-05 19:15:00,16,300,0,signup,0
6917,Denmark,Direct,Basic,Tablet,2024-01-05 19:16:00,8,100,1,completed,100
6918,Denmark,Paid,Pro,Mobile,2024-01-05 19:17:00,9,500,0,signup,0
6919,Norway,Paid,Basic,Mobile,2024-01-05 19:18:00,14,100,0,signup,0
6920,Norway,Organic,Basic,Tablet,2024-01-05 19:19:00,8,100,0,signup,0
6921,Sweden,Paid,Pro,Mobile,2024-01-05 19:20:00,16,500,1,completed,500
6922,Sweden,Paid,Basic,Desktop,2024-01-05 19:21:00,2,100,0,form_started,0
6923,Denmark,Direct,Premium,Tablet,2024-01-05 19:22:00,19,300,1,completed,300
6924,Sweden,Paid,Premium,Tablet,2024-01-05 19:23:00,19,300,0,signup,0
6925,Sweden,Paid,Basic,Mobile,2024-01-05 19:24:00,19,100,0,signup,0
6926,Norway,Direct,Basic,Desktop,2024-01-05 19:25:00,18,100,1,completed,100
6927,Sweden,Paid,Premium,Tablet,2024-01-05 19:26:00,13,300,0,form_started,0
6928,Denmark,Direct,Basic,Tablet,2024-01-05 19:27:00,17,100,0,form_started,0
6929,Sweden,Paid,Basic,Mobile,2024-01-05 19:28:00,1,100,0,signup,0
6930,Denmark,Organic,Basic,Mobile,2024-01-05 19:29:00,5,100,1,completed,100
6931,Norway,Organic,Basic,Desktop,2024-01-05 19:30:00,13,100,0,form_started,0
6932,Denmark,Paid,Pro,Desktop,2024-01-05 19:31:00,6,500,1,completed,500
6933,Sweden,Organic,Basic,Mobile,2024-01-05 19:32:00,10,100,0,form_started,0
6934,Norway,Direct,Premium,Desktop,2024-01-05 19:33:00,9,300,0,signup,0
6935,Sweden,Paid,Pro,Mobile,2024-01-05 19:34:00,6,500,0,signup,0
6936,Norway,Direct,Pro,Tablet,2024-01-05 19:35:00,1,500,1,completed,500
6937,Norway,Organic,Premium,Mobile,2024-01-05 19:36:00,18,300,1,completed,300
6938,Sweden,Direct,Basic,Mobile,2024-01-05 19:37:00,7,100,1,completed,100
6939,Sweden,Organic,Pro,Mobile,2024-01-05 19:38:00,10,500,0,form_started,0
6940,Norway,Organic,Pro,Tablet,2024-01-05 19:39:00,12,500,0,form_started,0
6941,Norway,Organic,Basic,Desktop,2024-01-05 19:40:00,15,100,1,completed,100
6942,Sweden,Direct,Basic,Desktop,2024-01-05 19:41:00,17,100,0,signup,0
6943,Denmark,Organic,Premium,Desktop,2024-01-05 19:42:00,3,300,1,completed,300
6944,Sweden,Paid,Pro,Mobile,2024-01-05 19:43:00,15,500,0,form_started,0
6945,Norway,Organic,Basic,Mobile,2024-01-05 19:44:00,1,100,1,completed,100
6946,Sweden,Paid,Basic,Desktop,2024-01-05 19:45:00,11,100,0,form_started,0
6947,Denmark,Paid,Premium,Tablet,2024-01-05 19:46:00,6,300,0,signup,0
6948,Sweden,Paid,Pro,Tablet,2024-01-05 19:47:00,16,500,1,completed,500
6949,Norway,Paid,Basic,Tablet,2024-01-05 19:48:00,12,100,0,signup,0
6950,Sweden,Direct,Premium,Tablet,2024-01-05 19:49:00,15,300,0,signup,0
6951,Norway,Paid,Pro,Mobile,2024-01-05 19:50:00,18,500,1,completed,500
6952,Norway,Organic,Pro,Desktop,2024-01-05 19:51:00,10,500,0,form_started,0
6953,Sweden,Paid,Pro,Tablet,2024-01-05 19:52:00,12,500,0,form_started,0
6954,Norway,Organic,Pro,Mobile,2024-01-05 19:53:00,19,500,1,completed,500
6955,Norway,Direct,Premium,Mobile,2024-01-05 19:54:00,5,300,0,signup,0
6956,Denmark,Paid,Basic,Mobile,2024-01-05 19:55:00,18,100,0,form_started,0
6957,Denmark,Organic,Pro,Desktop,2024-01-05 19:56:00,19,500,0,form_started,0
6958,Denmark,Direct,Pro,Mobile,2024-01-05 19:57:00,12,500,0,signup,0
6959,Denmark,Direct,Basic,Desktop,2024-01-05 19:58:00,1,100,0,form_started,0
6960,Norway,Organic,Pro,Desktop,2024-01-05 19:59:00,2,500,1,completed,500
6961,Sweden,Paid,Pro,Desktop,2024-01-05 20:00:00,3,500,0,signup,0
6962,Norway,Direct,Basic,Desktop,2024-01-05 20:01:00,12,100,0,signup,0
6963,Norway,Organic,Basic,Mobile,2024-01-05 20:02:00,14,100,1,completed,100
6964,Norway,Paid,Pro,Mobile,2024-01-05 20:03:00,7,500,1,completed,500
6965,Sweden,Direct,Basic,Mobile,2024-01-05 20:04:00,4,100,0,form_started,0
6966,Denmark,Organic,Premium,Tablet,2024-01-05 20:05:00,12,300,0,form_started,0
6967,Norway,Direct,Premium,Tablet,2024-01-05 20:06:00,8,300,0,form_started,0
6968,Norway,Direct,Pro,Desktop,2024-01-05 20:07:00,1,500,1,completed,500
6969,Denmark,Organic,Pro,Desktop,2024-01-05 20:08:00,5,500,0,signup,0
6970,Norway,Direct,Basic,Desktop,2024-01-05 20:09:00,1,100,0,signup,0
6971,Sweden,Organic,Basic,Desktop,2024-01-05 20:10:00,15,100,0,form_started,0
6972,Norway,Paid,Pro,Desktop,2024-01-05 20:11:00,13,500,0,signup,0
6973,Norway,Organic,Pro,Tablet,2024-01-05 20:12:00,13,500,1,completed,500
6974,Denmark,Paid,Premium,Desktop,2024-01-05 20:13:00,4,300,1,completed,300
6975,Norway,Direct,Basic,Mobile,2024-01-05 20:14:00,15,100,0,form_started,0
6976,Norway,Organic,Pro,Desktop,2024-01-05 20:15:00,12,500,1,completed,500
6977,Sweden,Organic,Pro,Mobile,2024-01-05 20:16:00,8,500,0,form_started,0
6978,Denmark,Organic,Basic,Mobile,2024-01-05 20:17:00,16,100,1,completed,100
6979,Denmark,Organic,Basic,Mobile,2024-01-05 20:18:00,12,100,0,form_started,0
6980,Sweden,Paid,Pro,Mobile,2024-01-05 20:19:00,6,500,0,form_started,0
6981,Norway,Paid,Pro,Desktop,2024-01-05 20:20:00,15,500,1,completed,500
6982,Denmark,Direct,Pro,Desktop,2024-01-05 20:21:00,7,500,1,completed,500
6983,Denmark,Direct,Basic,Desktop,2024-01-05 20:22:00,5,100,1,completed,100
6984,Norway,Direct,Pro,Desktop,2024-01-05 20:23:00,15,500,1,completed,500
6985,Norway,Direct,Pro,Desktop,2024-01-05 20:24:00,12,500,0,signup,0
6986,Denmark,Organic,Pro,Tablet,2024-01-05 20:25:00,11,500,0,form_started,0
6987,Norway,Paid,Premium,Mobile,2024-01-05 20:26:00,4,300,0,signup,0
6988,Denmark,Paid,Premium,Mobile,2024-01-05 20:27:00,13,300,0,form_started,0
6989,Norway,Paid,Basic,Tablet,2024-01-05 20:28:00,18,100,0,signup,0
6990,Norway,Paid,Pro,Tablet,2024-01-05 20:29:00,8,500,0,form_started,0
6991,Sweden,Direct,Pro,Desktop,2024-01-05 20:30:00,7,500,1,completed,500
6992,Norway,Organic,Basic,Desktop,2024-01-05 20:31:00,16,100,0,signup,0
6993,Sweden,Paid,Basic,Mobile,2024-01-05 20:32:00,3,100,0,signup,0
6994,Norway,Organic,Basic,Desktop,2024-01-05 20:33:00,16,100,0,form_started,0
6995,Denmark,Organic,Pro,Mobile,2024-01-05 20:34:00,16,500,1,completed,500
6996,Denmark,Organic,Premium,Desktop,2024-01-05 20:35:00,7,300,1,completed,300
6997,Norway,Organic,Basic,Desktop,2024-01-05 20:36:00,13,100,1,completed,100
6998,Norway,Paid,Pro,Mobile,2024-01-05 20:37:00,13,500,0,form_started,0
6999,Denmark,Paid,Basic,Tablet,2024-01-05 20:38:00,19,100,0,signup,0
7000,Norway,Paid,Pro,Tablet,2024-01-05 20:39:00,18,500,1,completed,500
7001,Sweden,Direct,Basic,Desktop,2024-01-05 20:40:00,7,100,0,form_started,0
7002,Sweden,Paid,Pro,Tablet,2024-01-05 20:41:00,18,500,1,completed,500
7003,Sweden,Direct,Basic,Desktop,2024-01-05 20:42:00,18,100,0,signup,0
7004,Sweden,Direct,Premium,Tablet,2024-01-05 20:43:00,4,300,0,signup,0
7005,Sweden,Direct,Basic,Tablet,2024-01-05 20:44:00,9,100,0,signup,0
7006,Norway,Paid,Basic,Mobile,2024-01-05 20:45:00,16,100,1,completed,100
7007,Norway,Paid,Premium,Tablet,2024-01-05 20:46:00,4,300,0,form_started,0
7008,Sweden,Paid,Basic,Desktop,2024-01-05 20:47:00,8,100,0,signup,0
7009,Norway,Direct,Premium,Mobile,2024-01-05 20:48:00,3,300,0,signup,0
7010,Norway,Direct,Pro,Tablet,2024-01-05 20:49:00,9,500,0,signup,0
7011,Sweden,Organic,Premium,Mobile,2024-01-05 20:50:00,8,300,1,completed,300
7012,Norway,Direct,Premium,Tablet,2024-01-05 20:51:00,12,300,0,form_started,0
7013,Norway,Direct,Pro,Desktop,2024-01-05 20:52:00,14,500,0,signup,0
7014,Norway,Paid,Premium,Desktop,2024-01-05 20:53:00,10,300,0,form_started,0
7015,Sweden,Organic,Premium,Mobile,2024-01-05 20:54:00,17,300,0,signup,0
7016,Norway,Organic,Pro,Tablet,2024-01-05 20:55:00,11,500,0,form_started,0
7017,Denmark,Organic,Basic,Tablet,2024-01-05 20:56:00,10,100,0,signup,0
7018,Denmark,Paid,Basic,Mobile,2024-01-05 20:57:00,13,100,1,completed,100
7019,Sweden,Organic,Premium,Mobile,2024-01-05 20:58:00,2,300,1,completed,300
7020,Denmark,Organic,Basic,Desktop,2024-01-05 20:59:00,1,100,0,form_started,0
7021,Sweden,Paid,Basic,Mobile,2024-01-05 21:00:00,1,100,1,completed,100
7022,Denmark,Organic,Premium,Tablet,2024-01-05 21:01:00,16,300,1,completed,300
7023,Denmark,Direct,Pro,Mobile,2024-01-05 21:02:00,10,500,0,form_started,0
7024,Denmark,Direct,Basic,Desktop,2024-01-05 21:03:00,10,100,0,form_started,0
7025,Sweden,Direct,Premium,Mobile,2024-01-05 21:04:00,7,300,1,completed,300
7026,Sweden,Direct,Pro,Tablet,2024-01-05 21:05:00,7,500,1,completed,500
7027,Norway,Direct,Basic,Mobile,2024-01-05 21:06:00,1,100,0,form_started,0
7028,Sweden,Direct,Pro,Mobile,2024-01-05 21:07:00,13,500,0,form_started,0
7029,Denmark,Direct,Premium,Mobile,2024-01-05 21:08:00,5,300,0,form_started,0
7030,Denmark,Direct,Pro,Desktop,2024-01-05 21:09:00,3,500,0,signup,0
7031,Sweden,Direct,Pro,Desktop,2024-01-05 21:10:00,13,500,1,completed,500
7032,Sweden,Paid,Premium,Desktop,2024-01-05 21:11:00,12,300,1,completed,300
7033,Sweden,Paid,Basic,Desktop,2024-01-05 21:12:00,18,100,1,completed,100
7034,Norway,Direct,Basic,Tablet,2024-01-05 21:13:00,5,100,0,form_started,0
7035,Denmark,Paid,Pro,Tablet,2024-01-05 21:14:00,5,500,0,signup,0
7036,Norway,Paid,Pro,Desktop,2024-01-05 21:15:00,2,500,0,signup,0
7037,Norway,Direct,Pro,Desktop,2024-01-05 21:16:00,6,500,0,form_started,0
7038,Denmark,Direct,Pro,Desktop,2024-01-05 21:17:00,7,500,1,completed,500
7039,Denmark,Paid,Basic,Mobile,2024-01-05 21:18:00,1,100,1,completed,100
7040,Sweden,Direct,Premium,Tablet,2024-01-05 21:19:00,3,300,1,completed,300
7041,Sweden,Direct,Premium,Mobile,2024-01-05 21:20:00,2,300,1,completed,300
7042,Norway,Direct,Premium,Desktop,2024-01-05 21:21:00,10,300,0,signup,0
7043,Sweden,Direct,Pro,Tablet,2024-01-05 21:22:00,11,500,0,form_started,0
7044,Sweden,Paid,Pro,Desktop,2024-01-05 21:23:00,13,500,1,completed,500
7045,Denmark,Organic,Premium,Mobile,2024-01-05 21:24:00,16,300,0,signup,0
7046,Denmark,Paid,Basic,Tablet,2024-01-05 21:25:00,11,100,1,completed,100
7047,Sweden,Organic,Premium,Mobile,2024-01-05 21:26:00,18,300,0,form_started,0
7048,Denmark,Organic,Basic,Tablet,2024-01-05 21:27:00,11,100,0,signup,0
7049,Sweden,Organic,Pro,Desktop,2024-01-05 21:28:00,1,500,1,completed,500
7050,Denmark,Paid,Premium,Tablet,2024-01-05 21:29:00,18,300,1,completed,300
7051,Denmark,Paid,Premium,Mobile,2024-01-05 21:30:00,5,300,1,completed,300
7052,Denmark,Paid,Pro,Mobile,2024-01-05 21:31:00,2,500,0,form_started,0
7053,Denmark,Paid,Basic,Mobile,2024-01-05 21:32:00,18,100,1,completed,100
7054,Sweden,Paid,Premium,Mobile,2024-01-05 21:33:00,7,300,0,form_started,0
7055,Norway,Organic,Premium,Desktop,2024-01-05 21:34:00,11,300,0,form_started,0
7056,Denmark,Paid,Basic,Mobile,2024-01-05 21:35:00,11,100,1,completed,100
7057,Sweden,Organic,Premium,Desktop,2024-01-05 21:36:00,13,300,1,completed,300
7058,Sweden,Paid,Premium,Tablet,2024-01-05 21:37:00,4,300,0,signup,0
7059,Denmark,Paid,Pro,Mobile,2024-01-05 21:38:00,1,500,0,signup,0
7060,Norway,Direct,Basic,Tablet,2024-01-05 21:39:00,18,100,0,form_started,0
7061,Denmark,Organic,Premium,Tablet,2024-01-05 21:40:00,12,300,1,completed,300
7062,Sweden,Paid,Premium,Desktop,2024-01-05 21:41:00,10,300,0,form_started,0
7063,Norway,Paid,Pro,Mobile,2024-01-05 21:42:00,8,500,1,completed,500
7064,Sweden,Paid,Premium,Desktop,2024-01-05 21:43:00,3,300,1,completed,300
7065,Denmark,Direct,Pro,Mobile,2024-01-05 21:44:00,7,500,0,signup,0
7066,Norway,Organic,Premium,Tablet,2024-01-05 21:45:00,11,300,0,signup,0
7067,Sweden,Paid,Pro,Desktop,2024-01-05 21:46:00,7,500,0,signup,0
7068,Sweden,Paid,Basic,Mobile,2024-01-05 21:47:00,7,100,1,completed,100
7069,Sweden,Paid,Basic,Tablet,2024-01-05 21:48:00,9,100,0,signup,0
7070,Denmark,Direct,Premium,Desktop,2024-01-05 21:49:00,3,300,1,completed,300
7071,Norway,Paid,Premium,Desktop,2024-01-05 21:50:00,11,300,0,signup,0
7072,Denmark,Organic,Pro,Desktop,2024-01-05 21:51:00,17,500,1,completed,500
7073,Denmark,Organic,Pro,Desktop,2024-01-05 21:52:00,8,500,0,form_started,0
7074,Denmark,Organic,Basic,Tablet,2024-01-05 21:53:00,2,100,0,form_started,0
7075,Norway,Organic,Premium,Tablet,2024-01-05 21:54:00,1,300,1,completed,300
7076,Denmark,Paid,Pro,Tablet,2024-01-05 21:55:00,16,500,1,completed,500
7077,Denmark,Direct,Basic,Tablet,2024-01-05 21:56:00,4,100,0,signup,0
7078,Denmark,Direct,Basic,Mobile,2024-01-05 21:57:00,9,100,0,signup,0
7079,Denmark,Direct,Pro,Tablet,2024-01-05 21:58:00,8,500,0,form_started,0
7080,Sweden,Paid,Premium,Desktop,2024-01-05 21:59:00,1,300,0,form_started,0
7081,Denmark,Direct,Basic,Desktop,2024-01-05 22:00:00,8,100,1,completed,100
7082,Sweden,Organic,Pro,Desktop,2024-01-05 22:01:00,5,500,0,signup,0
7083,Denmark,Paid,Basic,Desktop,2024-01-05 22:02:00,1,100,0,signup,0
7084,Norway,Direct,Premium,Mobile,2024-01-05 22:03:00,7,300,0,signup,0
7085,Sweden,Organic,Pro,Desktop,2024-01-05 22:04:00,15,500,1,completed,500
7086,Sweden,Organic,Premium,Desktop,2024-01-05 22:05:00,7,300,0,form_started,0
7087,Sweden,Paid,Premium,Desktop,2024-01-05 22:06:00,1,300,0,signup,0
7088,Sweden,Paid,Basic,Tablet,2024-01-05 22:07:00,9,100,0,form_started,0
7089,Norway,Direct,Premium,Tablet,2024-01-05 22:08:00,1,300,1,completed,300
7090,Denmark,Direct,Basic,Mobile,2024-01-05 22:09:00,12,100,0,signup,0
7091,Sweden,Direct,Pro,Mobile,2024-01-05 22:10:00,7,500,0,signup,0
7092,Norway,Paid,Pro,Mobile,2024-01-05 22:11:00,9,500,1,completed,500
7093,Sweden,Direct,Basic,Desktop,2024-01-05 22:12:00,5,100,0,form_started,0
7094,Denmark,Direct,Basic,Mobile,2024-01-05 22:13:00,12,100,0,signup,0
7095,Sweden,Organic,Basic,Tablet,2024-01-05 22:14:00,2,100,1,completed,100
7096,Norway,Organic,Premium,Tablet,2024-01-05 22:15:00,18,300,1,completed,300
7097,Denmark,Organic,Pro,Tablet,2024-01-05 22:16:00,9,500,0,form_started,0
7098,Norway,Direct,Pro,Desktop,2024-01-05 22:17:00,1,500,0,signup,0
7099,Denmark,Paid,Premium,Desktop,2024-01-05 22:18:00,10,300,0,form_started,0
7100,Denmark,Organic,Basic,Mobile,2024-01-05 22:19:00,14,100,0,form_started,0
7101,Denmark,Paid,Pro,Mobile,2024-01-05 22:20:00,14,500,0,signup,0
7102,Sweden,Direct,Premium,Mobile,2024-01-05 22:21:00,7,300,0,signup,0
7103,Norway,Direct,Basic,Mobile,2024-01-05 22:22:00,12,100,0,form_started,0
7104,Norway,Organic,Pro,Desktop,2024-01-05 22:23:00,6,500,0,signup,0
7105,Norway,Paid,Basic,Tablet,2024-01-05 22:24:00,13,100,0,form_started,0
7106,Denmark,Organic,Premium,Desktop,2024-01-05 22:25:00,8,300,0,form_started,0
7107,Sweden,Direct,Pro,Mobile,2024-01-05 22:26:00,2,500,0,signup,0
7108,Denmark,Paid,Basic,Desktop,2024-01-05 22:27:00,10,100,0,form_started,0
7109,Norway,Organic,Basic,Tablet,2024-01-05 22:28:00,6,100,0,signup,0
7110,Sweden,Direct,Basic,Desktop,2024-01-05 22:29:00,16,100,0,signup,0
7111,Sweden,Organic,Premium,Tablet,2024-01-05 22:30:00,10,300,1,completed,300
7112,Sweden,Paid,Basic,Mobile,2024-01-05 22:31:00,15,100,1,completed,100
7113,Norway,Paid,Pro,Desktop,2024-01-05 22:32:00,10,500,1,completed,500
7114,Sweden,Paid,Pro,Mobile,2024-01-05 22:33:00,11,500,0,form_started,0
7115,Sweden,Paid,Basic,Mobile,2024-01-05 22:34:00,2,100,0,form_started,0
7116,Denmark,Paid,Premium,Tablet,2024-01-05 22:35:00,10,300,1,completed,300
7117,Denmark,Organic,Pro,Tablet,2024-01-05 22:36:00,12,500,0,signup,0
7118,Sweden,Organic,Pro,Mobile,2024-01-05 22:37:00,11,500,0,form_started,0
7119,Sweden,Organic,Pro,Tablet,2024-01-05 22:38:00,15,500,1,completed,500
7120,Denmark,Organic,Basic,Tablet,2024-01-05 22:39:00,4,100,0,form_started,0
7121,Denmark,Direct,Pro,Mobile,2024-01-05 22:40:00,5,500,0,signup,0
7122,Denmark,Direct,Basic,Mobile,2024-01-05 22:41:00,1,100,0,signup,0
7123,Norway,Organic,Basic,Tablet,2024-01-05 22:42:00,1,100,1,completed,100
7124,Norway,Direct,Basic,Mobile,2024-01-05 22:43:00,10,100,1,completed,100
7125,Denmark,Direct,Basic,Mobile,2024-01-05 22:44:00,4,100,1,completed,100
7126,Sweden,Paid,Basic,Tablet,2024-01-05 22:45:00,13,100,0,signup,0
7127,Denmark,Organic,Pro,Desktop,2024-01-05 22:46:00,14,500,1,completed,500
7128,Norway,Direct,Basic,Desktop,2024-01-05 22:47:00,19,100,0,form_started,0
7129,Sweden,Direct,Basic,Mobile,2024-01-05 22:48:00,5,100,0,form_started,0
7130,Norway,Organic,Basic,Tablet,2024-01-05 22:49:00,11,100,1,completed,100
7131,Sweden,Paid,Basic,Mobile,2024-01-05 22:50:00,8,100,0,signup,0
7132,Norway,Organic,Basic,Tablet,2024-01-05 22:51:00,1,100,0,signup,0
7133,Sweden,Paid,Basic,Mobile,2024-01-05 22:52:00,5,100,0,signup,0
7134,Sweden,Direct,Pro,Mobile,2024-01-05 22:53:00,18,500,0,signup,0
7135,Sweden,Paid,Basic,Tablet,2024-01-05 22:54:00,13,100,0,form_started,0
7136,Sweden,Paid,Basic,Mobile,2024-01-05 22:55:00,5,100,0,form_started,0
7137,Norway,Organic,Pro,Desktop,2024-01-05 22:56:00,7,500,0,signup,0
7138,Norway,Direct,Pro,Desktop,2024-01-05 22:57:00,12,500,0,form_started,0
7139,Sweden,Organic,Premium,Tablet,2024-01-05 22:58:00,2,300,0,form_started,0
7140,Sweden,Organic,Pro,Mobile,2024-01-05 22:59:00,13,500,1,completed,500
7141,Norway,Direct,Pro,Desktop,2024-01-05 23:00:00,14,500,1,completed,500
7142,Sweden,Organic,Basic,Tablet,2024-01-05 23:01:00,6,100,0,form_started,0
7143,Sweden,Organic,Premium,Tablet,2024-01-05 23:02:00,16,300,0,signup,0
7144,Sweden,Paid,Basic,Tablet,2024-01-05 23:03:00,10,100,0,signup,0
7145,Denmark,Organic,Premium,Desktop,2024-01-05 23:04:00,11,300,1,completed,300
7146,Sweden,Direct,Basic,Desktop,2024-01-05 23:05:00,1,100,1,completed,100
7147,Denmark,Organic,Pro,Desktop,2024-01-05 23:06:00,15,500,0,form_started,0
7148,Sweden,Paid,Pro,Desktop,2024-01-05 23:07:00,16,500,0,signup,0
7149,Norway,Organic,Premium,Mobile,2024-01-05 23:08:00,10,300,1,completed,300
7150,Denmark,Organic,Basic,Desktop,2024-01-05 23:09:00,10,100,0,signup,0
7151,Denmark,Organic,Basic,Tablet,2024-01-05 23:10:00,3,100,1,completed,100
7152,Sweden,Paid,Pro,Mobile,2024-01-05 23:11:00,11,500,1,completed,500
7153,Sweden,Direct,Pro,Desktop,2024-01-05 23:12:00,11,500,0,form_started,0
7154,Denmark,Direct,Premium,Mobile,2024-01-05 23:13:00,16,300,0,form_started,0
7155,Norway,Paid,Pro,Tablet,2024-01-05 23:14:00,6,500,1,completed,500
7156,Norway,Paid,Premium,Desktop,2024-01-05 23:15:00,9,300,0,signup,0
7157,Sweden,Organic,Premium,Mobile,2024-01-05 23:16:00,1,300,1,completed,300
7158,Norway,Direct,Premium,Desktop,2024-01-05 23:17:00,6,300,0,form_started,0
7159,Norway,Paid,Premium,Mobile,2024-01-05 23:18:00,18,300,1,completed,300
7160,Sweden,Direct,Pro,Mobile,2024-01-05 23:19:00,13,500,0,form_started,0
7161,Norway,Organic,Premium,Tablet,2024-01-05 23:20:00,2,300,1,completed,300
7162,Sweden,Paid,Pro,Tablet,2024-01-05 23:21:00,19,500,0,form_started,0
7163,Denmark,Direct,Premium,Desktop,2024-01-05 23:22:00,2,300,0,signup,0
7164,Sweden,Direct,Pro,Desktop,2024-01-05 23:23:00,4,500,0,form_started,0
7165,Denmark,Organic,Premium,Mobile,2024-01-05 23:24:00,4,300,0,form_started,0
7166,Denmark,Paid,Pro,Tablet,2024-01-05 23:25:00,10,500,0,signup,0
7167,Norway,Direct,Basic,Tablet,2024-01-05 23:26:00,17,100,0,signup,0
7168,Norway,Organic,Premium,Mobile,2024-01-05 23:27:00,16,300,0,signup,0
7169,Norway,Direct,Premium,Tablet,2024-01-05 23:28:00,8,300,0,signup,0
7170,Sweden,Organic,Basic,Tablet,2024-01-05 23:29:00,6,100,1,completed,100
7171,Norway,Direct,Basic,Mobile,2024-01-05 23:30:00,2,100,0,form_started,0
7172,Denmark,Direct,Premium,Desktop,2024-01-05 23:31:00,15,300,0,signup,0
7173,Norway,Organic,Pro,Desktop,2024-01-05 23:32:00,11,500,0,signup,0
7174,Norway,Paid,Premium,Desktop,2024-01-05 23:33:00,16,300,1,completed,300
7175,Sweden,Organic,Pro,Mobile,2024-01-05 23:34:00,4,500,1,completed,500
7176,Sweden,Paid,Basic,Desktop,2024-01-05 23:35:00,11,100,0,signup,0
7177,Denmark,Direct,Pro,Mobile,2024-01-05 23:36:00,14,500,1,completed,500
7178,Sweden,Direct,Premium,Mobile,2024-01-05 23:37:00,8,300,1,completed,300
7179,Norway,Organic,Basic,Tablet,2024-01-05 23:38:00,6,100,0,form_started,0
7180,Sweden,Organic,Basic,Tablet,2024-01-05 23:39:00,19,100,0,signup,0
7181,Denmark,Paid,Premium,Desktop,2024-01-05 23:40:00,4,300,0,signup,0
7182,Norway,Paid,Premium,Mobile,2024-01-05 23:41:00,4,300,0,form_started,0
7183,Denmark,Paid,Basic,Desktop,2024-01-05 23:42:00,6,100,0,form_started,0
7184,Sweden,Organic,Pro,Desktop,2024-01-05 23:43:00,11,500,0,form_started,0
7185,Sweden,Direct,Pro,Tablet,2024-01-05 23:44:00,1,500,0,form_started,0
7186,Denmark,Organic,Pro,Desktop,2024-01-05 23:45:00,2,500,0,form_started,0
7187,Norway,Direct,Premium,Desktop,2024-01-05 23:46:00,9,300,1,completed,300
7188,Sweden,Organic,Basic,Tablet,2024-01-05 23:47:00,16,100,0,form_started,0
7189,Sweden,Organic,Pro,Desktop,2024-01-05 23:48:00,6,500,0,form_started,0
7190,Norway,Paid,Basic,Desktop,2024-01-05 23:49:00,9,100,1,completed,100
7191,Sweden,Direct,Pro,Mobile,2024-01-05 23:50:00,19,500,0,signup,0
7192,Denmark,Organic,Basic,Desktop,2024-01-05 23:51:00,5,100,0,signup,0
7193,Sweden,Organic,Premium,Tablet,2024-01-05 23:52:00,10,300,1,completed,300
7194,Sweden,Direct,Premium,Tablet,2024-01-05 23:53:00,7,300,1,completed,300
7195,Norway,Organic,Premium,Mobile,2024-01-05 23:54:00,2,300,0,signup,0
7196,Denmark,Direct,Pro,Tablet,2024-01-05 23:55:00,4,500,1,completed,500
7197,Norway,Paid,Premium,Tablet,2024-01-05 23:56:00,8,300,1,completed,300
7198,Sweden,Paid,Premium,Tablet,2024-01-05 23:57:00,3,300,0,form_started,0
7199,Sweden,Direct,Premium,Desktop,2024-01-05 23:58:00,2,300,0,form_started,0
7200,Norway,Paid,Basic,Mobile,2024-01-05 23:59:00,9,100,1,completed,100
7201,Norway,Direct,Basic,Mobile,2024-01-06 00:00:00,11,100,0,signup,0
7202,Norway,Organic,Basic,Mobile,2024-01-06 00:01:00,4,100,0,form_started,0
7203,Denmark,Organic,Basic,Mobile,2024-01-06 00:02:00,9,100,1,completed,100
7204,Sweden,Direct,Basic,Tablet,2024-01-06 00:03:00,6,100,0,signup,0
7205,Norway,Organic,Basic,Desktop,2024-01-06 00:04:00,1,100,0,signup,0
7206,Sweden,Paid,Basic,Tablet,2024-01-06 00:05:00,3,100,0,signup,0
7207,Denmark,Organic,Premium,Tablet,2024-01-06 00:06:00,7,300,0,form_started,0
7208,Denmark,Organic,Premium,Tablet,2024-01-06 00:07:00,9,300,0,signup,0
7209,Denmark,Direct,Pro,Tablet,2024-01-06 00:08:00,8,500,1,completed,500
7210,Denmark,Paid,Premium,Mobile,2024-01-06 00:09:00,13,300,1,completed,300
7211,Sweden,Organic,Basic,Mobile,2024-01-06 00:10:00,18,100,0,form_started,0
7212,Denmark,Organic,Basic,Desktop,2024-01-06 00:11:00,19,100,1,completed,100
7213,Denmark,Direct,Pro,Tablet,2024-01-06 00:12:00,9,500,1,completed,500
7214,Norway,Direct,Premium,Mobile,2024-01-06 00:13:00,6,300,0,signup,0
7215,Denmark,Paid,Premium,Desktop,2024-01-06 00:14:00,12,300,0,signup,0
7216,Norway,Organic,Pro,Tablet,2024-01-06 00:15:00,4,500,0,signup,0
7217,Denmark,Direct,Basic,Tablet,2024-01-06 00:16:00,9,100,0,form_started,0
7218,Denmark,Direct,Basic,Mobile,2024-01-06 00:17:00,10,100,0,signup,0
7219,Norway,Direct,Basic,Tablet,2024-01-06 00:18:00,3,100,0,signup,0
7220,Denmark,Paid,Basic,Tablet,2024-01-06 00:19:00,17,100,0,form_started,0
7221,Sweden,Direct,Pro,Mobile,2024-01-06 00:20:00,7,500,0,signup,0
7222,Sweden,Paid,Premium,Desktop,2024-01-06 00:21:00,8,300,0,signup,0
7223,Denmark,Paid,Basic,Desktop,2024-01-06 00:22:00,11,100,0,signup,0
7224,Sweden,Organic,Premium,Mobile,2024-01-06 00:23:00,13,300,0,signup,0
7225,Norway,Organic,Premium,Mobile,2024-01-06 00:24:00,3,300,0,form_started,0
7226,Denmark,Paid,Basic,Desktop,2024-01-06 00:25:00,19,100,1,completed,100
7227,Denmark,Organic,Basic,Desktop,2024-01-06 00:26:00,14,100,0,signup,0
7228,Norway,Organic,Basic,Mobile,2024-01-06 00:27:00,16,100,1,completed,100
7229,Norway,Direct,Premium,Mobile,2024-01-06 00:28:00,15,300,0,signup,0
7230,Norway,Organic,Pro,Mobile,2024-01-06 00:29:00,2,500,0,form_started,0
7231,Denmark,Paid,Basic,Tablet,2024-01-06 00:30:00,6,100,0,form_started,0
7232,Norway,Organic,Premium,Mobile,2024-01-06 00:31:00,7,300,1,completed,300
7233,Norway,Direct,Premium,Tablet,2024-01-06 00:32:00,9,300,0,signup,0
7234,Sweden,Paid,Basic,Desktop,2024-01-06 00:33:00,9,100,1,completed,100
7235,Sweden,Organic,Pro,Desktop,2024-01-06 00:34:00,17,500,0,signup,0
7236,Denmark,Paid,Basic,Mobile,2024-01-06 00:35:00,3,100,0,signup,0
7237,Sweden,Organic,Basic,Mobile,2024-01-06 00:36:00,4,100,0,form_started,0
7238,Sweden,Direct,Pro,Desktop,2024-01-06 00:37:00,2,500,1,completed,500
7239,Norway,Organic,Basic,Desktop,2024-01-06 00:38:00,1,100,1,completed,100
7240,Norway,Paid,Basic,Desktop,2024-01-06 00:39:00,10,100,0,form_started,0
7241,Sweden,Paid,Pro,Desktop,2024-01-06 00:40:00,3,500,1,completed,500
7242,Sweden,Paid,Premium,Mobile,2024-01-06 00:41:00,10,300,1,completed,300
7243,Sweden,Organic,Premium,Tablet,2024-01-06 00:42:00,9,300,0,form_started,0
7244,Denmark,Organic,Premium,Desktop,2024-01-06 00:43:00,17,300,1,completed,300
7245,Denmark,Organic,Premium,Desktop,2024-01-06 00:44:00,15,300,0,signup,0
7246,Denmark,Direct,Premium,Tablet,2024-01-06 00:45:00,3,300,0,signup,0
7247,Sweden,Direct,Basic,Mobile,2024-01-06 00:46:00,3,100,1,completed,100
7248,Sweden,Direct,Pro,Tablet,2024-01-06 00:47:00,4,500,0,form_started,0
7249,Denmark,Paid,Premium,Mobile,2024-01-06 00:48:00,4,300,1,completed,300
7250,Denmark,Paid,Pro,Mobile,2024-01-06 00:49:00,17,500,1,completed,500
7251,Sweden,Paid,Premium,Mobile,2024-01-06 00:50:00,6,300,1,completed,300
7252,Norway,Paid,Basic,Mobile,2024-01-06 00:51:00,11,100,0,form_started,0
7253,Denmark,Paid,Premium,Mobile,2024-01-06 00:52:00,12,300,0,signup,0
7254,Sweden,Organic,Premium,Desktop,2024-01-06 00:53:00,7,300,0,form_started,0
7255,Sweden,Paid,Pro,Mobile,2024-01-06 00:54:00,13,500,1,completed,500
7256,Norway,Organic,Pro,Desktop,2024-01-06 00:55:00,6,500,0,signup,0
7257,Sweden,Direct,Basic,Mobile,2024-01-06 00:56:00,3,100,0,form_started,0
7258,Sweden,Direct,Pro,Desktop,2024-01-06 00:57:00,14,500,0,signup,0
7259,Denmark,Direct,Pro,Tablet,2024-01-06 00:58:00,14,500,0,form_started,0
7260,Denmark,Direct,Pro,Tablet,2024-01-06 00:59:00,10,500,0,signup,0
7261,Norway,Direct,Basic,Desktop,2024-01-06 01:00:00,5,100,0,form_started,0
7262,Norway,Paid,Basic,Mobile,2024-01-06 01:01:00,2,100,0,form_started,0
7263,Sweden,Paid,Basic,Desktop,2024-01-06 01:02:00,6,100,1,completed,100
7264,Denmark,Paid,Pro,Desktop,2024-01-06 01:03:00,11,500,1,completed,500
7265,Norway,Direct,Pro,Mobile,2024-01-06 01:04:00,18,500,1,completed,500
7266,Norway,Direct,Basic,Tablet,2024-01-06 01:05:00,11,100,0,form_started,0
7267,Norway,Organic,Pro,Desktop,2024-01-06 01:06:00,15,500,1,completed,500
7268,Sweden,Paid,Pro,Tablet,2024-01-06 01:07:00,3,500,1,completed,500
7269,Denmark,Direct,Premium,Tablet,2024-01-06 01:08:00,2,300,1,completed,300
7270,Norway,Direct,Basic,Tablet,2024-01-06 01:09:00,7,100,0,form_started,0
7271,Denmark,Direct,Basic,Desktop,2024-01-06 01:10:00,5,100,1,completed,100
7272,Norway,Organic,Pro,Desktop,2024-01-06 01:11:00,13,500,0,form_started,0
7273,Norway,Direct,Pro,Mobile,2024-01-06 01:12:00,8,500,0,form_started,0
7274,Denmark,Organic,Premium,Mobile,2024-01-06 01:13:00,9,300,0,signup,0
7275,Denmark,Organic,Basic,Desktop,2024-01-06 01:14:00,8,100,1,completed,100
7276,Denmark,Paid,Basic,Mobile,2024-01-06 01:15:00,10,100,0,form_started,0
7277,Sweden,Direct,Pro,Tablet,2024-01-06 01:16:00,2,500,0,signup,0
7278,Norway,Organic,Basic,Tablet,2024-01-06 01:17:00,10,100,1,completed,100
7279,Sweden,Direct,Pro,Desktop,2024-01-06 01:18:00,11,500,0,form_started,0
7280,Denmark,Paid,Premium,Tablet,2024-01-06 01:19:00,11,300,0,form_started,0
7281,Norway,Paid,Pro,Desktop,2024-01-06 01:20:00,5,500,0,signup,0
7282,Sweden,Organic,Premium,Desktop,2024-01-06 01:21:00,14,300,0,signup,0
7283,Norway,Paid,Pro,Desktop,2024-01-06 01:22:00,3,500,0,signup,0
7284,Sweden,Paid,Premium,Tablet,2024-01-06 01:23:00,2,300,0,form_started,0
7285,Denmark,Paid,Premium,Desktop,2024-01-06 01:24:00,18,300,1,completed,300
7286,Sweden,Direct,Basic,Desktop,2024-01-06 01:25:00,1,100,1,completed,100
7287,Norway,Direct,Pro,Mobile,2024-01-06 01:26:00,1,500,0,form_started,0
7288,Norway,Organic,Basic,Tablet,2024-01-06 01:27:00,17,100,0,signup,0
7289,Norway,Organic,Basic,Desktop,2024-01-06 01:28:00,6,100,0,signup,0
7290,Norway,Paid,Pro,Mobile,2024-01-06 01:29:00,13,500,0,signup,0
7291,Denmark,Paid,Basic,Desktop,2024-01-06 01:30:00,1,100,0,form_started,0
7292,Sweden,Organic,Basic,Tablet,2024-01-06 01:31:00,6,100,0,signup,0
7293,Denmark,Paid,Basic,Mobile,2024-01-06 01:32:00,8,100,0,signup,0
7294,Denmark,Organic,Pro,Mobile,2024-01-06 01:33:00,13,500,0,form_started,0
7295,Denmark,Direct,Basic,Desktop,2024-01-06 01:34:00,2,100,0,signup,0
7296,Norway,Paid,Basic,Desktop,2024-01-06 01:35:00,8,100,1,completed,100
7297,Norway,Paid,Basic,Tablet,2024-01-06 01:36:00,1,100,1,completed,100
7298,Norway,Paid,Pro,Tablet,2024-01-06 01:37:00,13,500,1,completed,500
7299,Sweden,Direct,Premium,Desktop,2024-01-06 01:38:00,1,300,1,completed,300
7300,Norway,Direct,Premium,Mobile,2024-01-06 01:39:00,10,300,0,form_started,0
7301,Sweden,Paid,Premium,Tablet,2024-01-06 01:40:00,5,300,1,completed,300
7302,Norway,Organic,Premium,Tablet,2024-01-06 01:41:00,13,300,0,signup,0
7303,Norway,Direct,Basic,Mobile,2024-01-06 01:42:00,5,100,1,completed,100
7304,Denmark,Paid,Pro,Desktop,2024-01-06 01:43:00,10,500,1,completed,500
7305,Denmark,Paid,Basic,Tablet,2024-01-06 01:44:00,3,100,0,signup,0
7306,Denmark,Direct,Pro,Mobile,2024-01-06 01:45:00,2,500,0,signup,0
7307,Sweden,Organic,Basic,Tablet,2024-01-06 01:46:00,2,100,0,signup,0
7308,Sweden,Paid,Premium,Mobile,2024-01-06 01:47:00,5,300,0,signup,0
7309,Norway,Organic,Premium,Tablet,2024-01-06 01:48:00,4,300,1,completed,300
7310,Sweden,Organic,Pro,Desktop,2024-01-06 01:49:00,2,500,1,completed,500
7311,Norway,Direct,Basic,Mobile,2024-01-06 01:50:00,9,100,0,form_started,0
7312,Sweden,Paid,Premium,Tablet,2024-01-06 01:51:00,9,300,0,signup,0
7313,Sweden,Paid,Pro,Tablet,2024-01-06 01:52:00,9,500,0,signup,0
7314,Sweden,Organic,Basic,Mobile,2024-01-06 01:53:00,4,100,1,completed,100
7315,Denmark,Direct,Pro,Mobile,2024-01-06 01:54:00,8,500,1,completed,500
7316,Sweden,Direct,Basic,Desktop,2024-01-06 01:55:00,18,100,0,signup,0
7317,Denmark,Direct,Basic,Mobile,2024-01-06 01:56:00,9,100,1,completed,100
7318,Denmark,Organic,Basic,Tablet,2024-01-06 01:57:00,3,100,1,completed,100
7319,Sweden,Organic,Pro,Desktop,2024-01-06 01:58:00,6,500,0,signup,0
7320,Norway,Paid,Pro,Mobile,2024-01-06 01:59:00,19,500,1,completed,500
7321,Norway,Direct,Basic,Tablet,2024-01-06 02:00:00,5,100,0,form_started,0
7322,Norway,Organic,Premium,Mobile,2024-01-06 02:01:00,17,300,0,signup,0
7323,Sweden,Direct,Basic,Tablet,2024-01-06 02:02:00,19,100,0,form_started,0
7324,Norway,Organic,Pro,Tablet,2024-01-06 02:03:00,3,500,0,form_started,0
7325,Denmark,Paid,Basic,Desktop,2024-01-06 02:04:00,8,100,0,form_started,0
7326,Norway,Direct,Pro,Desktop,2024-01-06 02:05:00,9,500,1,completed,500
7327,Sweden,Organic,Basic,Mobile,2024-01-06 02:06:00,8,100,1,completed,100
7328,Norway,Direct,Basic,Desktop,2024-01-06 02:07:00,14,100,1,completed,100
7329,Denmark,Organic,Premium,Mobile,2024-01-06 02:08:00,10,300,0,form_started,0
7330,Sweden,Organic,Premium,Desktop,2024-01-06 02:09:00,17,300,0,signup,0
7331,Norway,Organic,Pro,Desktop,2024-01-06 02:10:00,3,500,0,form_started,0
7332,Sweden,Direct,Basic,Mobile,2024-01-06 02:11:00,3,100,0,signup,0
7333,Sweden,Organic,Pro,Desktop,2024-01-06 02:12:00,3,500,0,form_started,0
7334,Sweden,Paid,Basic,Desktop,2024-01-06 02:13:00,4,100,1,completed,100
7335,Norway,Direct,Basic,Desktop,2024-01-06 02:14:00,17,100,1,completed,100
7336,Sweden,Paid,Basic,Desktop,2024-01-06 02:15:00,14,100,0,form_started,0
7337,Norway,Paid,Premium,Mobile,2024-01-06 02:16:00,2,300,1,completed,300
7338,Denmark,Direct,Pro,Tablet,2024-01-06 02:17:00,12,500,1,completed,500
7339,Norway,Organic,Basic,Mobile,2024-01-06 02:18:00,5,100,1,completed,100
7340,Denmark,Paid,Basic,Mobile,2024-01-06 02:19:00,2,100,0,form_started,0
7341,Norway,Direct,Pro,Mobile,2024-01-06 02:20:00,12,500,1,completed,500
7342,Sweden,Organic,Pro,Desktop,2024-01-06 02:21:00,9,500,0,form_started,0
7343,Norway,Direct,Basic,Desktop,2024-01-06 02:22:00,9,100,0,form_started,0
7344,Sweden,Direct,Premium,Tablet,2024-01-06 02:23:00,1,300,0,signup,0
7345,Denmark,Direct,Premium,Desktop,2024-01-06 02:24:00,7,300,0,signup,0
7346,Norway,Organic,Basic,Tablet,2024-01-06 02:25:00,18,100,0,signup,0
7347,Sweden,Paid,Premium,Tablet,2024-01-06 02:26:00,10,300,0,form_started,0
7348,Denmark,Paid,Pro,Desktop,2024-01-06 02:27:00,15,500,1,completed,500
7349,Denmark,Direct,Premium,Tablet,2024-01-06 02:28:00,9,300,1,completed,300
7350,Norway,Direct,Pro,Mobile,2024-01-06 02:29:00,11,500,1,completed,500
7351,Denmark,Organic,Pro,Mobile,2024-01-06 02:30:00,1,500,0,form_started,0
7352,Sweden,Direct,Pro,Mobile,2024-01-06 02:31:00,11,500,1,completed,500
7353,Denmark,Direct,Pro,Tablet,2024-01-06 02:32:00,1,500,0,signup,0
7354,Denmark,Direct,Premium,Tablet,2024-01-06 02:33:00,5,300,0,form_started,0
7355,Sweden,Paid,Pro,Mobile,2024-01-06 02:34:00,18,500,1,completed,500
7356,Denmark,Direct,Basic,Desktop,2024-01-06 02:35:00,1,100,1,completed,100
7357,Denmark,Paid,Pro,Mobile,2024-01-06 02:36:00,10,500,0,form_started,0
7358,Denmark,Organic,Basic,Desktop,2024-01-06 02:37:00,13,100,1,completed,100
7359,Denmark,Organic,Pro,Desktop,2024-01-06 02:38:00,8,500,1,completed,500
7360,Sweden,Paid,Pro,Tablet,2024-01-06 02:39:00,13,500,1,completed,500
7361,Denmark,Paid,Premium,Tablet,2024-01-06 02:40:00,2,300,1,completed,300
7362,Sweden,Paid,Pro,Desktop,2024-01-06 02:41:00,12,500,1,completed,500
7363,Denmark,Paid,Pro,Desktop,2024-01-06 02:42:00,13,500,1,completed,500
7364,Denmark,Direct,Premium,Desktop,2024-01-06 02:43:00,8,300,1,completed,300
7365,Denmark,Paid,Premium,Tablet,2024-01-06 02:44:00,15,300,1,completed,300
7366,Denmark,Paid,Basic,Mobile,2024-01-06 02:45:00,7,100,1,completed,100
7367,Sweden,Paid,Premium,Desktop,2024-01-06 02:46:00,7,300,1,completed,300
7368,Sweden,Direct,Basic,Tablet,2024-01-06 02:47:00,17,100,0,form_started,0
7369,Sweden,Direct,Pro,Mobile,2024-01-06 02:48:00,19,500,1,completed,500
7370,Norway,Direct,Basic,Tablet,2024-01-06 02:49:00,3,100,0,signup,0
7371,Denmark,Organic,Premium,Mobile,2024-01-06 02:50:00,7,300,0,signup,0
7372,Denmark,Direct,Pro,Tablet,2024-01-06 02:51:00,12,500,0,form_started,0
7373,Sweden,Paid,Basic,Mobile,2024-01-06 02:52:00,14,100,0,signup,0
7374,Norway,Direct,Basic,Desktop,2024-01-06 02:53:00,2,100,0,form_started,0
7375,Denmark,Direct,Basic,Tablet,2024-01-06 02:54:00,7,100,1,completed,100
7376,Sweden,Paid,Pro,Mobile,2024-01-06 02:55:00,16,500,1,completed,500
7377,Denmark,Direct,Basic,Mobile,2024-01-06 02:56:00,9,100,0,signup,0
7378,Denmark,Organic,Basic,Mobile,2024-01-06 02:57:00,1,100,1,completed,100
7379,Sweden,Direct,Premium,Desktop,2024-01-06 02:58:00,12,300,1,completed,300
7380,Sweden,Organic,Basic,Tablet,2024-01-06 02:59:00,2,100,0,signup,0
7381,Denmark,Organic,Pro,Mobile,2024-01-06 03:00:00,18,500,0,signup,0
7382,Denmark,Organic,Premium,Desktop,2024-01-06 03:01:00,14,300,0,signup,0
7383,Sweden,Paid,Pro,Desktop,2024-01-06 03:02:00,12,500,1,completed,500
7384,Denmark,Direct,Premium,Desktop,2024-01-06 03:03:00,18,300,0,form_started,0
7385,Denmark,Organic,Premium,Desktop,2024-01-06 03:04:00,5,300,1,completed,300
7386,Sweden,Organic,Basic,Desktop,2024-01-06 03:05:00,7,100,0,signup,0
7387,Denmark,Direct,Pro,Desktop,2024-01-06 03:06:00,4,500,0,signup,0
7388,Denmark,Paid,Basic,Desktop,2024-01-06 03:07:00,13,100,0,form_started,0
7389,Norway,Paid,Premium,Tablet,2024-01-06 03:08:00,16,300,0,form_started,0
7390,Sweden,Organic,Basic,Tablet,2024-01-06 03:09:00,16,100,0,signup,0
7391,Norway,Paid,Premium,Desktop,2024-01-06 03:10:00,19,300,0,form_started,0
7392,Norway,Direct,Premium,Mobile,2024-01-06 03:11:00,4,300,0,signup,0
7393,Norway,Paid,Pro,Mobile,2024-01-06 03:12:00,1,500,0,signup,0
7394,Denmark,Direct,Pro,Mobile,2024-01-06 03:13:00,13,500,1,completed,500
7395,Denmark,Organic,Pro,Desktop,2024-01-06 03:14:00,9,500,1,completed,500
7396,Norway,Direct,Pro,Mobile,2024-01-06 03:15:00,10,500,1,completed,500
7397,Norway,Organic,Basic,Tablet,2024-01-06 03:16:00,6,100,1,completed,100
7398,Norway,Direct,Pro,Tablet,2024-01-06 03:17:00,7,500,0,signup,0
7399,Denmark,Direct,Pro,Tablet,2024-01-06 03:18:00,16,500,0,signup,0
7400,Norway,Paid,Pro,Tablet,2024-01-06 03:19:00,17,500,0,form_started,0
7401,Norway,Direct,Premium,Desktop,2024-01-06 03:20:00,1,300,0,form_started,0
7402,Sweden,Organic,Premium,Tablet,2024-01-06 03:21:00,9,300,0,signup,0
7403,Sweden,Direct,Pro,Mobile,2024-01-06 03:22:00,14,500,1,completed,500
7404,Denmark,Organic,Premium,Mobile,2024-01-06 03:23:00,15,300,1,completed,300
7405,Sweden,Organic,Premium,Tablet,2024-01-06 03:24:00,4,300,0,form_started,0
7406,Sweden,Direct,Basic,Tablet,2024-01-06 03:25:00,8,100,0,form_started,0
7407,Sweden,Paid,Premium,Tablet,2024-01-06 03:26:00,15,300,1,completed,300
7408,Denmark,Direct,Basic,Mobile,2024-01-06 03:27:00,4,100,1,completed,100
7409,Sweden,Direct,Premium,Mobile,2024-01-06 03:28:00,19,300,0,signup,0
7410,Denmark,Paid,Pro,Tablet,2024-01-06 03:29:00,3,500,0,signup,0
7411,Norway,Organic,Premium,Mobile,2024-01-06 03:30:00,8,300,1,completed,300
7412,Sweden,Direct,Premium,Mobile,2024-01-06 03:31:00,2,300,1,completed,300
7413,Denmark,Paid,Basic,Desktop,2024-01-06 03:32:00,8,100,0,signup,0
7414,Sweden,Paid,Pro,Tablet,2024-01-06 03:33:00,8,500,0,signup,0
7415,Norway,Organic,Basic,Tablet,2024-01-06 03:34:00,17,100,0,form_started,0
7416,Denmark,Paid,Pro,Desktop,2024-01-06 03:35:00,16,500,1,completed,500
7417,Denmark,Organic,Pro,Desktop,2024-01-06 03:36:00,16,500,0,signup,0
7418,Denmark,Direct,Basic,Mobile,2024-01-06 03:37:00,16,100,1,completed,100
7419,Norway,Paid,Premium,Desktop,2024-01-06 03:38:00,7,300,0,signup,0
7420,Norway,Direct,Pro,Tablet,2024-01-06 03:39:00,15,500,0,form_started,0
7421,Norway,Paid,Premium,Tablet,2024-01-06 03:40:00,17,300,1,completed,300
7422,Denmark,Paid,Basic,Tablet,2024-01-06 03:41:00,3,100,0,signup,0
7423,Norway,Direct,Basic,Mobile,2024-01-06 03:42:00,1,100,0,signup,0
7424,Sweden,Paid,Basic,Mobile,2024-01-06 03:43:00,8,100,0,form_started,0
7425,Norway,Direct,Basic,Tablet,2024-01-06 03:44:00,7,100,1,completed,100
7426,Denmark,Direct,Pro,Tablet,2024-01-06 03:45:00,18,500,0,form_started,0
7427,Sweden,Organic,Basic,Mobile,2024-01-06 03:46:00,5,100,0,signup,0
7428,Norway,Direct,Premium,Mobile,2024-01-06 03:47:00,15,300,1,completed,300
7429,Sweden,Organic,Premium,Desktop,2024-01-06 03:48:00,7,300,0,signup,0
7430,Sweden,Direct,Pro,Mobile,2024-01-06 03:49:00,10,500,1,completed,500
7431,Denmark,Paid,Basic,Mobile,2024-01-06 03:50:00,16,100,0,form_started,0
7432,Sweden,Direct,Pro,Tablet,2024-01-06 03:51:00,2,500,0,signup,0
7433,Sweden,Paid,Pro,Tablet,2024-01-06 03:52:00,18,500,0,form_started,0
7434,Denmark,Organic,Pro,Tablet,2024-01-06 03:53:00,15,500,1,completed,500
7435,Denmark,Paid,Basic,Desktop,2024-01-06 03:54:00,19,100,0,form_started,0
7436,Denmark,Direct,Premium,Mobile,2024-01-06 03:55:00,14,300,1,completed,300
7437,Sweden,Paid,Premium,Desktop,2024-01-06 03:56:00,2,300,0,signup,0
7438,Sweden,Organic,Pro,Mobile,2024-01-06 03:57:00,18,500,0,form_started,0
7439,Sweden,Paid,Pro,Mobile,2024-01-06 03:58:00,9,500,0,signup,0
7440,Denmark,Paid,Premium,Tablet,2024-01-06 03:59:00,1,300,0,form_started,0
7441,Norway,Direct,Premium,Mobile,2024-01-06 04:00:00,16,300,0,form_started,0
7442,Sweden,Direct,Basic,Desktop,2024-01-06 04:01:00,12,100,0,signup,0
7443,Norway,Paid,Pro,Tablet,2024-01-06 04:02:00,12,500,0,signup,0
7444,Denmark,Organic,Basic,Desktop,2024-01-06 04:03:00,19,100,1,completed,100
7445,Sweden,Paid,Premium,Desktop,2024-01-06 04:04:00,10,300,1,completed,300
7446,Norway,Organic,Premium,Tablet,2024-01-06 04:05:00,5,300,0,form_started,0
7447,Sweden,Organic,Premium,Mobile,2024-01-06 04:06:00,3,300,0,signup,0
7448,Sweden,Organic,Premium,Desktop,2024-01-06 04:07:00,9,300,1,completed,300
7449,Sweden,Paid,Basic,Mobile,2024-01-06 04:08:00,15,100,0,form_started,0
7450,Norway,Organic,Premium,Tablet,2024-01-06 04:09:00,14,300,1,completed,300
7451,Denmark,Paid,Pro,Mobile,2024-01-06 04:10:00,11,500,0,signup,0
7452,Sweden,Organic,Premium,Mobile,2024-01-06 04:11:00,13,300,1,completed,300
7453,Denmark,Organic,Pro,Tablet,2024-01-06 04:12:00,7,500,0,signup,0
7454,Denmark,Paid,Premium,Mobile,2024-01-06 04:13:00,2,300,0,signup,0
7455,Norway,Direct,Basic,Desktop,2024-01-06 04:14:00,3,100,0,signup,0
7456,Norway,Direct,Pro,Desktop,2024-01-06 04:15:00,8,500,1,completed,500
7457,Denmark,Paid,Basic,Desktop,2024-01-06 04:16:00,1,100,0,form_started,0
7458,Sweden,Paid,Premium,Mobile,2024-01-06 04:17:00,4,300,0,signup,0
7459,Norway,Direct,Basic,Desktop,2024-01-06 04:18:00,13,100,0,signup,0
7460,Sweden,Direct,Premium,Mobile,2024-01-06 04:19:00,14,300,0,signup,0
7461,Sweden,Direct,Basic,Mobile,2024-01-06 04:20:00,9,100,0,signup,0
7462,Sweden,Paid,Basic,Mobile,2024-01-06 04:21:00,3,100,0,signup,0
7463,Denmark,Organic,Pro,Mobile,2024-01-06 04:22:00,14,500,0,signup,0
7464,Sweden,Paid,Premium,Tablet,2024-01-06 04:23:00,4,300,0,signup,0
7465,Denmark,Direct,Basic,Desktop,2024-01-06 04:24:00,17,100,1,completed,100
7466,Denmark,Organic,Premium,Desktop,2024-01-06 04:25:00,15,300,1,completed,300
7467,Sweden,Paid,Pro,Mobile,2024-01-06 04:26:00,12,500,1,completed,500
7468,Sweden,Direct,Basic,Tablet,2024-01-06 04:27:00,14,100,0,form_started,0
7469,Sweden,Paid,Premium,Mobile,2024-01-06 04:28:00,19,300,0,form_started,0
7470,Sweden,Organic,Basic,Desktop,2024-01-06 04:29:00,10,100,0,signup,0
7471,Denmark,Direct,Basic,Desktop,2024-01-06 04:30:00,5,100,0,form_started,0
7472,Sweden,Paid,Basic,Tablet,2024-01-06 04:31:00,17,100,0,signup,0
7473,Sweden,Organic,Basic,Mobile,2024-01-06 04:32:00,17,100,0,form_started,0
7474,Denmark,Organic,Pro,Tablet,2024-01-06 04:33:00,3,500,0,signup,0
7475,Norway,Paid,Pro,Mobile,2024-01-06 04:34:00,16,500,0,signup,0
7476,Norway,Organic,Premium,Tablet,2024-01-06 04:35:00,9,300,0,signup,0
7477,Denmark,Direct,Premium,Desktop,2024-01-06 04:36:00,17,300,0,form_started,0
7478,Norway,Organic,Basic,Tablet,2024-01-06 04:37:00,12,100,0,signup,0
7479,Denmark,Paid,Basic,Desktop,2024-01-06 04:38:00,2,100,1,completed,100
7480,Sweden,Direct,Basic,Desktop,2024-01-06 04:39:00,16,100,0,signup,0
7481,Sweden,Organic,Pro,Mobile,2024-01-06 04:40:00,6,500,0,signup,0
7482,Norway,Organic,Basic,Tablet,2024-01-06 04:41:00,2,100,0,signup,0
7483,Sweden,Direct,Premium,Tablet,2024-01-06 04:42:00,9,300,0,signup,0
7484,Norway,Direct,Basic,Tablet,2024-01-06 04:43:00,5,100,1,completed,100
7485,Norway,Organic,Pro,Tablet,2024-01-06 04:44:00,18,500,0,form_started,0
7486,Sweden,Direct,Basic,Mobile,2024-01-06 04:45:00,18,100,0,form_started,0
7487,Sweden,Paid,Pro,Mobile,2024-01-06 04:46:00,10,500,1,completed,500
7488,Norway,Organic,Pro,Mobile,2024-01-06 04:47:00,10,500,0,form_started,0
7489,Sweden,Paid,Pro,Desktop,2024-01-06 04:48:00,10,500,1,completed,500
7490,Denmark,Organic,Pro,Desktop,2024-01-06 04:49:00,18,500,1,completed,500
7491,Sweden,Paid,Premium,Desktop,2024-01-06 04:50:00,16,300,0,signup,0
7492,Sweden,Paid,Pro,Mobile,2024-01-06 04:51:00,6,500,0,signup,0
7493,Denmark,Direct,Premium,Desktop,2024-01-06 04:52:00,12,300,1,completed,300
7494,Sweden,Organic,Premium,Tablet,2024-01-06 04:53:00,4,300,1,completed,300
7495,Sweden,Direct,Basic,Desktop,2024-01-06 04:54:00,16,100,1,completed,100
7496,Norway,Direct,Basic,Mobile,2024-01-06 04:55:00,11,100,0,signup,0
7497,Sweden,Organic,Pro,Mobile,2024-01-06 04:56:00,1,500,0,form_started,0
7498,Sweden,Paid,Basic,Mobile,2024-01-06 04:57:00,5,100,1,completed,100
7499,Denmark,Organic,Pro,Mobile,2024-01-06 04:58:00,17,500,0,signup,0
7500,Norway,Organic,Basic,Tablet,2024-01-06 04:59:00,11,100,0,form_started,0
7501,Norway,Organic,Pro,Desktop,2024-01-06 05:00:00,14,500,0,signup,0
7502,Norway,Direct,Basic,Desktop,2024-01-06 05:01:00,9,100,0,signup,0
7503,Sweden,Organic,Basic,Mobile,2024-01-06 05:02:00,10,100,1,completed,100
7504,Norway,Organic,Premium,Desktop,2024-01-06 05:03:00,4,300,1,completed,300
7505,Denmark,Organic,Basic,Tablet,2024-01-06 05:04:00,2,100,0,form_started,0
7506,Norway,Paid,Basic,Mobile,2024-01-06 05:05:00,6,100,0,signup,0
7507,Denmark,Paid,Pro,Desktop,2024-01-06 05:06:00,3,500,1,completed,500
7508,Norway,Paid,Premium,Desktop,2024-01-06 05:07:00,13,300,0,signup,0
7509,Norway,Paid,Pro,Desktop,2024-01-06 05:08:00,12,500,0,form_started,0
7510,Denmark,Direct,Basic,Desktop,2024-01-06 05:09:00,18,100,0,form_started,0
7511,Norway,Direct,Pro,Mobile,2024-01-06 05:10:00,6,500,1,completed,500
7512,Norway,Organic,Premium,Mobile,2024-01-06 05:11:00,10,300,0,form_started,0
7513,Norway,Direct,Pro,Tablet,2024-01-06 05:12:00,6,500,0,signup,0
7514,Sweden,Paid,Basic,Mobile,2024-01-06 05:13:00,5,100,0,signup,0
7515,Denmark,Organic,Pro,Desktop,2024-01-06 05:14:00,15,500,0,form_started,0
7516,Norway,Organic,Basic,Desktop,2024-01-06 05:15:00,15,100,0,form_started,0
7517,Denmark,Paid,Premium,Desktop,2024-01-06 05:16:00,12,300,0,signup,0
7518,Denmark,Paid,Premium,Tablet,2024-01-06 05:17:00,9,300,0,signup,0
7519,Denmark,Paid,Pro,Mobile,2024-01-06 05:18:00,13,500,0,signup,0
7520,Norway,Direct,Premium,Mobile,2024-01-06 05:19:00,16,300,1,completed,300
7521,Norway,Organic,Pro,Mobile,2024-01-06 05:20:00,2,500,1,completed,500
7522,Denmark,Paid,Basic,Desktop,2024-01-06 05:21:00,17,100,0,signup,0
7523,Sweden,Organic,Pro,Desktop,2024-01-06 05:22:00,9,500,0,signup,0
7524,Denmark,Organic,Basic,Desktop,2024-01-06 05:23:00,19,100,0,form_started,0
7525,Sweden,Direct,Premium,Tablet,2024-01-06 05:24:00,6,300,0,signup,0
7526,Denmark,Organic,Basic,Tablet,2024-01-06 05:25:00,4,100,0,signup,0
7527,Denmark,Paid,Basic,Desktop,2024-01-06 05:26:00,15,100,0,form_started,0
7528,Denmark,Paid,Basic,Tablet,2024-01-06 05:27:00,18,100,0,form_started,0
7529,Norway,Organic,Basic,Tablet,2024-01-06 05:28:00,12,100,0,signup,0
7530,Sweden,Organic,Basic,Tablet,2024-01-06 05:29:00,12,100,0,signup,0
7531,Sweden,Direct,Pro,Mobile,2024-01-06 05:30:00,17,500,0,signup,0
7532,Denmark,Paid,Basic,Tablet,2024-01-06 05:31:00,7,100,0,form_started,0
7533,Norway,Paid,Basic,Desktop,2024-01-06 05:32:00,5,100,1,completed,100
7534,Norway,Organic,Basic,Mobile,2024-01-06 05:33:00,12,100,0,signup,0
7535,Sweden,Organic,Basic,Tablet,2024-01-06 05:34:00,17,100,1,completed,100
7536,Norway,Organic,Basic,Desktop,2024-01-06 05:35:00,2,100,0,signup,0
7537,Sweden,Paid,Basic,Tablet,2024-01-06 05:36:00,4,100,0,signup,0
7538,Sweden,Organic,Premium,Desktop,2024-01-06 05:37:00,2,300,1,completed,300
7539,Sweden,Direct,Pro,Desktop,2024-01-06 05:38:00,14,500,1,completed,500
7540,Norway,Direct,Basic,Tablet,2024-01-06 05:39:00,14,100,0,form_started,0
7541,Sweden,Organic,Pro,Tablet,2024-01-06 05:40:00,13,500,0,signup,0
7542,Sweden,Direct,Premium,Mobile,2024-01-06 05:41:00,17,300,0,signup,0
7543,Denmark,Direct,Premium,Tablet,2024-01-06 05:42:00,17,300,1,completed,300
7544,Sweden,Direct,Basic,Desktop,2024-01-06 05:43:00,18,100,0,signup,0
7545,Sweden,Direct,Pro,Mobile,2024-01-06 05:44:00,3,500,0,signup,0
7546,Denmark,Direct,Basic,Desktop,2024-01-06 05:45:00,16,100,0,form_started,0
7547,Denmark,Paid,Premium,Desktop,2024-01-06 05:46:00,19,300,0,signup,0
7548,Norway,Organic,Premium,Tablet,2024-01-06 05:47:00,6,300,1,completed,300
7549,Sweden,Direct,Pro,Desktop,2024-01-06 05:48:00,6,500,1,completed,500
7550,Norway,Organic,Basic,Tablet,2024-01-06 05:49:00,18,100,0,form_started,0
7551,Norway,Direct,Pro,Desktop,2024-01-06 05:50:00,9,500,0,form_started,0
7552,Denmark,Paid,Pro,Mobile,2024-01-06 05:51:00,18,500,1,completed,500
7553,Norway,Paid,Premium,Tablet,2024-01-06 05:52:00,6,300,0,form_started,0
7554,Sweden,Direct,Pro,Mobile,2024-01-06 05:53:00,9,500,0,signup,0
7555,Denmark,Direct,Premium,Tablet,2024-01-06 05:54:00,18,300,0,signup,0
7556,Sweden,Direct,Basic,Mobile,2024-01-06 05:55:00,16,100,0,signup,0
7557,Sweden,Paid,Pro,Tablet,2024-01-06 05:56:00,13,500,1,completed,500
7558,Denmark,Paid,Pro,Mobile,2024-01-06 05:57:00,11,500,0,form_started,0
7559,Sweden,Organic,Basic,Mobile,2024-01-06 05:58:00,8,100,0,signup,0
7560,Denmark,Paid,Pro,Tablet,2024-01-06 05:59:00,17,500,1,completed,500
7561,Sweden,Direct,Basic,Tablet,2024-01-06 06:00:00,9,100,0,form_started,0
7562,Denmark,Organic,Premium,Desktop,2024-01-06 06:01:00,6,300,0,form_started,0
7563,Norway,Paid,Premium,Desktop,2024-01-06 06:02:00,1,300,1,completed,300
7564,Sweden,Paid,Pro,Tablet,2024-01-06 06:03:00,1,500,0,form_started,0
7565,Denmark,Direct,Premium,Tablet,2024-01-06 06:04:00,13,300,0,signup,0
7566,Sweden,Organic,Premium,Mobile,2024-01-06 06:05:00,7,300,0,signup,0
7567,Sweden,Paid,Basic,Mobile,2024-01-06 06:06:00,10,100,0,form_started,0
7568,Sweden,Paid,Premium,Desktop,2024-01-06 06:07:00,18,300,1,completed,300
7569,Denmark,Direct,Premium,Desktop,2024-01-06 06:08:00,6,300,1,completed,300
7570,Norway,Organic,Premium,Desktop,2024-01-06 06:09:00,13,300,1,completed,300
7571,Norway,Organic,Basic,Mobile,2024-01-06 06:10:00,5,100,0,form_started,0
7572,Norway,Organic,Pro,Mobile,2024-01-06 06:11:00,15,500,1,completed,500
7573,Denmark,Organic,Basic,Mobile,2024-01-06 06:12:00,12,100,0,form_started,0
7574,Norway,Direct,Pro,Desktop,2024-01-06 06:13:00,11,500,0,signup,0
7575,Denmark,Paid,Pro,Tablet,2024-01-06 06:14:00,8,500,1,completed,500
7576,Sweden,Paid,Premium,Desktop,2024-01-06 06:15:00,5,300,0,form_started,0
7577,Sweden,Organic,Premium,Mobile,2024-01-06 06:16:00,8,300,0,signup,0
7578,Norway,Organic,Basic,Desktop,2024-01-06 06:17:00,5,100,1,completed,100
7579,Denmark,Organic,Basic,Desktop,2024-01-06 06:18:00,10,100,1,completed,100
7580,Sweden,Paid,Basic,Desktop,2024-01-06 06:19:00,15,100,1,completed,100
7581,Denmark,Paid,Premium,Desktop,2024-01-06 06:20:00,6,300,0,signup,0
7582,Denmark,Organic,Pro,Mobile,2024-01-06 06:21:00,18,500,0,form_started,0
7583,Sweden,Direct,Basic,Desktop,2024-01-06 06:22:00,3,100,0,signup,0
7584,Denmark,Paid,Pro,Mobile,2024-01-06 06:23:00,9,500,0,signup,0
7585,Sweden,Paid,Premium,Desktop,2024-01-06 06:24:00,10,300,0,form_started,0
7586,Sweden,Organic,Premium,Mobile,2024-01-06 06:25:00,7,300,0,signup,0
7587,Sweden,Direct,Premium,Tablet,2024-01-06 06:26:00,19,300,0,signup,0
7588,Denmark,Organic,Premium,Mobile,2024-01-06 06:27:00,2,300,0,signup,0
7589,Sweden,Organic,Pro,Mobile,2024-01-06 06:28:00,8,500,1,completed,500
7590,Denmark,Direct,Pro,Tablet,2024-01-06 06:29:00,7,500,0,signup,0
7591,Sweden,Direct,Basic,Tablet,2024-01-06 06:30:00,5,100,1,completed,100
7592,Sweden,Direct,Pro,Tablet,2024-01-06 06:31:00,4,500,0,signup,0
7593,Norway,Paid,Pro,Tablet,2024-01-06 06:32:00,11,500,0,signup,0
7594,Norway,Organic,Pro,Tablet,2024-01-06 06:33:00,10,500,0,signup,0
7595,Norway,Paid,Basic,Tablet,2024-01-06 06:34:00,1,100,0,form_started,0
7596,Denmark,Direct,Pro,Desktop,2024-01-06 06:35:00,4,500,0,form_started,0
7597,Denmark,Paid,Pro,Desktop,2024-01-06 06:36:00,6,500,1,completed,500
7598,Sweden,Direct,Pro,Tablet,2024-01-06 06:37:00,18,500,0,signup,0
7599,Sweden,Direct,Premium,Mobile,2024-01-06 06:38:00,13,300,1,completed,300
7600,Sweden,Organic,Pro,Mobile,2024-01-06 06:39:00,13,500,0,signup,0
7601,Sweden,Organic,Basic,Tablet,2024-01-06 06:40:00,1,100,0,form_started,0
7602,Denmark,Organic,Basic,Desktop,2024-01-06 06:41:00,4,100,0,signup,0
7603,Sweden,Paid,Basic,Desktop,2024-01-06 06:42:00,4,100,1,completed,100
7604,Sweden,Organic,Basic,Mobile,2024-01-06 06:43:00,18,100,0,signup,0
7605,Norway,Direct,Premium,Tablet,2024-01-06 06:44:00,18,300,1,completed,300
7606,Sweden,Organic,Basic,Desktop,2024-01-06 06:45:00,18,100,1,completed,100
7607,Sweden,Paid,Premium,Tablet,2024-01-06 06:46:00,15,300,0,signup,0
7608,Sweden,Organic,Premium,Tablet,2024-01-06 06:47:00,18,300,0,signup,0
7609,Denmark,Organic,Premium,Mobile,2024-01-06 06:48:00,15,300,0,form_started,0
7610,Norway,Organic,Basic,Tablet,2024-01-06 06:49:00,17,100,0,form_started,0
7611,Sweden,Paid,Basic,Tablet,2024-01-06 06:50:00,5,100,0,signup,0
7612,Sweden,Direct,Premium,Mobile,2024-01-06 06:51:00,11,300,1,completed,300
7613,Norway,Direct,Premium,Desktop,2024-01-06 06:52:00,16,300,0,form_started,0
7614,Sweden,Direct,Basic,Tablet,2024-01-06 06:53:00,2,100,0,signup,0
7615,Denmark,Organic,Pro,Mobile,2024-01-06 06:54:00,17,500,0,form_started,0
7616,Sweden,Organic,Pro,Desktop,2024-01-06 06:55:00,1,500,0,signup,0
7617,Denmark,Paid,Pro,Tablet,2024-01-06 06:56:00,18,500,1,completed,500
7618,Denmark,Direct,Basic,Desktop,2024-01-06 06:57:00,17,100,1,completed,100
7619,Sweden,Organic,Basic,Mobile,2024-01-06 06:58:00,18,100,0,form_started,0
7620,Norway,Organic,Premium,Tablet,2024-01-06 06:59:00,19,300,0,signup,0
7621,Denmark,Organic,Basic,Mobile,2024-01-06 07:00:00,5,100,1,completed,100
7622,Norway,Paid,Basic,Mobile,2024-01-06 07:01:00,13,100,0,signup,0
7623,Sweden,Direct,Basic,Tablet,2024-01-06 07:02:00,6,100,0,form_started,0
7624,Denmark,Paid,Premium,Mobile,2024-01-06 07:03:00,13,300,1,completed,300
7625,Sweden,Direct,Premium,Desktop,2024-01-06 07:04:00,18,300,1,completed,300
7626,Norway,Direct,Pro,Mobile,2024-01-06 07:05:00,4,500,0,form_started,0
7627,Sweden,Organic,Pro,Tablet,2024-01-06 07:06:00,9,500,0,signup,0
7628,Sweden,Organic,Basic,Tablet,2024-01-06 07:07:00,3,100,1,completed,100
7629,Denmark,Organic,Basic,Desktop,2024-01-06 07:08:00,8,100,1,completed,100
7630,Sweden,Organic,Premium,Tablet,2024-01-06 07:09:00,13,300,0,form_started,0
7631,Sweden,Organic,Pro,Mobile,2024-01-06 07:10:00,11,500,1,completed,500
7632,Sweden,Direct,Pro,Mobile,2024-01-06 07:11:00,10,500,0,form_started,0
7633,Denmark,Organic,Pro,Tablet,2024-01-06 07:12:00,11,500,0,signup,0
7634,Norway,Organic,Basic,Desktop,2024-01-06 07:13:00,3,100,0,form_started,0
7635,Norway,Paid,Basic,Desktop,2024-01-06 07:14:00,14,100,0,signup,0
7636,Sweden,Paid,Basic,Tablet,2024-01-06 07:15:00,14,100,1,completed,100
7637,Denmark,Direct,Premium,Mobile,2024-01-06 07:16:00,19,300,0,form_started,0
7638,Sweden,Direct,Pro,Tablet,2024-01-06 07:17:00,4,500,1,completed,500
7639,Norway,Paid,Premium,Tablet,2024-01-06 07:18:00,1,300,0,signup,0
7640,Denmark,Paid,Pro,Desktop,2024-01-06 07:19:00,2,500,0,signup,0
7641,Norway,Organic,Basic,Mobile,2024-01-06 07:20:00,6,100,0,form_started,0
7642,Norway,Organic,Premium,Desktop,2024-01-06 07:21:00,13,300,0,signup,0
7643,Denmark,Direct,Premium,Desktop,2024-01-06 07:22:00,14,300,0,signup,0
7644,Denmark,Paid,Basic,Mobile,2024-01-06 07:23:00,1,100,0,form_started,0
7645,Sweden,Direct,Pro,Mobile,2024-01-06 07:24:00,8,500,1,completed,500
7646,Sweden,Organic,Pro,Mobile,2024-01-06 07:25:00,18,500,0,signup,0
7647,Norway,Direct,Pro,Tablet,2024-01-06 07:26:00,14,500,1,completed,500
7648,Denmark,Direct,Pro,Mobile,2024-01-06 07:27:00,2,500,1,completed,500
7649,Denmark,Direct,Basic,Tablet,2024-01-06 07:28:00,12,100,1,completed,100
7650,Sweden,Organic,Basic,Desktop,2024-01-06 07:29:00,1,100,0,form_started,0
7651,Norway,Direct,Basic,Mobile,2024-01-06 07:30:00,15,100,1,completed,100
7652,Norway,Organic,Basic,Tablet,2024-01-06 07:31:00,11,100,0,form_started,0
7653,Sweden,Paid,Premium,Tablet,2024-01-06 07:32:00,18,300,1,completed,300
7654,Denmark,Direct,Premium,Tablet,2024-01-06 07:33:00,17,300,1,completed,300
7655,Sweden,Direct,Premium,Tablet,2024-01-06 07:34:00,3,300,0,signup,0
7656,Sweden,Organic,Basic,Desktop,2024-01-06 07:35:00,15,100,1,completed,100
7657,Sweden,Direct,Pro,Mobile,2024-01-06 07:36:00,13,500,0,form_started,0
7658,Sweden,Organic,Premium,Mobile,2024-01-06 07:37:00,3,300,0,form_started,0
7659,Denmark,Direct,Premium,Mobile,2024-01-06 07:38:00,13,300,0,signup,0
7660,Sweden,Paid,Basic,Mobile,2024-01-06 07:39:00,9,100,0,form_started,0
7661,Denmark,Paid,Pro,Mobile,2024-01-06 07:40:00,10,500,1,completed,500
7662,Sweden,Paid,Pro,Mobile,2024-01-06 07:41:00,1,500,0,signup,0
7663,Norway,Direct,Pro,Tablet,2024-01-06 07:42:00,2,500,1,completed,500
7664,Denmark,Direct,Basic,Mobile,2024-01-06 07:43:00,14,100,0,form_started,0
7665,Norway,Paid,Pro,Tablet,2024-01-06 07:44:00,5,500,0,signup,0
7666,Sweden,Paid,Premium,Desktop,2024-01-06 07:45:00,10,300,0,form_started,0
7667,Sweden,Organic,Premium,Tablet,2024-01-06 07:46:00,19,300,0,signup,0
7668,Sweden,Organic,Premium,Desktop,2024-01-06 07:47:00,8,300,1,completed,300
7669,Denmark,Paid,Basic,Mobile,2024-01-06 07:48:00,13,100,1,completed,100
7670,Norway,Paid,Pro,Desktop,2024-01-06 07:49:00,9,500,0,signup,0
7671,Denmark,Direct,Basic,Desktop,2024-01-06 07:50:00,18,100,0,form_started,0
7672,Denmark,Paid,Pro,Tablet,2024-01-06 07:51:00,4,500,0,signup,0
7673,Sweden,Organic,Basic,Tablet,2024-01-06 07:52:00,8,100,0,signup,0
7674,Norway,Organic,Premium,Desktop,2024-01-06 07:53:00,5,300,1,completed,300
7675,Sweden,Organic,Basic,Desktop,2024-01-06 07:54:00,6,100,1,completed,100
7676,Denmark,Organic,Basic,Mobile,2024-01-06 07:55:00,5,100,0,signup,0
7677,Sweden,Organic,Basic,Tablet,2024-01-06 07:56:00,1,100,1,completed,100
7678,Norway,Organic,Premium,Desktop,2024-01-06 07:57:00,19,300,0,form_started,0
7679,Sweden,Paid,Basic,Tablet,2024-01-06 07:58:00,4,100,0,signup,0
7680,Norway,Organic,Basic,Mobile,2024-01-06 07:59:00,1,100,1,completed,100
7681,Norway,Organic,Premium,Mobile,2024-01-06 08:00:00,19,300,0,form_started,0
7682,Sweden,Organic,Pro,Desktop,2024-01-06 08:01:00,4,500,0,form_started,0
7683,Denmark,Organic,Basic,Mobile,2024-01-06 08:02:00,14,100,0,form_started,0
7684,Sweden,Paid,Premium,Desktop,2024-01-06 08:03:00,14,300,0,signup,0
7685,Denmark,Direct,Basic,Tablet,2024-01-06 08:04:00,9,100,0,form_started,0
7686,Denmark,Direct,Premium,Tablet,2024-01-06 08:05:00,19,300,0,signup,0
7687,Sweden,Direct,Pro,Desktop,2024-01-06 08:06:00,11,500,0,form_started,0
7688,Denmark,Direct,Pro,Desktop,2024-01-06 08:07:00,16,500,0,form_started,0
7689,Denmark,Organic,Basic,Desktop,2024-01-06 08:08:00,19,100,0,form_started,0
7690,Sweden,Direct,Premium,Tablet,2024-01-06 08:09:00,4,300,0,signup,0
7691,Sweden,Direct,Pro,Tablet,2024-01-06 08:10:00,9,500,0,form_started,0
7692,Sweden,Paid,Pro,Mobile,2024-01-06 08:11:00,17,500,1,completed,500
7693,Denmark,Paid,Premium,Mobile,2024-01-06 08:12:00,15,300,1,completed,300
7694,Norway,Paid,Basic,Tablet,2024-01-06 08:13:00,8,100,0,signup,0
7695,Denmark,Organic,Pro,Tablet,2024-01-06 08:14:00,13,500,1,completed,500
7696,Norway,Organic,Pro,Desktop,2024-01-06 08:15:00,1,500,0,signup,0
7697,Sweden,Organic,Pro,Tablet,2024-01-06 08:16:00,2,500,0,form_started,0
7698,Norway,Paid,Basic,Tablet,2024-01-06 08:17:00,10,100,0,form_started,0
7699,Sweden,Direct,Pro,Mobile,2024-01-06 08:18:00,13,500,1,completed,500
7700,Sweden,Paid,Premium,Mobile,2024-01-06 08:19:00,11,300,0,form_started,0
7701,Norway,Organic,Basic,Desktop,2024-01-06 08:20:00,14,100,0,signup,0
7702,Sweden,Paid,Pro,Mobile,2024-01-06 08:21:00,16,500,0,signup,0
7703,Norway,Direct,Premium,Desktop,2024-01-06 08:22:00,6,300,0,signup,0
7704,Sweden,Organic,Premium,Tablet,2024-01-06 08:23:00,2,300,0,form_started,0
7705,Denmark,Direct,Basic,Tablet,2024-01-06 08:24:00,5,100,0,signup,0
7706,Denmark,Direct,Premium,Desktop,2024-01-06 08:25:00,19,300,0,signup,0
7707,Sweden,Organic,Basic,Mobile,2024-01-06 08:26:00,7,100,0,signup,0
7708,Sweden,Direct,Basic,Mobile,2024-01-06 08:27:00,17,100,0,signup,0
7709,Norway,Paid,Basic,Tablet,2024-01-06 08:28:00,5,100,1,completed,100
7710,Denmark,Direct,Premium,Mobile,2024-01-06 08:29:00,12,300,0,form_started,0
7711,Norway,Direct,Basic,Desktop,2024-01-06 08:30:00,19,100,0,form_started,0
7712,Sweden,Direct,Basic,Tablet,2024-01-06 08:31:00,18,100,0,form_started,0
7713,Sweden,Paid,Premium,Mobile,2024-01-06 08:32:00,12,300,1,completed,300
7714,Norway,Direct,Basic,Tablet,2024-01-06 08:33:00,3,100,0,signup,0
7715,Sweden,Direct,Pro,Tablet,2024-01-06 08:34:00,4,500,0,signup,0
7716,Denmark,Paid,Premium,Mobile,2024-01-06 08:35:00,15,300,0,form_started,0
7717,Norway,Organic,Premium,Desktop,2024-01-06 08:36:00,15,300,0,form_started,0
7718,Denmark,Organic,Premium,Mobile,2024-01-06 08:37:00,11,300,0,signup,0
7719,Denmark,Organic,Pro,Mobile,2024-01-06 08:38:00,2,500,0,signup,0
7720,Denmark,Direct,Basic,Mobile,2024-01-06 08:39:00,18,100,0,signup,0
7721,Norway,Organic,Premium,Mobile,2024-01-06 08:40:00,3,300,0,form_started,0
7722,Sweden,Paid,Premium,Mobile,2024-01-06 08:41:00,18,300,0,signup,0
7723,Denmark,Direct,Premium,Mobile,2024-01-06 08:42:00,14,300,1,completed,300
7724,Denmark,Direct,Pro,Desktop,2024-01-06 08:43:00,6,500,0,signup,0
7725,Denmark,Direct,Pro,Tablet,2024-01-06 08:44:00,2,500,1,completed,500
7726,Sweden,Organic,Pro,Desktop,2024-01-06 08:45:00,1,500,1,completed,500
7727,Sweden,Organic,Basic,Mobile,2024-01-06 08:46:00,8,100,1,completed,100
7728,Norway,Organic,Basic,Desktop,2024-01-06 08:47:00,10,100,1,completed,100
7729,Sweden,Direct,Pro,Tablet,2024-01-06 08:48:00,18,500,0,form_started,0
7730,Norway,Paid,Basic,Desktop,2024-01-06 08:49:00,11,100,1,completed,100
7731,Norway,Direct,Pro,Mobile,2024-01-06 08:50:00,18,500,0,signup,0
7732,Norway,Paid,Basic,Tablet,2024-01-06 08:51:00,16,100,1,completed,100
7733,Norway,Direct,Basic,Mobile,2024-01-06 08:52:00,5,100,0,signup,0
7734,Norway,Paid,Pro,Mobile,2024-01-06 08:53:00,7,500,0,form_started,0
7735,Denmark,Direct,Premium,Tablet,2024-01-06 08:54:00,2,300,1,completed,300
7736,Sweden,Direct,Premium,Tablet,2024-01-06 08:55:00,11,300,0,signup,0
7737,Denmark,Paid,Basic,Mobile,2024-01-06 08:56:00,13,100,1,completed,100
7738,Norway,Paid,Basic,Desktop,2024-01-06 08:57:00,16,100,1,completed,100
7739,Sweden,Paid,Basic,Tablet,2024-01-06 08:58:00,14,100,0,signup,0
7740,Denmark,Paid,Basic,Desktop,2024-01-06 08:59:00,7,100,0,signup,0
7741,Denmark,Paid,Basic,Desktop,2024-01-06 09:00:00,7,100,0,form_started,0
7742,Norway,Paid,Basic,Tablet,2024-01-06 09:01:00,12,100,1,completed,100
7743,Denmark,Paid,Pro,Desktop,2024-01-06 09:02:00,12,500,1,completed,500
7744,Denmark,Paid,Premium,Tablet,2024-01-06 09:03:00,1,300,1,completed,300
7745,Denmark,Direct,Premium,Tablet,2024-01-06 09:04:00,6,300,1,completed,300
7746,Denmark,Paid,Pro,Tablet,2024-01-06 09:05:00,8,500,0,form_started,0
7747,Denmark,Paid,Pro,Tablet,2024-01-06 09:06:00,13,500,0,signup,0
7748,Norway,Direct,Premium,Desktop,2024-01-06 09:07:00,5,300,0,signup,0
7749,Norway,Direct,Premium,Desktop,2024-01-06 09:08:00,10,300,0,signup,0
7750,Denmark,Organic,Basic,Tablet,2024-01-06 09:09:00,14,100,0,form_started,0
7751,Norway,Organic,Premium,Tablet,2024-01-06 09:10:00,9,300,0,signup,0
7752,Norway,Paid,Basic,Tablet,2024-01-06 09:11:00,17,100,1,completed,100
7753,Sweden,Paid,Basic,Tablet,2024-01-06 09:12:00,3,100,0,form_started,0
7754,Denmark,Organic,Premium,Mobile,2024-01-06 09:13:00,12,300,0,signup,0
7755,Norway,Organic,Basic,Desktop,2024-01-06 09:14:00,12,100,0,form_started,0
7756,Norway,Paid,Basic,Desktop,2024-01-06 09:15:00,11,100,1,completed,100
7757,Denmark,Organic,Pro,Tablet,2024-01-06 09:16:00,4,500,0,form_started,0
7758,Sweden,Paid,Premium,Mobile,2024-01-06 09:17:00,8,300,0,signup,0
7759,Denmark,Direct,Pro,Mobile,2024-01-06 09:18:00,10,500,1,completed,500
7760,Sweden,Direct,Basic,Mobile,2024-01-06 09:19:00,14,100,0,form_started,0
7761,Denmark,Organic,Basic,Tablet,2024-01-06 09:20:00,1,100,0,signup,0
7762,Denmark,Direct,Pro,Mobile,2024-01-06 09:21:00,12,500,1,completed,500
7763,Denmark,Direct,Pro,Tablet,2024-01-06 09:22:00,5,500,0,form_started,0
7764,Denmark,Direct,Pro,Mobile,2024-01-06 09:23:00,14,500,0,signup,0
7765,Sweden,Direct,Basic,Tablet,2024-01-06 09:24:00,4,100,0,form_started,0
7766,Sweden,Paid,Premium,Tablet,2024-01-06 09:25:00,17,300,0,form_started,0
7767,Norway,Paid,Basic,Desktop,2024-01-06 09:26:00,13,100,0,form_started,0
7768,Denmark,Organic,Pro,Tablet,2024-01-06 09:27:00,3,500,0,form_started,0
7769,Sweden,Direct,Premium,Mobile,2024-01-06 09:28:00,11,300,1,completed,300
7770,Sweden,Direct,Pro,Desktop,2024-01-06 09:29:00,11,500,0,signup,0
7771,Sweden,Direct,Basic,Mobile,2024-01-06 09:30:00,5,100,0,form_started,0
7772,Denmark,Organic,Premium,Tablet,2024-01-06 09:31:00,6,300,0,form_started,0
7773,Norway,Paid,Premium,Desktop,2024-01-06 09:32:00,4,300,1,completed,300
7774,Sweden,Direct,Basic,Tablet,2024-01-06 09:33:00,10,100,0,form_started,0
7775,Denmark,Paid,Pro,Tablet,2024-01-06 09:34:00,10,500,0,form_started,0
7776,Sweden,Organic,Pro,Mobile,2024-01-06 09:35:00,12,500,0,form_started,0
7777,Sweden,Paid,Pro,Mobile,2024-01-06 09:36:00,18,500,0,signup,0
7778,Norway,Direct,Basic,Mobile,2024-01-06 09:37:00,15,100,0,signup,0
7779,Sweden,Paid,Pro,Desktop,2024-01-06 09:38:00,18,500,0,signup,0
7780,Sweden,Paid,Premium,Mobile,2024-01-06 09:39:00,3,300,0,form_started,0
7781,Denmark,Organic,Pro,Tablet,2024-01-06 09:40:00,3,500,0,signup,0
7782,Denmark,Organic,Pro,Desktop,2024-01-06 09:41:00,1,500,0,signup,0
7783,Norway,Organic,Premium,Mobile,2024-01-06 09:42:00,17,300,0,form_started,0
7784,Denmark,Organic,Premium,Mobile,2024-01-06 09:43:00,10,300,0,signup,0
7785,Denmark,Paid,Pro,Mobile,2024-01-06 09:44:00,6,500,0,form_started,0
7786,Norway,Paid,Premium,Tablet,2024-01-06 09:45:00,11,300,1,completed,300
7787,Sweden,Organic,Basic,Mobile,2024-01-06 09:46:00,14,100,0,signup,0
7788,Norway,Organic,Premium,Tablet,2024-01-06 09:47:00,17,300,1,completed,300
7789,Denmark,Direct,Basic,Desktop,2024-01-06 09:48:00,7,100,0,signup,0
7790,Norway,Direct,Premium,Mobile,2024-01-06 09:49:00,4,300,0,signup,0
7791,Sweden,Organic,Basic,Tablet,2024-01-06 09:50:00,11,100,1,completed,100
7792,Norway,Paid,Basic,Mobile,2024-01-06 09:51:00,19,100,0,signup,0
7793,Denmark,Organic,Pro,Mobile,2024-01-06 09:52:00,9,500,0,form_started,0
7794,Denmark,Paid,Premium,Desktop,2024-01-06 09:53:00,8,300,0,signup,0
7795,Norway,Paid,Premium,Desktop,2024-01-06 09:54:00,4,300,0,form_started,0
7796,Sweden,Direct,Premium,Tablet,2024-01-06 09:55:00,16,300,1,completed,300
7797,Norway,Organic,Basic,Tablet,2024-01-06 09:56:00,6,100,1,completed,100
7798,Sweden,Organic,Pro,Tablet,2024-01-06 09:57:00,6,500,1,completed,500
7799,Sweden,Paid,Premium,Desktop,2024-01-06 09:58:00,19,300,1,completed,300
7800,Norway,Organic,Pro,Tablet,2024-01-06 09:59:00,2,500,0,form_started,0
7801,Sweden,Direct,Pro,Desktop,2024-01-06 10:00:00,11,500,0,signup,0
7802,Denmark,Direct,Basic,Desktop,2024-01-06 10:01:00,18,100,0,form_started,0
7803,Norway,Organic,Premium,Mobile,2024-01-06 10:02:00,9,300,0,form_started,0
7804,Sweden,Organic,Pro,Mobile,2024-01-06 10:03:00,16,500,0,form_started,0
7805,Denmark,Direct,Premium,Tablet,2024-01-06 10:04:00,11,300,0,form_started,0
7806,Norway,Organic,Premium,Desktop,2024-01-06 10:05:00,14,300,0,signup,0
7807,Denmark,Paid,Premium,Desktop,2024-01-06 10:06:00,8,300,0,form_started,0
7808,Denmark,Organic,Pro,Desktop,2024-01-06 10:07:00,13,500,0,form_started,0
7809,Denmark,Paid,Basic,Mobile,2024-01-06 10:08:00,10,100,0,signup,0
7810,Sweden,Organic,Basic,Desktop,2024-01-06 10:09:00,12,100,0,form_started,0
7811,Norway,Organic,Pro,Tablet,2024-01-06 10:10:00,3,500,1,completed,500
7812,Norway,Direct,Premium,Tablet,2024-01-06 10:11:00,2,300,1,completed,300
7813,Sweden,Paid,Premium,Mobile,2024-01-06 10:12:00,11,300,0,form_started,0
7814,Norway,Direct,Basic,Tablet,2024-01-06 10:13:00,18,100,1,completed,100
7815,Denmark,Organic,Pro,Desktop,2024-01-06 10:14:00,4,500,0,form_started,0
7816,Norway,Direct,Pro,Desktop,2024-01-06 10:15:00,8,500,1,completed,500
7817,Sweden,Organic,Basic,Tablet,2024-01-06 10:16:00,11,100,0,form_started,0
7818,Denmark,Organic,Pro,Mobile,2024-01-06 10:17:00,15,500,0,signup,0
7819,Sweden,Organic,Pro,Desktop,2024-01-06 10:18:00,2,500,0,signup,0
7820,Denmark,Paid,Basic,Desktop,2024-01-06 10:19:00,19,100,0,signup,0
7821,Denmark,Paid,Basic,Mobile,2024-01-06 10:20:00,15,100,1,completed,100
7822,Norway,Paid,Pro,Desktop,2024-01-06 10:21:00,13,500,0,form_started,0
7823,Denmark,Direct,Pro,Tablet,2024-01-06 10:22:00,2,500,0,signup,0
7824,Sweden,Organic,Basic,Tablet,2024-01-06 10:23:00,3,100,0,signup,0
7825,Norway,Direct,Basic,Mobile,2024-01-06 10:24:00,14,100,0,form_started,0
7826,Sweden,Direct,Premium,Mobile,2024-01-06 10:25:00,13,300,0,form_started,0
7827,Denmark,Organic,Pro,Tablet,2024-01-06 10:26:00,16,500,1,completed,500
7828,Sweden,Direct,Pro,Mobile,2024-01-06 10:27:00,12,500,0,form_started,0
7829,Sweden,Organic,Basic,Tablet,2024-01-06 10:28:00,1,100,0,form_started,0
7830,Denmark,Organic,Basic,Mobile,2024-01-06 10:29:00,6,100,1,completed,100
7831,Norway,Organic,Premium,Tablet,2024-01-06 10:30:00,13,300,0,form_started,0
7832,Sweden,Organic,Premium,Desktop,2024-01-06 10:31:00,2,300,0,signup,0
7833,Denmark,Direct,Basic,Desktop,2024-01-06 10:32:00,18,100,0,form_started,0
7834,Norway,Direct,Pro,Tablet,2024-01-06 10:33:00,17,500,0,form_started,0
7835,Norway,Direct,Premium,Desktop,2024-01-06 10:34:00,19,300,0,form_started,0
7836,Norway,Paid,Basic,Tablet,2024-01-06 10:35:00,15,100,0,signup,0
7837,Sweden,Direct,Basic,Mobile,2024-01-06 10:36:00,8,100,1,completed,100
7838,Sweden,Direct,Basic,Desktop,2024-01-06 10:37:00,9,100,1,completed,100
7839,Sweden,Paid,Pro,Desktop,2024-01-06 10:38:00,8,500,0,form_started,0
7840,Norway,Organic,Basic,Desktop,2024-01-06 10:39:00,8,100,1,completed,100
7841,Sweden,Organic,Basic,Tablet,2024-01-06 10:40:00,11,100,0,signup,0
7842,Denmark,Organic,Pro,Desktop,2024-01-06 10:41:00,18,500,0,signup,0
7843,Sweden,Paid,Basic,Mobile,2024-01-06 10:42:00,17,100,1,completed,100
7844,Sweden,Direct,Basic,Desktop,2024-01-06 10:43:00,6,100,0,form_started,0
7845,Norway,Direct,Premium,Mobile,2024-01-06 10:44:00,2,300,0,signup,0
7846,Sweden,Direct,Basic,Desktop,2024-01-06 10:45:00,1,100,0,form_started,0
7847,Denmark,Direct,Pro,Desktop,2024-01-06 10:46:00,10,500,1,completed,500
7848,Norway,Paid,Premium,Mobile,2024-01-06 10:47:00,8,300,0,signup,0
7849,Denmark,Direct,Basic,Desktop,2024-01-06 10:48:00,16,100,0,form_started,0
7850,Norway,Organic,Pro,Mobile,2024-01-06 10:49:00,14,500,0,form_started,0
7851,Norway,Paid,Basic,Mobile,2024-01-06 10:50:00,16,100,1,completed,100
7852,Sweden,Paid,Premium,Mobile,2024-01-06 10:51:00,14,300,0,form_started,0
7853,Denmark,Organic,Pro,Desktop,2024-01-06 10:52:00,7,500,0,signup,0
7854,Norway,Organic,Premium,Desktop,2024-01-06 10:53:00,18,300,1,completed,300
7855,Sweden,Direct,Pro,Mobile,2024-01-06 10:54:00,9,500,1,completed,500
7856,Norway,Organic,Pro,Desktop,2024-01-06 10:55:00,4,500,0,signup,0
7857,Norway,Paid,Basic,Tablet,2024-01-06 10:56:00,16,100,0,signup,0
7858,Norway,Paid,Pro,Mobile,2024-01-06 10:57:00,11,500,0,signup,0
7859,Norway,Paid,Pro,Mobile,2024-01-06 10:58:00,9,500,1,completed,500
7860,Norway,Direct,Basic,Tablet,2024-01-06 10:59:00,17,100,0,form_started,0
7861,Norway,Direct,Pro,Tablet,2024-01-06 11:00:00,11,500,0,signup,0
7862,Sweden,Organic,Pro,Mobile,2024-01-06 11:01:00,3,500,0,signup,0
7863,Norway,Direct,Pro,Tablet,2024-01-06 11:02:00,11,500,0,signup,0
7864,Denmark,Direct,Pro,Mobile,2024-01-06 11:03:00,8,500,1,completed,500
7865,Sweden,Paid,Basic,Desktop,2024-01-06 11:04:00,10,100,0,signup,0
7866,Denmark,Paid,Basic,Tablet,2024-01-06 11:05:00,6,100,0,signup,0
7867,Norway,Organic,Premium,Mobile,2024-01-06 11:06:00,17,300,1,completed,300
7868,Denmark,Paid,Pro,Mobile,2024-01-06 11:07:00,6,500,1,completed,500
7869,Norway,Direct,Basic,Mobile,2024-01-06 11:08:00,7,100,1,completed,100
7870,Norway,Organic,Pro,Tablet,2024-01-06 11:09:00,13,500,1,completed,500
7871,Sweden,Organic,Basic,Desktop,2024-01-06 11:10:00,6,100,0,signup,0
7872,Sweden,Paid,Premium,Desktop,2024-01-06 11:11:00,3,300,0,signup,0
7873,Norway,Paid,Pro,Tablet,2024-01-06 11:12:00,13,500,0,signup,0
7874,Sweden,Paid,Premium,Mobile,2024-01-06 11:13:00,10,300,0,signup,0
7875,Denmark,Organic,Premium,Mobile,2024-01-06 11:14:00,4,300,0,form_started,0
7876,Sweden,Paid,Premium,Mobile,2024-01-06 11:15:00,5,300,0,form_started,0
7877,Sweden,Direct,Basic,Tablet,2024-01-06 11:16:00,19,100,1,completed,100
7878,Denmark,Organic,Pro,Tablet,2024-01-06 11:17:00,18,500,0,form_started,0
7879,Sweden,Paid,Basic,Mobile,2024-01-06 11:18:00,7,100,0,signup,0
7880,Norway,Direct,Basic,Mobile,2024-01-06 11:19:00,1,100,0,form_started,0
7881,Denmark,Direct,Pro,Mobile,2024-01-06 11:20:00,17,500,1,completed,500
7882,Norway,Paid,Pro,Tablet,2024-01-06 11:21:00,18,500,1,completed,500
7883,Denmark,Direct,Pro,Tablet,2024-01-06 11:22:00,5,500,0,form_started,0
7884,Norway,Organic,Pro,Desktop,2024-01-06 11:23:00,6,500,0,form_started,0
7885,Norway,Organic,Basic,Mobile,2024-01-06 11:24:00,10,100,0,form_started,0
7886,Sweden,Direct,Pro,Mobile,2024-01-06 11:25:00,19,500,1,completed,500
7887,Norway,Organic,Pro,Desktop,2024-01-06 11:26:00,10,500,0,form_started,0
7888,Sweden,Paid,Pro,Mobile,2024-01-06 11:27:00,6,500,1,completed,500
7889,Denmark,Direct,Premium,Desktop,2024-01-06 11:28:00,10,300,0,form_started,0
7890,Norway,Organic,Pro,Tablet,2024-01-06 11:29:00,10,500,0,form_started,0
7891,Norway,Paid,Pro,Desktop,2024-01-06 11:30:00,12,500,0,signup,0
7892,Denmark,Paid,Basic,Desktop,2024-01-06 11:31:00,4,100,1,completed,100
7893,Denmark,Organic,Premium,Tablet,2024-01-06 11:32:00,13,300,1,completed,300
7894,Norway,Direct,Basic,Mobile,2024-01-06 11:33:00,10,100,1,completed,100
7895,Denmark,Paid,Premium,Desktop,2024-01-06 11:34:00,16,300,0,signup,0
7896,Sweden,Paid,Basic,Desktop,2024-01-06 11:35:00,19,100,0,signup,0
7897,Denmark,Paid,Basic,Mobile,2024-01-06 11:36:00,6,100,1,completed,100
7898,Denmark,Paid,Pro,Desktop,2024-01-06 11:37:00,9,500,0,form_started,0
7899,Norway,Direct,Pro,Tablet,2024-01-06 11:38:00,14,500,1,completed,500
7900,Sweden,Organic,Premium,Desktop,2024-01-06 11:39:00,10,300,0,signup,0
7901,Denmark,Organic,Premium,Mobile,2024-01-06 11:40:00,8,300,1,completed,300
7902,Sweden,Organic,Premium,Mobile,2024-01-06 11:41:00,3,300,1,completed,300
7903,Sweden,Paid,Pro,Desktop,2024-01-06 11:42:00,17,500,0,signup,0
7904,Sweden,Direct,Basic,Mobile,2024-01-06 11:43:00,19,100,0,form_started,0
7905,Norway,Organic,Premium,Mobile,2024-01-06 11:44:00,3,300,0,form_started,0
7906,Denmark,Direct,Pro,Desktop,2024-01-06 11:45:00,14,500,0,form_started,0
7907,Norway,Organic,Pro,Desktop,2024-01-06 11:46:00,6,500,0,form_started,0
7908,Denmark,Paid,Basic,Mobile,2024-01-06 11:47:00,19,100,0,signup,0
7909,Denmark,Organic,Basic,Desktop,2024-01-06 11:48:00,18,100,0,signup,0
7910,Norway,Paid,Pro,Tablet,2024-01-06 11:49:00,12,500,0,form_started,0
7911,Sweden,Paid,Basic,Desktop,2024-01-06 11:50:00,15,100,1,completed,100
7912,Sweden,Organic,Basic,Mobile,2024-01-06 11:51:00,6,100,0,form_started,0
7913,Denmark,Direct,Pro,Tablet,2024-01-06 11:52:00,12,500,1,completed,500
7914,Norway,Paid,Premium,Mobile,2024-01-06 11:53:00,19,300,0,form_started,0
7915,Sweden,Direct,Premium,Mobile,2024-01-06 11:54:00,7,300,1,completed,300
7916,Sweden,Organic,Pro,Tablet,2024-01-06 11:55:00,10,500,0,signup,0
7917,Denmark,Paid,Premium,Desktop,2024-01-06 11:56:00,18,300,1,completed,300
7918,Denmark,Direct,Pro,Mobile,2024-01-06 11:57:00,2,500,1,completed,500
7919,Norway,Paid,Pro,Desktop,2024-01-06 11:58:00,13,500,1,completed,500
7920,Denmark,Organic,Basic,Desktop,2024-01-06 11:59:00,15,100,0,form_started,0
7921,Sweden,Paid,Premium,Tablet,2024-01-06 12:00:00,4,300,0,signup,0
7922,Sweden,Organic,Pro,Mobile,2024-01-06 12:01:00,7,500,1,completed,500
7923,Sweden,Direct,Premium,Tablet,2024-01-06 12:02:00,3,300,0,form_started,0
7924,Sweden,Paid,Premium,Tablet,2024-01-06 12:03:00,16,300,0,signup,0
7925,Norway,Direct,Premium,Mobile,2024-01-06 12:04:00,9,300,0,signup,0
7926,Norway,Organic,Pro,Mobile,2024-01-06 12:05:00,17,500,0,form_started,0
7927,Denmark,Organic,Basic,Tablet,2024-01-06 12:06:00,8,100,0,form_started,0
7928,Denmark,Direct,Premium,Tablet,2024-01-06 12:07:00,18,300,0,form_started,0
7929,Denmark,Direct,Pro,Tablet,2024-01-06 12:08:00,13,500,0,signup,0
7930,Norway,Organic,Premium,Mobile,2024-01-06 12:09:00,2,300,0,signup,0
7931,Sweden,Direct,Basic,Mobile,2024-01-06 12:10:00,1,100,0,form_started,0
7932,Denmark,Organic,Premium,Tablet,2024-01-06 12:11:00,16,300,1,completed,300
7933,Sweden,Direct,Pro,Mobile,2024-01-06 12:12:00,16,500,1,completed,500
7934,Denmark,Organic,Premium,Mobile,2024-01-06 12:13:00,11,300,0,form_started,0
7935,Denmark,Organic,Premium,Mobile,2024-01-06 12:14:00,4,300,1,completed,300
7936,Denmark,Paid,Premium,Desktop,2024-01-06 12:15:00,11,300,1,completed,300
7937,Denmark,Organic,Basic,Desktop,2024-01-06 12:16:00,6,100,1,completed,100
7938,Denmark,Organic,Premium,Tablet,2024-01-06 12:17:00,11,300,1,completed,300
7939,Sweden,Paid,Pro,Desktop,2024-01-06 12:18:00,1,500,0,signup,0
7940,Denmark,Paid,Premium,Tablet,2024-01-06 12:19:00,9,300,1,completed,300
7941,Sweden,Direct,Premium,Tablet,2024-01-06 12:20:00,7,300,1,completed,300
7942,Norway,Direct,Premium,Mobile,2024-01-06 12:21:00,3,300,0,form_started,0
7943,Denmark,Organic,Basic,Tablet,2024-01-06 12:22:00,9,100,1,completed,100
7944,Sweden,Direct,Pro,Tablet,2024-01-06 12:23:00,2,500,0,form_started,0
7945,Norway,Direct,Premium,Tablet,2024-01-06 12:24:00,10,300,0,signup,0
7946,Norway,Organic,Pro,Tablet,2024-01-06 12:25:00,17,500,0,signup,0
7947,Norway,Paid,Pro,Mobile,2024-01-06 12:26:00,1,500,1,completed,500
7948,Sweden,Paid,Basic,Mobile,2024-01-06 12:27:00,18,100,1,completed,100
7949,Denmark,Organic,Pro,Tablet,2024-01-06 12:28:00,6,500,0,signup,0
7950,Denmark,Organic,Premium,Desktop,2024-01-06 12:29:00,6,300,0,signup,0
7951,Sweden,Organic,Basic,Desktop,2024-01-06 12:30:00,9,100,0,signup,0
7952,Denmark,Organic,Basic,Tablet,2024-01-06 12:31:00,10,100,0,form_started,0
7953,Sweden,Organic,Pro,Mobile,2024-01-06 12:32:00,15,500,1,completed,500
7954,Denmark,Organic,Basic,Tablet,2024-01-06 12:33:00,4,100,1,completed,100
7955,Norway,Direct,Pro,Tablet,2024-01-06 12:34:00,8,500,1,completed,500
7956,Denmark,Direct,Pro,Mobile,2024-01-06 12:35:00,4,500,1,completed,500
7957,Sweden,Direct,Basic,Desktop,2024-01-06 12:36:00,3,100,1,completed,100
7958,Sweden,Paid,Premium,Tablet,2024-01-06 12:37:00,4,300,0,signup,0
7959,Norway,Organic,Pro,Mobile,2024-01-06 12:38:00,1,500,0,signup,0
7960,Sweden,Organic,Basic,Mobile,2024-01-06 12:39:00,9,100,0,form_started,0
7961,Denmark,Direct,Basic,Tablet,2024-01-06 12:40:00,11,100,0,form_started,0
7962,Denmark,Paid,Pro,Mobile,2024-01-06 12:41:00,19,500,1,completed,500
7963,Norway,Direct,Pro,Tablet,2024-01-06 12:42:00,7,500,0,signup,0
7964,Sweden,Organic,Pro,Desktop,2024-01-06 12:43:00,5,500,1,completed,500
7965,Norway,Organic,Pro,Tablet,2024-01-06 12:44:00,2,500,0,signup,0
7966,Denmark,Direct,Premium,Desktop,2024-01-06 12:45:00,19,300,1,completed,300
7967,Norway,Direct,Premium,Mobile,2024-01-06 12:46:00,3,300,0,signup,0
7968,Sweden,Organic,Premium,Tablet,2024-01-06 12:47:00,15,300,0,signup,0
7969,Norway,Direct,Premium,Mobile,2024-01-06 12:48:00,7,300,0,form_started,0
7970,Sweden,Organic,Basic,Tablet,2024-01-06 12:49:00,5,100,1,completed,100
7971,Sweden,Direct,Pro,Mobile,2024-01-06 12:50:00,10,500,1,completed,500
7972,Denmark,Paid,Basic,Desktop,2024-01-06 12:51:00,9,100,1,completed,100
7973,Denmark,Organic,Basic,Tablet,2024-01-06 12:52:00,14,100,0,form_started,0
7974,Denmark,Paid,Premium,Mobile,2024-01-06 12:53:00,13,300,0,signup,0
7975,Sweden,Direct,Basic,Tablet,2024-01-06 12:54:00,1,100,1,completed,100
7976,Norway,Paid,Premium,Tablet,2024-01-06 12:55:00,16,300,0,form_started,0
7977,Sweden,Direct,Pro,Desktop,2024-01-06 12:56:00,8,500,1,completed,500
7978,Denmark,Paid,Premium,Mobile,2024-01-06 12:57:00,17,300,0,form_started,0
7979,Denmark,Paid,Pro,Tablet,2024-01-06 12:58:00,6,500,0,signup,0
7980,Norway,Paid,Premium,Tablet,2024-01-06 12:59:00,2,300,0,form_started,0
7981,Denmark,Organic,Basic,Tablet,2024-01-06 13:00:00,13,100,1,completed,100
7982,Denmark,Paid,Basic,Tablet,2024-01-06 13:01:00,8,100,1,completed,100
7983,Denmark,Direct,Premium,Tablet,2024-01-06 13:02:00,9,300,1,completed,300
7984,Norway,Direct,Pro,Mobile,2024-01-06 13:03:00,13,500,0,signup,0
7985,Sweden,Organic,Pro,Tablet,2024-01-06 13:04:00,18,500,0,form_started,0
7986,Denmark,Organic,Premium,Tablet,2024-01-06 13:05:00,18,300,1,completed,300
7987,Norway,Direct,Basic,Tablet,2024-01-06 13:06:00,9,100,0,signup,0
7988,Denmark,Paid,Pro,Mobile,2024-01-06 13:07:00,2,500,0,signup,0
7989,Norway,Direct,Premium,Tablet,2024-01-06 13:08:00,4,300,0,signup,0
7990,Denmark,Organic,Pro,Tablet,2024-01-06 13:09:00,18,500,0,form_started,0
7991,Norway,Organic,Basic,Desktop,2024-01-06 13:10:00,17,100,0,form_started,0
7992,Denmark,Direct,Pro,Desktop,2024-01-06 13:11:00,12,500,1,completed,500
7993,Sweden,Paid,Premium,Tablet,2024-01-06 13:12:00,16,300,1,completed,300
7994,Denmark,Paid,Pro,Tablet,2024-01-06 13:13:00,13,500,0,form_started,0
7995,Norway,Organic,Pro,Desktop,2024-01-06 13:14:00,11,500,0,signup,0
7996,Denmark,Direct,Basic,Mobile,2024-01-06 13:15:00,14,100,1,completed,100
7997,Sweden,Direct,Basic,Mobile,2024-01-06 13:16:00,10,100,0,form_started,0
7998,Denmark,Organic,Basic,Desktop,2024-01-06 13:17:00,19,100,1,completed,100
7999,Norway,Direct,Basic,Tablet,2024-01-06 13:18:00,17,100,0,form_started,0
8000,Norway,Organic,Premium,Desktop,2024-01-06 13:19:00,9,300,0,signup,0
8001,Sweden,Paid,Pro,Mobile,2024-01-06 13:20:00,14,500,1,completed,500
8002,Norway,Paid,Pro,Desktop,2024-01-06 13:21:00,5,500,1,completed,500
8003,Denmark,Direct,Pro,Mobile,2024-01-06 13:22:00,3,500,0,signup,0
8004,Denmark,Paid,Pro,Tablet,2024-01-06 13:23:00,8,500,0,signup,0
8005,Denmark,Paid,Premium,Tablet,2024-01-06 13:24:00,18,300,0,form_started,0
8006,Norway,Organic,Basic,Tablet,2024-01-06 13:25:00,3,100,0,signup,0
8007,Denmark,Organic,Pro,Mobile,2024-01-06 13:26:00,2,500,0,signup,0
8008,Denmark,Direct,Pro,Desktop,2024-01-06 13:27:00,11,500,1,completed,500
8009,Denmark,Organic,Basic,Tablet,2024-01-06 13:28:00,5,100,0,form_started,0
8010,Sweden,Direct,Basic,Mobile,2024-01-06 13:29:00,7,100,0,form_started,0
8011,Norway,Direct,Pro,Tablet,2024-01-06 13:30:00,14,500,1,completed,500
8012,Norway,Organic,Basic,Desktop,2024-01-06 13:31:00,19,100,0,form_started,0
8013,Norway,Paid,Pro,Tablet,2024-01-06 13:32:00,2,500,1,completed,500
8014,Sweden,Paid,Pro,Mobile,2024-01-06 13:33:00,9,500,1,completed,500
8015,Norway,Paid,Pro,Mobile,2024-01-06 13:34:00,10,500,0,signup,0
8016,Sweden,Paid,Pro,Tablet,2024-01-06 13:35:00,19,500,1,completed,500
8017,Sweden,Direct,Pro,Tablet,2024-01-06 13:36:00,17,500,0,signup,0
8018,Norway,Paid,Pro,Mobile,2024-01-06 13:37:00,7,500,1,completed,500
8019,Denmark,Direct,Basic,Tablet,2024-01-06 13:38:00,18,100,1,completed,100
8020,Denmark,Organic,Premium,Tablet,2024-01-06 13:39:00,6,300,1,completed,300
8021,Norway,Organic,Premium,Tablet,2024-01-06 13:40:00,9,300,0,form_started,0
8022,Norway,Direct,Pro,Desktop,2024-01-06 13:41:00,8,500,0,signup,0
8023,Sweden,Paid,Basic,Desktop,2024-01-06 13:42:00,9,100,0,signup,0
8024,Norway,Direct,Pro,Desktop,2024-01-06 13:43:00,1,500,1,completed,500
8025,Sweden,Paid,Basic,Tablet,2024-01-06 13:44:00,2,100,1,completed,100
8026,Norway,Paid,Pro,Mobile,2024-01-06 13:45:00,4,500,0,form_started,0
8027,Denmark,Direct,Pro,Tablet,2024-01-06 13:46:00,18,500,0,form_started,0
8028,Denmark,Direct,Premium,Tablet,2024-01-06 13:47:00,10,300,1,completed,300
8029,Norway,Paid,Basic,Desktop,2024-01-06 13:48:00,1,100,0,signup,0
8030,Sweden,Direct,Basic,Mobile,2024-01-06 13:49:00,10,100,0,form_started,0
8031,Denmark,Paid,Premium,Desktop,2024-01-06 13:50:00,9,300,0,signup,0
8032,Sweden,Direct,Premium,Mobile,2024-01-06 13:51:00,13,300,0,form_started,0
8033,Norway,Organic,Premium,Tablet,2024-01-06 13:52:00,15,300,1,completed,300
8034,Norway,Paid,Premium,Tablet,2024-01-06 13:53:00,18,300,1,completed,300
8035,Denmark,Organic,Basic,Tablet,2024-01-06 13:54:00,13,100,0,form_started,0
8036,Norway,Direct,Basic,Mobile,2024-01-06 13:55:00,5,100,1,completed,100
8037,Denmark,Organic,Premium,Desktop,2024-01-06 13:56:00,2,300,0,signup,0
8038,Sweden,Direct,Pro,Desktop,2024-01-06 13:57:00,7,500,1,completed,500
8039,Denmark,Paid,Pro,Desktop,2024-01-06 13:58:00,9,500,0,signup,0
8040,Denmark,Direct,Pro,Mobile,2024-01-06 13:59:00,19,500,1,completed,500
8041,Sweden,Direct,Pro,Mobile,2024-01-06 14:00:00,14,500,0,signup,0
8042,Denmark,Paid,Basic,Tablet,2024-01-06 14:01:00,17,100,0,form_started,0
8043,Denmark,Direct,Basic,Desktop,2024-01-06 14:02:00,11,100,1,completed,100
8044,Norway,Paid,Basic,Mobile,2024-01-06 14:03:00,5,100,0,signup,0
8045,Sweden,Direct,Pro,Desktop,2024-01-06 14:04:00,12,500,1,completed,500
8046,Denmark,Paid,Premium,Desktop,2024-01-06 14:05:00,9,300,0,form_started,0
8047,Sweden,Organic,Pro,Mobile,2024-01-06 14:06:00,17,500,0,signup,0
8048,Sweden,Direct,Basic,Mobile,2024-01-06 14:07:00,8,100,1,completed,100
8049,Denmark,Direct,Pro,Tablet,2024-01-06 14:08:00,8,500,0,signup,0
8050,Norway,Direct,Premium,Tablet,2024-01-06 14:09:00,12,300,0,signup,0
8051,Sweden,Paid,Premium,Tablet,2024-01-06 14:10:00,19,300,0,signup,0
8052,Denmark,Direct,Pro,Desktop,2024-01-06 14:11:00,10,500,0,signup,0
8053,Sweden,Paid,Basic,Desktop,2024-01-06 14:12:00,2,100,0,signup,0
8054,Norway,Direct,Basic,Tablet,2024-01-06 14:13:00,8,100,0,signup,0
8055,Norway,Organic,Basic,Desktop,2024-01-06 14:14:00,14,100,0,signup,0
8056,Norway,Direct,Pro,Desktop,2024-01-06 14:15:00,19,500,0,form_started,0
8057,Denmark,Organic,Basic,Desktop,2024-01-06 14:16:00,4,100,1,completed,100
8058,Denmark,Paid,Pro,Desktop,2024-01-06 14:17:00,9,500,1,completed,500
8059,Norway,Organic,Basic,Mobile,2024-01-06 14:18:00,13,100,0,form_started,0
8060,Denmark,Direct,Premium,Mobile,2024-01-06 14:19:00,9,300,0,form_started,0
8061,Norway,Direct,Premium,Tablet,2024-01-06 14:20:00,13,300,0,signup,0
8062,Denmark,Paid,Basic,Tablet,2024-01-06 14:21:00,16,100,0,form_started,0
8063,Norway,Direct,Pro,Desktop,2024-01-06 14:22:00,1,500,0,form_started,0
8064,Sweden,Direct,Basic,Desktop,2024-01-06 14:23:00,8,100,1,completed,100
8065,Norway,Paid,Pro,Mobile,2024-01-06 14:24:00,9,500,1,completed,500
8066,Norway,Paid,Premium,Desktop,2024-01-06 14:25:00,13,300,0,signup,0
8067,Denmark,Organic,Pro,Desktop,2024-01-06 14:26:00,17,500,0,signup,0
8068,Denmark,Paid,Basic,Tablet,2024-01-06 14:27:00,9,100,0,form_started,0
8069,Denmark,Direct,Premium,Desktop,2024-01-06 14:28:00,7,300,0,form_started,0
8070,Denmark,Paid,Pro,Mobile,2024-01-06 14:29:00,10,500,1,completed,500
8071,Denmark,Direct,Pro,Desktop,2024-01-06 14:30:00,5,500,1,completed,500
8072,Denmark,Organic,Premium,Desktop,2024-01-06 14:31:00,17,300,0,form_started,0
8073,Sweden,Paid,Basic,Desktop,2024-01-06 14:32:00,2,100,1,completed,100
8074,Norway,Direct,Premium,Desktop,2024-01-06 14:33:00,9,300,1,completed,300
8075,Norway,Paid,Basic,Desktop,2024-01-06 14:34:00,2,100,0,form_started,0
8076,Norway,Paid,Basic,Mobile,2024-01-06 14:35:00,10,100,0,signup,0
8077,Sweden,Paid,Pro,Tablet,2024-01-06 14:36:00,12,500,1,completed,500
8078,Norway,Paid,Basic,Desktop,2024-01-06 14:37:00,2,100,0,signup,0
8079,Sweden,Organic,Basic,Tablet,2024-01-06 14:38:00,15,100,1,completed,100
8080,Sweden,Direct,Premium,Tablet,2024-01-06 14:39:00,3,300,0,form_started,0
8081,Sweden,Paid,Premium,Mobile,2024-01-06 14:40:00,2,300,0,form_started,0
8082,Norway,Direct,Basic,Tablet,2024-01-06 14:41:00,7,100,0,form_started,0
8083,Sweden,Organic,Pro,Desktop,2024-01-06 14:42:00,9,500,0,form_started,0
8084,Norway,Direct,Premium,Desktop,2024-01-06 14:43:00,11,300,0,signup,0
8085,Norway,Direct,Pro,Desktop,2024-01-06 14:44:00,16,500,1,completed,500
8086,Denmark,Organic,Premium,Desktop,2024-01-06 14:45:00,7,300,1,completed,300
8087,Denmark,Paid,Premium,Mobile,2024-01-06 14:46:00,13,300,1,completed,300
8088,Sweden,Direct,Basic,Tablet,2024-01-06 14:47:00,3,100,0,signup,0
8089,Sweden,Direct,Premium,Mobile,2024-01-06 14:48:00,11,300,0,form_started,0
8090,Norway,Paid,Premium,Tablet,2024-01-06 14:49:00,3,300,0,signup,0
8091,Sweden,Paid,Pro,Mobile,2024-01-06 14:50:00,15,500,0,form_started,0
8092,Sweden,Direct,Premium,Mobile,2024-01-06 14:51:00,8,300,0,form_started,0
8093,Norway,Organic,Premium,Mobile,2024-01-06 14:52:00,7,300,1,completed,300
8094,Sweden,Paid,Pro,Desktop,2024-01-06 14:53:00,5,500,0,form_started,0
8095,Sweden,Paid,Basic,Desktop,2024-01-06 14:54:00,6,100,0,signup,0
8096,Norway,Organic,Basic,Mobile,2024-01-06 14:55:00,19,100,0,signup,0
8097,Norway,Direct,Premium,Tablet,2024-01-06 14:56:00,3,300,0,form_started,0
8098,Denmark,Paid,Premium,Tablet,2024-01-06 14:57:00,11,300,1,completed,300
8099,Norway,Direct,Pro,Desktop,2024-01-06 14:58:00,6,500,1,completed,500
8100,Denmark,Direct,Basic,Mobile,2024-01-06 14:59:00,14,100,0,form_started,0
8101,Sweden,Direct,Basic,Desktop,2024-01-06 15:00:00,17,100,1,completed,100
8102,Norway,Organic,Basic,Desktop,2024-01-06 15:01:00,3,100,0,signup,0
8103,Norway,Direct,Pro,Desktop,2024-01-06 15:02:00,4,500,0,signup,0
8104,Norway,Direct,Pro,Mobile,2024-01-06 15:03:00,9,500,0,form_started,0
8105,Sweden,Paid,Pro,Mobile,2024-01-06 15:04:00,13,500,1,completed,500
8106,Denmark,Paid,Premium,Desktop,2024-01-06 15:05:00,6,300,0,form_started,0
8107,Sweden,Organic,Basic,Mobile,2024-01-06 15:06:00,10,100,0,form_started,0
8108,Sweden,Organic,Premium,Tablet,2024-01-06 15:07:00,13,300,0,form_started,0
8109,Norway,Paid,Premium,Tablet,2024-01-06 15:08:00,14,300,0,signup,0
8110,Denmark,Paid,Pro,Desktop,2024-01-06 15:09:00,12,500,0,signup,0
8111,Sweden,Organic,Basic,Tablet,2024-01-06 15:10:00,13,100,1,completed,100
8112,Norway,Direct,Premium,Desktop,2024-01-06 15:11:00,10,300,1,completed,300
8113,Sweden,Organic,Basic,Desktop,2024-01-06 15:12:00,7,100,1,completed,100
8114,Sweden,Direct,Premium,Desktop,2024-01-06 15:13:00,5,300,1,completed,300
8115,Norway,Paid,Pro,Mobile,2024-01-06 15:14:00,12,500,0,signup,0
8116,Norway,Paid,Premium,Mobile,2024-01-06 15:15:00,2,300,0,signup,0
8117,Denmark,Paid,Pro,Mobile,2024-01-06 15:16:00,8,500,0,signup,0
8118,Sweden,Direct,Basic,Mobile,2024-01-06 15:17:00,8,100,0,signup,0
8119,Norway,Organic,Premium,Desktop,2024-01-06 15:18:00,19,300,0,form_started,0
8120,Norway,Direct,Premium,Mobile,2024-01-06 15:19:00,5,300,1,completed,300
8121,Denmark,Organic,Pro,Tablet,2024-01-06 15:20:00,8,500,0,signup,0
8122,Denmark,Organic,Pro,Tablet,2024-01-06 15:21:00,10,500,1,completed,500
8123,Norway,Organic,Basic,Mobile,2024-01-06 15:22:00,13,100,0,form_started,0
8124,Denmark,Paid,Pro,Tablet,2024-01-06 15:23:00,9,500,0,signup,0
8125,Norway,Organic,Basic,Tablet,2024-01-06 15:24:00,7,100,0,signup,0
8126,Sweden,Paid,Premium,Mobile,2024-01-06 15:25:00,19,300,0,signup,0
8127,Denmark,Organic,Basic,Desktop,2024-01-06 15:26:00,11,100,0,signup,0
8128,Sweden,Organic,Basic,Desktop,2024-01-06 15:27:00,8,100,0,form_started,0
8129,Sweden,Paid,Basic,Desktop,2024-01-06 15:28:00,16,100,0,form_started,0
8130,Sweden,Paid,Premium,Mobile,2024-01-06 15:29:00,10,300,0,form_started,0
8131,Norway,Direct,Premium,Desktop,2024-01-06 15:30:00,6,300,1,completed,300
8132,Sweden,Organic,Pro,Desktop,2024-01-06 15:31:00,10,500,0,signup,0
8133,Sweden,Paid,Basic,Tablet,2024-01-06 15:32:00,10,100,1,completed,100
8134,Sweden,Direct,Premium,Desktop,2024-01-06 15:33:00,19,300,0,signup,0
8135,Norway,Direct,Basic,Mobile,2024-01-06 15:34:00,4,100,0,signup,0
8136,Sweden,Paid,Basic,Desktop,2024-01-06 15:35:00,19,100,1,completed,100
8137,Sweden,Organic,Basic,Tablet,2024-01-06 15:36:00,3,100,1,completed,100
8138,Denmark,Direct,Premium,Tablet,2024-01-06 15:37:00,17,300,1,completed,300
8139,Norway,Organic,Basic,Tablet,2024-01-06 15:38:00,14,100,0,form_started,0
8140,Sweden,Organic,Basic,Tablet,2024-01-06 15:39:00,10,100,0,form_started,0
8141,Denmark,Direct,Pro,Desktop,2024-01-06 15:40:00,6,500,0,signup,0
8142,Norway,Paid,Basic,Tablet,2024-01-06 15:41:00,16,100,0,signup,0
8143,Norway,Organic,Pro,Tablet,2024-01-06 15:42:00,9,500,1,completed,500
8144,Norway,Paid,Basic,Tablet,2024-01-06 15:43:00,12,100,0,form_started,0
8145,Norway,Direct,Pro,Desktop,2024-01-06 15:44:00,12,500,0,signup,0
8146,Norway,Organic,Premium,Mobile,2024-01-06 15:45:00,14,300,0,form_started,0
8147,Norway,Paid,Premium,Tablet,2024-01-06 15:46:00,2,300,1,completed,300
8148,Sweden,Paid,Basic,Tablet,2024-01-06 15:47:00,10,100,0,signup,0
8149,Sweden,Organic,Pro,Tablet,2024-01-06 15:48:00,4,500,1,completed,500
8150,Sweden,Paid,Premium,Desktop,2024-01-06 15:49:00,6,300,0,form_started,0
8151,Sweden,Paid,Basic,Desktop,2024-01-06 15:50:00,13,100,1,completed,100
8152,Denmark,Direct,Basic,Tablet,2024-01-06 15:51:00,14,100,0,form_started,0
8153,Sweden,Direct,Pro,Mobile,2024-01-06 15:52:00,4,500,1,completed,500
8154,Norway,Paid,Pro,Tablet,2024-01-06 15:53:00,10,500,0,form_started,0
8155,Sweden,Paid,Basic,Mobile,2024-01-06 15:54:00,10,100,1,completed,100
8156,Sweden,Organic,Pro,Mobile,2024-01-06 15:55:00,5,500,0,form_started,0
8157,Norway,Direct,Pro,Desktop,2024-01-06 15:56:00,4,500,0,form_started,0
8158,Sweden,Organic,Premium,Desktop,2024-01-06 15:57:00,12,300,0,signup,0
8159,Sweden,Paid,Pro,Desktop,2024-01-06 15:58:00,14,500,1,completed,500
8160,Sweden,Organic,Basic,Mobile,2024-01-06 15:59:00,7,100,0,signup,0
8161,Denmark,Paid,Pro,Mobile,2024-01-06 16:00:00,2,500,0,form_started,0
8162,Sweden,Direct,Basic,Mobile,2024-01-06 16:01:00,14,100,0,form_started,0
8163,Norway,Direct,Basic,Desktop,2024-01-06 16:02:00,10,100,0,signup,0
8164,Norway,Paid,Pro,Desktop,2024-01-06 16:03:00,16,500,1,completed,500
8165,Sweden,Direct,Pro,Desktop,2024-01-06 16:04:00,3,500,0,form_started,0
8166,Sweden,Paid,Pro,Tablet,2024-01-06 16:05:00,8,500,0,form_started,0
8167,Sweden,Organic,Premium,Mobile,2024-01-06 16:06:00,17,300,0,form_started,0
8168,Norway,Paid,Premium,Mobile,2024-01-06 16:07:00,4,300,0,form_started,0
8169,Norway,Organic,Pro,Tablet,2024-01-06 16:08:00,19,500,0,signup,0
8170,Denmark,Paid,Basic,Mobile,2024-01-06 16:09:00,15,100,0,signup,0
8171,Denmark,Direct,Pro,Mobile,2024-01-06 16:10:00,10,500,0,signup,0
8172,Denmark,Paid,Premium,Tablet,2024-01-06 16:11:00,10,300,0,signup,0
8173,Norway,Paid,Premium,Mobile,2024-01-06 16:12:00,12,300,1,completed,300
8174,Denmark,Paid,Pro,Desktop,2024-01-06 16:13:00,9,500,0,form_started,0
8175,Sweden,Direct,Basic,Tablet,2024-01-06 16:14:00,15,100,1,completed,100
8176,Sweden,Paid,Basic,Mobile,2024-01-06 16:15:00,18,100,0,signup,0
8177,Norway,Direct,Premium,Desktop,2024-01-06 16:16:00,1,300,1,completed,300
8178,Denmark,Paid,Premium,Mobile,2024-01-06 16:17:00,3,300,0,signup,0
8179,Sweden,Organic,Premium,Tablet,2024-01-06 16:18:00,8,300,0,signup,0
8180,Norway,Paid,Basic,Desktop,2024-01-06 16:19:00,7,100,0,form_started,0
8181,Denmark,Organic,Premium,Mobile,2024-01-06 16:20:00,15,300,1,completed,300
8182,Sweden,Direct,Premium,Tablet,2024-01-06 16:21:00,8,300,0,form_started,0
8183,Denmark,Direct,Basic,Mobile,2024-01-06 16:22:00,15,100,0,signup,0
8184,Norway,Paid,Premium,Mobile,2024-01-06 16:23:00,5,300,0,signup,0
8185,Denmark,Direct,Premium,Desktop,2024-01-06 16:24:00,12,300,1,completed,300
8186,Norway,Paid,Pro,Mobile,2024-01-06 16:25:00,12,500,1,completed,500
8187,Denmark,Direct,Premium,Tablet,2024-01-06 16:26:00,9,300,0,form_started,0
8188,Sweden,Organic,Pro,Tablet,2024-01-06 16:27:00,9,500,1,completed,500
8189,Norway,Direct,Premium,Desktop,2024-01-06 16:28:00,15,300,0,form_started,0
8190,Norway,Organic,Premium,Desktop,2024-01-06 16:29:00,15,300,1,completed,300
8191,Norway,Paid,Pro,Mobile,2024-01-06 16:30:00,12,500,0,signup,0
8192,Denmark,Paid,Premium,Tablet,2024-01-06 16:31:00,5,300,0,signup,0
8193,Denmark,Paid,Pro,Desktop,2024-01-06 16:32:00,1,500,0,signup,0
8194,Sweden,Organic,Premium,Mobile,2024-01-06 16:33:00,19,300,1,completed,300
8195,Norway,Paid,Pro,Mobile,2024-01-06 16:34:00,11,500,1,completed,500
8196,Norway,Paid,Pro,Tablet,2024-01-06 16:35:00,18,500,1,completed,500
8197,Denmark,Organic,Premium,Tablet,2024-01-06 16:36:00,6,300,0,form_started,0
8198,Denmark,Direct,Premium,Mobile,2024-01-06 16:37:00,17,300,0,signup,0
8199,Sweden,Paid,Pro,Tablet,2024-01-06 16:38:00,14,500,0,signup,0
8200,Sweden,Direct,Basic,Mobile,2024-01-06 16:39:00,12,100,1,completed,100
8201,Denmark,Direct,Premium,Mobile,2024-01-06 16:40:00,5,300,1,completed,300
8202,Norway,Paid,Premium,Tablet,2024-01-06 16:41:00,7,300,0,signup,0
8203,Sweden,Paid,Basic,Desktop,2024-01-06 16:42:00,16,100,0,signup,0
8204,Denmark,Organic,Basic,Mobile,2024-01-06 16:43:00,9,100,1,completed,100
8205,Denmark,Organic,Pro,Tablet,2024-01-06 16:44:00,15,500,0,signup,0
8206,Norway,Paid,Premium,Mobile,2024-01-06 16:45:00,4,300,0,form_started,0
8207,Denmark,Direct,Pro,Mobile,2024-01-06 16:46:00,7,500,0,form_started,0
8208,Denmark,Organic,Premium,Mobile,2024-01-06 16:47:00,14,300,1,completed,300
8209,Sweden,Organic,Basic,Tablet,2024-01-06 16:48:00,4,100,1,completed,100
8210,Denmark,Paid,Pro,Tablet,2024-01-06 16:49:00,4,500,1,completed,500
8211,Denmark,Paid,Premium,Tablet,2024-01-06 16:50:00,14,300,1,completed,300
8212,Sweden,Paid,Premium,Desktop,2024-01-06 16:51:00,7,300,0,form_started,0
8213,Norway,Paid,Basic,Mobile,2024-01-06 16:52:00,15,100,1,completed,100
8214,Norway,Organic,Basic,Desktop,2024-01-06 16:53:00,12,100,1,completed,100
8215,Sweden,Organic,Premium,Mobile,2024-01-06 16:54:00,14,300,0,form_started,0
8216,Sweden,Organic,Basic,Tablet,2024-01-06 16:55:00,13,100,0,form_started,0
8217,Norway,Direct,Basic,Mobile,2024-01-06 16:56:00,19,100,1,completed,100
8218,Norway,Organic,Pro,Mobile,2024-01-06 16:57:00,12,500,1,completed,500
8219,Norway,Organic,Premium,Mobile,2024-01-06 16:58:00,16,300,1,completed,300
8220,Norway,Paid,Pro,Desktop,2024-01-06 16:59:00,16,500,1,completed,500
8221,Norway,Organic,Basic,Tablet,2024-01-06 17:00:00,1,100,0,form_started,0
8222,Sweden,Organic,Premium,Tablet,2024-01-06 17:01:00,15,300,1,completed,300
8223,Denmark,Organic,Basic,Mobile,2024-01-06 17:02:00,5,100,0,form_started,0
8224,Norway,Paid,Basic,Tablet,2024-01-06 17:03:00,6,100,0,form_started,0
8225,Norway,Organic,Premium,Desktop,2024-01-06 17:04:00,17,300,0,form_started,0
8226,Denmark,Organic,Basic,Desktop,2024-01-06 17:05:00,11,100,0,signup,0
8227,Denmark,Direct,Pro,Tablet,2024-01-06 17:06:00,4,500,0,signup,0
8228,Denmark,Direct,Premium,Desktop,2024-01-06 17:07:00,18,300,1,completed,300
8229,Denmark,Direct,Basic,Desktop,2024-01-06 17:08:00,14,100,0,form_started,0
8230,Denmark,Direct,Basic,Tablet,2024-01-06 17:09:00,9,100,1,completed,100
8231,Denmark,Paid,Basic,Tablet,2024-01-06 17:10:00,3,100,0,form_started,0
8232,Sweden,Direct,Premium,Mobile,2024-01-06 17:11:00,3,300,0,signup,0
8233,Denmark,Organic,Pro,Mobile,2024-01-06 17:12:00,11,500,0,signup,0
8234,Denmark,Direct,Basic,Desktop,2024-01-06 17:13:00,5,100,1,completed,100
8235,Sweden,Paid,Basic,Tablet,2024-01-06 17:14:00,4,100,0,signup,0
8236,Denmark,Direct,Basic,Desktop,2024-01-06 17:15:00,12,100,1,completed,100
8237,Norway,Direct,Premium,Tablet,2024-01-06 17:16:00,12,300,1,completed,300
8238,Norway,Paid,Basic,Desktop,2024-01-06 17:17:00,4,100,1,completed,100
8239,Denmark,Paid,Basic,Desktop,2024-01-06 17:18:00,3,100,0,form_started,0
8240,Sweden,Paid,Basic,Desktop,2024-01-06 17:19:00,2,100,0,signup,0
8241,Norway,Paid,Premium,Mobile,2024-01-06 17:20:00,4,300,1,completed,300
8242,Sweden,Paid,Pro,Tablet,2024-01-06 17:21:00,4,500,0,form_started,0
8243,Norway,Paid,Premium,Desktop,2024-01-06 17:22:00,7,300,0,form_started,0
8244,Denmark,Organic,Pro,Mobile,2024-01-06 17:23:00,2,500,0,signup,0
8245,Sweden,Direct,Pro,Desktop,2024-01-06 17:24:00,11,500,1,completed,500
8246,Sweden,Direct,Premium,Desktop,2024-01-06 17:25:00,5,300,0,form_started,0
8247,Sweden,Paid,Basic,Tablet,2024-01-06 17:26:00,13,100,0,signup,0
8248,Norway,Paid,Pro,Desktop,2024-01-06 17:27:00,4,500,1,completed,500
8249,Norway,Organic,Basic,Tablet,2024-01-06 17:28:00,9,100,1,completed,100
8250,Norway,Organic,Pro,Mobile,2024-01-06 17:29:00,7,500,0,signup,0
8251,Denmark,Paid,Basic,Mobile,2024-01-06 17:30:00,13,100,0,signup,0
8252,Norway,Organic,Basic,Desktop,2024-01-06 17:31:00,10,100,0,signup,0
8253,Denmark,Organic,Premium,Mobile,2024-01-06 17:32:00,7,300,0,signup,0
8254,Sweden,Paid,Basic,Tablet,2024-01-06 17:33:00,18,100,0,signup,0
8255,Sweden,Paid,Pro,Tablet,2024-01-06 17:34:00,18,500,0,signup,0
8256,Denmark,Paid,Basic,Mobile,2024-01-06 17:35:00,2,100,0,signup,0
8257,Norway,Paid,Basic,Tablet,2024-01-06 17:36:00,1,100,0,form_started,0
8258,Denmark,Direct,Basic,Tablet,2024-01-06 17:37:00,13,100,0,signup,0
8259,Sweden,Direct,Pro,Desktop,2024-01-06 17:38:00,2,500,1,completed,500
8260,Sweden,Paid,Pro,Desktop,2024-01-06 17:39:00,4,500,0,form_started,0
8261,Denmark,Organic,Pro,Tablet,2024-01-06 17:40:00,9,500,0,signup,0
8262,Norway,Paid,Basic,Mobile,2024-01-06 17:41:00,8,100,0,form_started,0
8263,Norway,Direct,Premium,Tablet,2024-01-06 17:42:00,18,300,0,signup,0
8264,Denmark,Organic,Pro,Desktop,2024-01-06 17:43:00,16,500,1,completed,500
8265,Denmark,Direct,Basic,Mobile,2024-01-06 17:44:00,4,100,1,completed,100
8266,Norway,Paid,Pro,Tablet,2024-01-06 17:45:00,4,500,0,form_started,0
8267,Sweden,Direct,Premium,Mobile,2024-01-06 17:46:00,18,300,1,completed,300
8268,Denmark,Direct,Basic,Mobile,2024-01-06 17:47:00,2,100,1,completed,100
8269,Norway,Direct,Pro,Mobile,2024-01-06 17:48:00,11,500,0,form_started,0
8270,Norway,Organic,Pro,Tablet,2024-01-06 17:49:00,4,500,0,form_started,0
8271,Sweden,Direct,Premium,Desktop,2024-01-06 17:50:00,14,300,1,completed,300
8272,Sweden,Organic,Pro,Mobile,2024-01-06 17:51:00,17,500,1,completed,500
8273,Sweden,Paid,Basic,Mobile,2024-01-06 17:52:00,8,100,0,form_started,0
8274,Sweden,Paid,Basic,Tablet,2024-01-06 17:53:00,1,100,0,signup,0
8275,Sweden,Direct,Premium,Desktop,2024-01-06 17:54:00,19,300,1,completed,300
8276,Denmark,Organic,Premium,Desktop,2024-01-06 17:55:00,19,300,0,form_started,0
8277,Norway,Paid,Premium,Tablet,2024-01-06 17:56:00,7,300,1,completed,300
8278,Denmark,Organic,Basic,Mobile,2024-01-06 17:57:00,1,100,0,form_started,0
8279,Denmark,Organic,Premium,Tablet,2024-01-06 17:58:00,1,300,0,signup,0
8280,Denmark,Direct,Pro,Desktop,2024-01-06 17:59:00,10,500,0,form_started,0
8281,Denmark,Direct,Pro,Mobile,2024-01-06 18:00:00,13,500,1,completed,500
8282,Denmark,Organic,Basic,Mobile,2024-01-06 18:01:00,5,100,0,signup,0
8283,Sweden,Organic,Pro,Desktop,2024-01-06 18:02:00,12,500,1,completed,500
8284,Sweden,Direct,Premium,Mobile,2024-01-06 18:03:00,3,300,0,signup,0
8285,Norway,Organic,Pro,Tablet,2024-01-06 18:04:00,19,500,0,form_started,0
8286,Denmark,Direct,Premium,Desktop,2024-01-06 18:05:00,4,300,0,signup,0
8287,Norway,Organic,Pro,Desktop,2024-01-06 18:06:00,15,500,1,completed,500
8288,Sweden,Direct,Basic,Mobile,2024-01-06 18:07:00,13,100,1,completed,100
8289,Sweden,Organic,Premium,Desktop,2024-01-06 18:08:00,11,300,0,signup,0
8290,Sweden,Direct,Pro,Tablet,2024-01-06 18:09:00,2,500,0,signup,0
8291,Denmark,Organic,Basic,Desktop,2024-01-06 18:10:00,9,100,1,completed,100
8292,Denmark,Paid,Pro,Mobile,2024-01-06 18:11:00,12,500,0,form_started,0
8293,Sweden,Paid,Basic,Desktop,2024-01-06 18:12:00,4,100,0,form_started,0
8294,Norway,Organic,Pro,Mobile,2024-01-06 18:13:00,19,500,0,form_started,0
8295,Norway,Paid,Premium,Mobile,2024-01-06 18:14:00,10,300,1,completed,300
8296,Sweden,Organic,Premium,Tablet,2024-01-06 18:15:00,11,300,1,completed,300
8297,Norway,Organic,Premium,Desktop,2024-01-06 18:16:00,7,300,0,form_started,0
8298,Sweden,Paid,Premium,Tablet,2024-01-06 18:17:00,13,300,0,form_started,0
8299,Norway,Organic,Premium,Tablet,2024-01-06 18:18:00,9,300,1,completed,300
8300,Sweden,Direct,Pro,Desktop,2024-01-06 18:19:00,12,500,0,signup,0
8301,Norway,Organic,Pro,Tablet,2024-01-06 18:20:00,2,500,0,signup,0
8302,Denmark,Organic,Pro,Tablet,2024-01-06 18:21:00,1,500,0,form_started,0
8303,Sweden,Paid,Pro,Mobile,2024-01-06 18:22:00,7,500,0,form_started,0
8304,Sweden,Direct,Premium,Tablet,2024-01-06 18:23:00,1,300,1,completed,300
8305,Norway,Organic,Basic,Desktop,2024-01-06 18:24:00,16,100,0,signup,0
8306,Sweden,Organic,Premium,Mobile,2024-01-06 18:25:00,4,300,0,signup,0
8307,Sweden,Organic,Pro,Tablet,2024-01-06 18:26:00,8,500,0,signup,0
8308,Sweden,Organic,Premium,Tablet,2024-01-06 18:27:00,17,300,1,completed,300
8309,Denmark,Organic,Premium,Desktop,2024-01-06 18:28:00,19,300,1,completed,300
8310,Denmark,Organic,Premium,Tablet,2024-01-06 18:29:00,4,300,0,form_started,0
8311,Norway,Direct,Basic,Desktop,2024-01-06 18:30:00,4,100,1,completed,100
8312,Denmark,Direct,Premium,Tablet,2024-01-06 18:31:00,8,300,0,signup,0
8313,Norway,Organic,Premium,Tablet,2024-01-06 18:32:00,10,300,1,completed,300
8314,Denmark,Organic,Basic,Desktop,2024-01-06 18:33:00,16,100,0,form_started,0
8315,Norway,Paid,Premium,Mobile,2024-01-06 18:34:00,19,300,0,form_started,0
8316,Denmark,Direct,Premium,Desktop,2024-01-06 18:35:00,1,300,0,signup,0
8317,Denmark,Direct,Premium,Mobile,2024-01-06 18:36:00,5,300,0,signup,0
8318,Norway,Organic,Premium,Mobile,2024-01-06 18:37:00,2,300,1,completed,300
8319,Sweden,Direct,Premium,Desktop,2024-01-06 18:38:00,16,300,1,completed,300
8320,Sweden,Direct,Pro,Desktop,2024-01-06 18:39:00,13,500,0,form_started,0
8321,Denmark,Paid,Premium,Tablet,2024-01-06 18:40:00,6,300,0,form_started,0
8322,Norway,Paid,Basic,Tablet,2024-01-06 18:41:00,4,100,1,completed,100
8323,Sweden,Direct,Premium,Mobile,2024-01-06 18:42:00,7,300,0,signup,0
8324,Norway,Direct,Pro,Tablet,2024-01-06 18:43:00,2,500,0,signup,0
8325,Sweden,Direct,Basic,Desktop,2024-01-06 18:44:00,10,100,1,completed,100
8326,Norway,Organic,Basic,Mobile,2024-01-06 18:45:00,14,100,0,form_started,0
8327,Denmark,Paid,Premium,Tablet,2024-01-06 18:46:00,8,300,1,completed,300
8328,Norway,Organic,Pro,Tablet,2024-01-06 18:47:00,3,500,0,signup,0
8329,Sweden,Paid,Premium,Desktop,2024-01-06 18:48:00,3,300,0,form_started,0
8330,Denmark,Paid,Pro,Desktop,2024-01-06 18:49:00,2,500,1,completed,500
8331,Norway,Paid,Pro,Tablet,2024-01-06 18:50:00,17,500,0,signup,0
8332,Sweden,Direct,Premium,Mobile,2024-01-06 18:51:00,19,300,0,signup,0
8333,Denmark,Paid,Pro,Mobile,2024-01-06 18:52:00,10,500,0,form_started,0
8334,Norway,Organic,Premium,Desktop,2024-01-06 18:53:00,12,300,0,signup,0
8335,Sweden,Paid,Pro,Desktop,2024-01-06 18:54:00,11,500,0,signup,0
8336,Norway,Organic,Basic,Desktop,2024-01-06 18:55:00,9,100,1,completed,100
8337,Norway,Paid,Premium,Tablet,2024-01-06 18:56:00,13,300,0,form_started,0
8338,Denmark,Paid,Pro,Tablet,2024-01-06 18:57:00,6,500,1,completed,500
8339,Denmark,Direct,Basic,Desktop,2024-01-06 18:58:00,14,100,1,completed,100
8340,Sweden,Organic,Basic,Mobile,2024-01-06 18:59:00,11,100,0,form_started,0
8341,Denmark,Paid,Basic,Desktop,2024-01-06 19:00:00,5,100,1,completed,100
8342,Sweden,Paid,Basic,Desktop,2024-01-06 19:01:00,2,100,0,signup,0
8343,Norway,Organic,Premium,Mobile,2024-01-06 19:02:00,7,300,0,form_started,0
8344,Norway,Paid,Pro,Mobile,2024-01-06 19:03:00,17,500,0,signup,0
8345,Sweden,Direct,Basic,Mobile,2024-01-06 19:04:00,6,100,0,form_started,0
8346,Norway,Organic,Pro,Mobile,2024-01-06 19:05:00,14,500,1,completed,500
8347,Denmark,Direct,Pro,Tablet,2024-01-06 19:06:00,4,500,0,form_started,0
8348,Norway,Organic,Pro,Tablet,2024-01-06 19:07:00,3,500,1,completed,500
8349,Denmark,Organic,Premium,Desktop,2024-01-06 19:08:00,11,300,1,completed,300
8350,Sweden,Organic,Premium,Tablet,2024-01-06 19:09:00,1,300,0,form_started,0
8351,Sweden,Paid,Basic,Desktop,2024-01-06 19:10:00,14,100,1,completed,100
8352,Norway,Organic,Pro,Desktop,2024-01-06 19:11:00,6,500,1,completed,500
8353,Norway,Organic,Premium,Mobile,2024-01-06 19:12:00,17,300,1,completed,300
8354,Denmark,Organic,Premium,Mobile,2024-01-06 19:13:00,17,300,0,signup,0
8355,Denmark,Direct,Premium,Tablet,2024-01-06 19:14:00,11,300,0,signup,0
8356,Norway,Organic,Basic,Tablet,2024-01-06 19:15:00,7,100,0,signup,0
8357,Norway,Paid,Premium,Tablet,2024-01-06 19:16:00,13,300,0,form_started,0
8358,Sweden,Organic,Pro,Tablet,2024-01-06 19:17:00,8,500,0,form_started,0
8359,Sweden,Organic,Premium,Mobile,2024-01-06 19:18:00,8,300,1,completed,300
8360,Sweden,Direct,Premium,Mobile,2024-01-06 19:19:00,9,300,1,completed,300
8361,Norway,Paid,Basic,Tablet,2024-01-06 19:20:00,7,100,0,signup,0
8362,Norway,Paid,Pro,Desktop,2024-01-06 19:21:00,9,500,0,signup,0
8363,Norway,Paid,Premium,Mobile,2024-01-06 19:22:00,11,300,1,completed,300
8364,Sweden,Organic,Pro,Mobile,2024-01-06 19:23:00,2,500,0,form_started,0
8365,Norway,Organic,Pro,Mobile,2024-01-06 19:24:00,18,500,0,signup,0
8366,Denmark,Paid,Premium,Mobile,2024-01-06 19:25:00,3,300,0,signup,0
8367,Norway,Paid,Basic,Tablet,2024-01-06 19:26:00,18,100,0,signup,0
8368,Norway,Direct,Pro,Tablet,2024-01-06 19:27:00,16,500,0,form_started,0
8369,Norway,Paid,Premium,Desktop,2024-01-06 19:28:00,8,300,0,signup,0
8370,Norway,Organic,Pro,Mobile,2024-01-06 19:29:00,8,500,0,form_started,0
8371,Norway,Organic,Pro,Tablet,2024-01-06 19:30:00,6,500,0,signup,0
8372,Denmark,Organic,Pro,Tablet,2024-01-06 19:31:00,2,500,0,signup,0
8373,Denmark,Direct,Premium,Mobile,2024-01-06 19:32:00,16,300,0,form_started,0
8374,Norway,Paid,Pro,Tablet,2024-01-06 19:33:00,9,500,1,completed,500
8375,Sweden,Organic,Pro,Tablet,2024-01-06 19:34:00,19,500,0,form_started,0
8376,Norway,Direct,Basic,Tablet,2024-01-06 19:35:00,15,100,0,form_started,0
8377,Norway,Direct,Premium,Desktop,2024-01-06 19:36:00,2,300,1,completed,300
8378,Norway,Organic,Premium,Tablet,2024-01-06 19:37:00,15,300,0,signup,0
8379,Sweden,Direct,Pro,Mobile,2024-01-06 19:38:00,11,500,0,signup,0
8380,Sweden,Direct,Basic,Mobile,2024-01-06 19:39:00,12,100,1,completed,100
8381,Sweden,Organic,Pro,Mobile,2024-01-06 19:40:00,15,500,0,signup,0
8382,Denmark,Direct,Pro,Tablet,2024-01-06 19:41:00,16,500,1,completed,500
8383,Sweden,Organic,Premium,Desktop,2024-01-06 19:42:00,6,300,1,completed,300
8384,Denmark,Organic,Basic,Tablet,2024-01-06 19:43:00,3,100,0,signup,0
8385,Denmark,Direct,Pro,Mobile,2024-01-06 19:44:00,6,500,0,signup,0
8386,Sweden,Organic,Premium,Desktop,2024-01-06 19:45:00,3,300,0,signup,0
8387,Sweden,Organic,Pro,Desktop,2024-01-06 19:46:00,13,500,0,form_started,0
8388,Sweden,Paid,Pro,Tablet,2024-01-06 19:47:00,12,500,1,completed,500
8389,Denmark,Organic,Basic,Mobile,2024-01-06 19:48:00,8,100,0,form_started,0
8390,Norway,Paid,Basic,Tablet,2024-01-06 19:49:00,2,100,0,signup,0
8391,Sweden,Paid,Basic,Mobile,2024-01-06 19:50:00,7,100,0,form_started,0
8392,Sweden,Paid,Pro,Desktop,2024-01-06 19:51:00,17,500,0,form_started,0
8393,Sweden,Paid,Basic,Tablet,2024-01-06 19:52:00,7,100,0,signup,0
8394,Denmark,Direct,Premium,Desktop,2024-01-06 19:53:00,1,300,0,form_started,0
8395,Denmark,Direct,Pro,Mobile,2024-01-06 19:54:00,4,500,1,completed,500
8396,Norway,Organic,Basic,Desktop,2024-01-06 19:55:00,15,100,0,signup,0
8397,Sweden,Organic,Pro,Desktop,2024-01-06 19:56:00,4,500,0,form_started,0
8398,Denmark,Organic,Pro,Desktop,2024-01-06 19:57:00,12,500,0,signup,0
8399,Norway,Direct,Premium,Tablet,2024-01-06 19:58:00,16,300,0,form_started,0
8400,Sweden,Paid,Premium,Mobile,2024-01-06 19:59:00,18,300,0,form_started,0
8401,Denmark,Direct,Premium,Desktop,2024-01-06 20:00:00,14,300,0,signup,0
8402,Sweden,Direct,Pro,Desktop,2024-01-06 20:01:00,14,500,0,signup,0
8403,Sweden,Organic,Pro,Desktop,2024-01-06 20:02:00,11,500,0,form_started,0
8404,Denmark,Organic,Premium,Desktop,2024-01-06 20:03:00,16,300,0,signup,0
8405,Denmark,Organic,Pro,Mobile,2024-01-06 20:04:00,15,500,1,completed,500
8406,Denmark,Paid,Premium,Mobile,2024-01-06 20:05:00,6,300,0,form_started,0
8407,Sweden,Paid,Premium,Tablet,2024-01-06 20:06:00,13,300,1,completed,300
8408,Sweden,Direct,Basic,Mobile,2024-01-06 20:07:00,17,100,0,signup,0
8409,Norway,Paid,Premium,Mobile,2024-01-06 20:08:00,4,300,1,completed,300
8410,Sweden,Organic,Basic,Desktop,2024-01-06 20:09:00,12,100,0,form_started,0
8411,Denmark,Paid,Premium,Tablet,2024-01-06 20:10:00,18,300,0,form_started,0
8412,Sweden,Paid,Pro,Tablet,2024-01-06 20:11:00,8,500,1,completed,500
8413,Norway,Paid,Basic,Desktop,2024-01-06 20:12:00,12,100,1,completed,100
8414,Norway,Paid,Pro,Tablet,2024-01-06 20:13:00,4,500,1,completed,500
8415,Denmark,Organic,Pro,Mobile,2024-01-06 20:14:00,8,500,0,signup,0
8416,Denmark,Organic,Premium,Tablet,2024-01-06 20:15:00,2,300,0,signup,0
8417,Norway,Direct,Premium,Desktop,2024-01-06 20:16:00,4,300,0,form_started,0
8418,Norway,Direct,Pro,Tablet,2024-01-06 20:17:00,12,500,1,completed,500
8419,Norway,Direct,Premium,Tablet,2024-01-06 20:18:00,10,300,1,completed,300
8420,Denmark,Paid,Premium,Tablet,2024-01-06 20:19:00,15,300,0,signup,0
8421,Norway,Paid,Premium,Desktop,2024-01-06 20:20:00,9,300,1,completed,300
8422,Norway,Organic,Pro,Mobile,2024-01-06 20:21:00,9,500,0,form_started,0
8423,Denmark,Direct,Basic,Tablet,2024-01-06 20:22:00,7,100,0,signup,0
8424,Sweden,Organic,Basic,Mobile,2024-01-06 20:23:00,2,100,0,signup,0
8425,Sweden,Direct,Pro,Mobile,2024-01-06 20:24:00,7,500,0,signup,0
8426,Norway,Direct,Premium,Mobile,2024-01-06 20:25:00,9,300,0,signup,0
8427,Sweden,Direct,Premium,Tablet,2024-01-06 20:26:00,18,300,0,form_started,0
8428,Sweden,Paid,Basic,Mobile,2024-01-06 20:27:00,12,100,0,signup,0
8429,Sweden,Direct,Pro,Tablet,2024-01-06 20:28:00,7,500,0,form_started,0
8430,Sweden,Direct,Pro,Tablet,2024-01-06 20:29:00,19,500,1,completed,500
8431,Norway,Paid,Premium,Tablet,2024-01-06 20:30:00,16,300,0,form_started,0
8432,Sweden,Direct,Premium,Mobile,2024-01-06 20:31:00,8,300,0,form_started,0
8433,Sweden,Paid,Premium,Tablet,2024-01-06 20:32:00,19,300,0,signup,0
8434,Denmark,Paid,Pro,Desktop,2024-01-06 20:33:00,6,500,1,completed,500
8435,Norway,Organic,Basic,Desktop,2024-01-06 20:34:00,2,100,0,form_started,0
8436,Denmark,Paid,Pro,Desktop,2024-01-06 20:35:00,2,500,1,completed,500
8437,Denmark,Paid,Pro,Tablet,2024-01-06 20:36:00,8,500,0,form_started,0
8438,Norway,Paid,Pro,Desktop,2024-01-06 20:37:00,10,500,0,signup,0
8439,Sweden,Direct,Basic,Tablet,2024-01-06 20:38:00,11,100,0,signup,0
8440,Denmark,Organic,Premium,Tablet,2024-01-06 20:39:00,3,300,0,form_started,0
8441,Norway,Direct,Premium,Tablet,2024-01-06 20:40:00,16,300,0,signup,0
8442,Sweden,Paid,Pro,Mobile,2024-01-06 20:41:00,3,500,0,form_started,0
8443,Norway,Paid,Pro,Desktop,2024-01-06 20:42:00,8,500,0,form_started,0
8444,Denmark,Organic,Basic,Tablet,2024-01-06 20:43:00,19,100,0,form_started,0
8445,Sweden,Organic,Basic,Desktop,2024-01-06 20:44:00,12,100,1,completed,100
8446,Sweden,Paid,Premium,Desktop,2024-01-06 20:45:00,18,300,1,completed,300
8447,Norway,Paid,Pro,Mobile,2024-01-06 20:46:00,13,500,0,form_started,0
8448,Sweden,Direct,Basic,Desktop,2024-01-06 20:47:00,11,100,0,signup,0
8449,Denmark,Paid,Basic,Tablet,2024-01-06 20:48:00,13,100,0,form_started,0
8450,Denmark,Direct,Pro,Tablet,2024-01-06 20:49:00,3,500,0,signup,0
8451,Denmark,Organic,Pro,Desktop,2024-01-06 20:50:00,6,500,1,completed,500
8452,Norway,Direct,Pro,Desktop,2024-01-06 20:51:00,3,500,0,signup,0
8453,Sweden,Paid,Pro,Mobile,2024-01-06 20:52:00,1,500,0,form_started,0
8454,Sweden,Direct,Pro,Tablet,2024-01-06 20:53:00,14,500,0,form_started,0
8455,Sweden,Direct,Pro,Desktop,2024-01-06 20:54:00,7,500,0,form_started,0
8456,Denmark,Organic,Basic,Desktop,2024-01-06 20:55:00,9,100,1,completed,100
8457,Sweden,Direct,Pro,Tablet,2024-01-06 20:56:00,1,500,0,signup,0
8458,Denmark,Paid,Premium,Desktop,2024-01-06 20:57:00,10,300,1,completed,300
8459,Sweden,Direct,Pro,Mobile,2024-01-06 20:58:00,13,500,1,completed,500
8460,Denmark,Direct,Premium,Desktop,2024-01-06 20:59:00,12,300,1,completed,300
8461,Sweden,Direct,Premium,Desktop,2024-01-06 21:00:00,4,300,0,signup,0
8462,Norway,Paid,Premium,Mobile,2024-01-06 21:01:00,7,300,0,signup,0
8463,Norway,Direct,Pro,Mobile,2024-01-06 21:02:00,10,500,0,form_started,0
8464,Denmark,Paid,Pro,Mobile,2024-01-06 21:03:00,7,500,1,completed,500
8465,Denmark,Direct,Premium,Tablet,2024-01-06 21:04:00,15,300,0,form_started,0
8466,Sweden,Organic,Pro,Desktop,2024-01-06 21:05:00,19,500,1,completed,500
8467,Sweden,Organic,Basic,Desktop,2024-01-06 21:06:00,7,100,1,completed,100
8468,Norway,Organic,Basic,Mobile,2024-01-06 21:07:00,14,100,1,completed,100
8469,Sweden,Paid,Basic,Tablet,2024-01-06 21:08:00,14,100,0,form_started,0
8470,Denmark,Paid,Basic,Mobile,2024-01-06 21:09:00,18,100,0,signup,0
8471,Denmark,Paid,Pro,Desktop,2024-01-06 21:10:00,10,500,0,signup,0
8472,Denmark,Direct,Premium,Tablet,2024-01-06 21:11:00,3,300,0,form_started,0
8473,Denmark,Paid,Pro,Tablet,2024-01-06 21:12:00,6,500,1,completed,500
8474,Denmark,Paid,Basic,Desktop,2024-01-06 21:13:00,9,100,1,completed,100
8475,Norway,Paid,Pro,Tablet,2024-01-06 21:14:00,14,500,0,form_started,0
8476,Norway,Paid,Pro,Tablet,2024-01-06 21:15:00,8,500,0,signup,0
8477,Denmark,Organic,Basic,Mobile,2024-01-06 21:16:00,1,100,0,form_started,0
8478,Sweden,Direct,Premium,Tablet,2024-01-06 21:17:00,3,300,0,form_started,0
8479,Denmark,Organic,Pro,Mobile,2024-01-06 21:18:00,6,500,0,form_started,0
8480,Norway,Direct,Pro,Tablet,2024-01-06 21:19:00,1,500,0,signup,0
8481,Denmark,Direct,Basic,Mobile,2024-01-06 21:20:00,18,100,1,completed,100
8482,Norway,Organic,Premium,Mobile,2024-01-06 21:21:00,10,300,1,completed,300
8483,Norway,Paid,Basic,Tablet,2024-01-06 21:22:00,17,100,0,signup,0
8484,Denmark,Organic,Basic,Mobile,2024-01-06 21:23:00,1,100,0,form_started,0
8485,Denmark,Direct,Pro,Desktop,2024-01-06 21:24:00,8,500,0,signup,0
8486,Sweden,Direct,Premium,Desktop,2024-01-06 21:25:00,12,300,1,completed,300
8487,Norway,Paid,Basic,Tablet,2024-01-06 21:26:00,19,100,0,signup,0
8488,Sweden,Organic,Pro,Tablet,2024-01-06 21:27:00,14,500,0,form_started,0
8489,Denmark,Direct,Basic,Tablet,2024-01-06 21:28:00,19,100,0,form_started,0
8490,Norway,Organic,Pro,Desktop,2024-01-06 21:29:00,17,500,0,form_started,0
8491,Sweden,Paid,Premium,Tablet,2024-01-06 21:30:00,16,300,1,completed,300
8492,Sweden,Paid,Basic,Tablet,2024-01-06 21:31:00,19,100,1,completed,100
8493,Sweden,Direct,Premium,Mobile,2024-01-06 21:32:00,5,300,1,completed,300
8494,Denmark,Paid,Premium,Tablet,2024-01-06 21:33:00,19,300,1,completed,300
8495,Denmark,Direct,Pro,Desktop,2024-01-06 21:34:00,4,500,0,form_started,0
8496,Denmark,Direct,Basic,Desktop,2024-01-06 21:35:00,5,100,0,form_started,0
8497,Norway,Paid,Basic,Tablet,2024-01-06 21:36:00,5,100,1,completed,100
8498,Denmark,Paid,Pro,Desktop,2024-01-06 21:37:00,1,500,0,signup,0
8499,Norway,Organic,Pro,Mobile,2024-01-06 21:38:00,18,500,0,signup,0
8500,Sweden,Organic,Premium,Mobile,2024-01-06 21:39:00,15,300,1,completed,300
8501,Sweden,Direct,Basic,Tablet,2024-01-06 21:40:00,19,100,0,signup,0
8502,Denmark,Organic,Basic,Tablet,2024-01-06 21:41:00,14,100,0,signup,0
8503,Sweden,Direct,Pro,Mobile,2024-01-06 21:42:00,6,500,0,signup,0
8504,Denmark,Paid,Pro,Mobile,2024-01-06 21:43:00,18,500,0,form_started,0
8505,Norway,Paid,Pro,Tablet,2024-01-06 21:44:00,8,500,0,form_started,0
8506,Sweden,Organic,Basic,Desktop,2024-01-06 21:45:00,5,100,0,form_started,0
8507,Denmark,Direct,Basic,Tablet,2024-01-06 21:46:00,8,100,0,form_started,0
8508,Sweden,Direct,Premium,Tablet,2024-01-06 21:47:00,6,300,1,completed,300
8509,Sweden,Organic,Pro,Tablet,2024-01-06 21:48:00,10,500,1,completed,500
8510,Denmark,Direct,Premium,Tablet,2024-01-06 21:49:00,3,300,0,signup,0
8511,Sweden,Direct,Basic,Tablet,2024-01-06 21:50:00,13,100,1,completed,100
8512,Sweden,Paid,Premium,Tablet,2024-01-06 21:51:00,7,300,0,form_started,0
8513,Sweden,Direct,Premium,Tablet,2024-01-06 21:52:00,4,300,1,completed,300
8514,Sweden,Direct,Premium,Desktop,2024-01-06 21:53:00,13,300,1,completed,300
8515,Norway,Direct,Pro,Tablet,2024-01-06 21:54:00,6,500,0,form_started,0
8516,Sweden,Organic,Basic,Mobile,2024-01-06 21:55:00,16,100,1,completed,100
8517,Sweden,Organic,Pro,Tablet,2024-01-06 21:56:00,1,500,1,completed,500
8518,Denmark,Organic,Premium,Desktop,2024-01-06 21:57:00,13,300,0,form_started,0
8519,Norway,Direct,Pro,Mobile,2024-01-06 21:58:00,2,500,0,form_started,0
8520,Denmark,Direct,Basic,Tablet,2024-01-06 21:59:00,19,100,0,form_started,0
8521,Denmark,Organic,Basic,Tablet,2024-01-06 22:00:00,6,100,0,signup,0
8522,Denmark,Organic,Premium,Mobile,2024-01-06 22:01:00,11,300,0,form_started,0
8523,Norway,Direct,Premium,Tablet,2024-01-06 22:02:00,17,300,0,signup,0
8524,Denmark,Direct,Pro,Desktop,2024-01-06 22:03:00,9,500,0,signup,0
8525,Denmark,Paid,Basic,Tablet,2024-01-06 22:04:00,5,100,0,form_started,0
8526,Denmark,Organic,Basic,Desktop,2024-01-06 22:05:00,5,100,1,completed,100
8527,Sweden,Direct,Pro,Tablet,2024-01-06 22:06:00,16,500,1,completed,500
8528,Denmark,Organic,Basic,Mobile,2024-01-06 22:07:00,4,100,1,completed,100
8529,Norway,Organic,Premium,Desktop,2024-01-06 22:08:00,13,300,0,signup,0
8530,Norway,Organic,Premium,Tablet,2024-01-06 22:09:00,17,300,1,completed,300
8531,Sweden,Paid,Pro,Tablet,2024-01-06 22:10:00,9,500,1,completed,500
8532,Norway,Direct,Pro,Mobile,2024-01-06 22:11:00,13,500,1,completed,500
8533,Norway,Direct,Pro,Mobile,2024-01-06 22:12:00,16,500,1,completed,500
8534,Sweden,Organic,Premium,Desktop,2024-01-06 22:13:00,10,300,1,completed,300
8535,Denmark,Direct,Pro,Desktop,2024-01-06 22:14:00,10,500,0,signup,0
8536,Sweden,Paid,Basic,Desktop,2024-01-06 22:15:00,16,100,0,form_started,0
8537,Denmark,Organic,Pro,Tablet,2024-01-06 22:16:00,1,500,0,signup,0
8538,Denmark,Paid,Basic,Tablet,2024-01-06 22:17:00,11,100,0,signup,0
8539,Norway,Paid,Premium,Desktop,2024-01-06 22:18:00,13,300,1,completed,300
8540,Sweden,Direct,Basic,Tablet,2024-01-06 22:19:00,18,100,0,form_started,0
8541,Norway,Direct,Basic,Mobile,2024-01-06 22:20:00,5,100,1,completed,100
8542,Norway,Paid,Basic,Tablet,2024-01-06 22:21:00,4,100,1,completed,100
8543,Denmark,Direct,Premium,Desktop,2024-01-06 22:22:00,6,300,0,form_started,0
8544,Norway,Paid,Basic,Tablet,2024-01-06 22:23:00,15,100,0,form_started,0
8545,Sweden,Paid,Basic,Mobile,2024-01-06 22:24:00,2,100,0,signup,0
8546,Norway,Organic,Pro,Desktop,2024-01-06 22:25:00,4,500,1,completed,500
8547,Norway,Paid,Pro,Desktop,2024-01-06 22:26:00,14,500,1,completed,500
8548,Denmark,Paid,Pro,Desktop,2024-01-06 22:27:00,4,500,1,completed,500
8549,Sweden,Direct,Basic,Desktop,2024-01-06 22:28:00,18,100,0,signup,0
8550,Norway,Organic,Basic,Tablet,2024-01-06 22:29:00,16,100,0,signup,0
8551,Denmark,Direct,Premium,Mobile,2024-01-06 22:30:00,9,300,0,signup,0
8552,Norway,Organic,Basic,Tablet,2024-01-06 22:31:00,8,100,0,form_started,0
8553,Sweden,Direct,Basic,Tablet,2024-01-06 22:32:00,11,100,1,completed,100
8554,Norway,Paid,Premium,Desktop,2024-01-06 22:33:00,14,300,0,form_started,0
8555,Norway,Organic,Basic,Mobile,2024-01-06 22:34:00,17,100,0,signup,0
8556,Denmark,Organic,Premium,Tablet,2024-01-06 22:35:00,13,300,0,signup,0
8557,Norway,Organic,Premium,Mobile,2024-01-06 22:36:00,8,300,0,signup,0
8558,Denmark,Organic,Pro,Mobile,2024-01-06 22:37:00,14,500,0,signup,0
8559,Sweden,Direct,Basic,Mobile,2024-01-06 22:38:00,11,100,0,form_started,0
8560,Norway,Direct,Pro,Mobile,2024-01-06 22:39:00,9,500,0,signup,0
8561,Sweden,Organic,Basic,Tablet,2024-01-06 22:40:00,8,100,1,completed,100
8562,Sweden,Organic,Pro,Mobile,2024-01-06 22:41:00,14,500,0,form_started,0
8563,Norway,Organic,Premium,Tablet,2024-01-06 22:42:00,15,300,0,form_started,0
8564,Denmark,Direct,Premium,Mobile,2024-01-06 22:43:00,1,300,1,completed,300
8565,Sweden,Organic,Premium,Mobile,2024-01-06 22:44:00,12,300,1,completed,300
8566,Sweden,Organic,Premium,Tablet,2024-01-06 22:45:00,5,300,0,form_started,0
8567,Norway,Organic,Basic,Desktop,2024-01-06 22:46:00,14,100,1,completed,100
8568,Norway,Direct,Basic,Tablet,2024-01-06 22:47:00,16,100,1,completed,100
8569,Norway,Paid,Pro,Mobile,2024-01-06 22:48:00,19,500,0,signup,0
8570,Norway,Paid,Basic,Tablet,2024-01-06 22:49:00,16,100,1,completed,100
8571,Norway,Direct,Basic,Mobile,2024-01-06 22:50:00,7,100,0,form_started,0
8572,Norway,Paid,Pro,Tablet,2024-01-06 22:51:00,3,500,1,completed,500
8573,Denmark,Organic,Premium,Tablet,2024-01-06 22:52:00,8,300,0,form_started,0
8574,Sweden,Organic,Pro,Tablet,2024-01-06 22:53:00,14,500,1,completed,500
8575,Denmark,Direct,Pro,Desktop,2024-01-06 22:54:00,3,500,0,signup,0
8576,Denmark,Direct,Premium,Tablet,2024-01-06 22:55:00,11,300,0,signup,0
8577,Norway,Paid,Pro,Tablet,2024-01-06 22:56:00,14,500,0,form_started,0
8578,Sweden,Paid,Pro,Desktop,2024-01-06 22:57:00,2,500,0,signup,0
8579,Denmark,Organic,Pro,Desktop,2024-01-06 22:58:00,4,500,0,signup,0
8580,Norway,Direct,Basic,Mobile,2024-01-06 22:59:00,5,100,0,signup,0
8581,Norway,Paid,Premium,Mobile,2024-01-06 23:00:00,19,300,0,signup,0
8582,Sweden,Paid,Premium,Tablet,2024-01-06 23:01:00,10,300,0,form_started,0
8583,Denmark,Organic,Pro,Mobile,2024-01-06 23:02:00,2,500,0,form_started,0
8584,Denmark,Organic,Basic,Tablet,2024-01-06 23:03:00,3,100,0,signup,0
8585,Denmark,Organic,Premium,Desktop,2024-01-06 23:04:00,15,300,0,form_started,0
8586,Norway,Organic,Premium,Desktop,2024-01-06 23:05:00,19,300,0,form_started,0
8587,Sweden,Paid,Pro,Tablet,2024-01-06 23:06:00,2,500,0,form_started,0
8588,Sweden,Direct,Pro,Mobile,2024-01-06 23:07:00,3,500,0,form_started,0
8589,Denmark,Direct,Pro,Mobile,2024-01-06 23:08:00,12,500,0,signup,0
8590,Norway,Organic,Premium,Mobile,2024-01-06 23:09:00,14,300,0,signup,0
8591,Denmark,Organic,Pro,Tablet,2024-01-06 23:10:00,17,500,0,signup,0
8592,Sweden,Paid,Pro,Mobile,2024-01-06 23:11:00,16,500,0,form_started,0
8593,Norway,Organic,Pro,Desktop,2024-01-06 23:12:00,17,500,0,signup,0
8594,Denmark,Direct,Basic,Desktop,2024-01-06 23:13:00,9,100,0,signup,0
8595,Denmark,Organic,Pro,Desktop,2024-01-06 23:14:00,3,500,0,signup,0
8596,Norway,Direct,Premium,Desktop,2024-01-06 23:15:00,14,300,1,completed,300
8597,Sweden,Organic,Pro,Desktop,2024-01-06 23:16:00,3,500,1,completed,500
8598,Norway,Organic,Premium,Desktop,2024-01-06 23:17:00,6,300,1,completed,300
8599,Denmark,Direct,Basic,Desktop,2024-01-06 23:18:00,19,100,0,form_started,0
8600,Denmark,Paid,Basic,Desktop,2024-01-06 23:19:00,13,100,0,form_started,0
8601,Denmark,Paid,Pro,Desktop,2024-01-06 23:20:00,5,500,1,completed,500
8602,Denmark,Organic,Premium,Tablet,2024-01-06 23:21:00,1,300,0,form_started,0
8603,Sweden,Organic,Pro,Tablet,2024-01-06 23:22:00,12,500,0,form_started,0
8604,Sweden,Direct,Pro,Desktop,2024-01-06 23:23:00,15,500,0,form_started,0
8605,Denmark,Direct,Premium,Desktop,2024-01-06 23:24:00,19,300,0,signup,0
8606,Sweden,Organic,Premium,Desktop,2024-01-06 23:25:00,2,300,0,signup,0
8607,Sweden,Direct,Premium,Mobile,2024-01-06 23:26:00,3,300,1,completed,300
8608,Sweden,Paid,Premium,Tablet,2024-01-06 23:27:00,7,300,1,completed,300
8609,Denmark,Paid,Premium,Desktop,2024-01-06 23:28:00,11,300,0,form_started,0
8610,Norway,Direct,Basic,Tablet,2024-01-06 23:29:00,10,100,1,completed,100
8611,Norway,Direct,Basic,Desktop,2024-01-06 23:30:00,8,100,0,signup,0
8612,Norway,Direct,Basic,Mobile,2024-01-06 23:31:00,2,100,0,signup,0
8613,Denmark,Paid,Premium,Desktop,2024-01-06 23:32:00,14,300,1,completed,300
8614,Sweden,Organic,Premium,Tablet,2024-01-06 23:33:00,13,300,0,signup,0
8615,Sweden,Direct,Premium,Tablet,2024-01-06 23:34:00,7,300,0,signup,0
8616,Denmark,Direct,Pro,Tablet,2024-01-06 23:35:00,9,500,0,form_started,0
8617,Denmark,Direct,Basic,Tablet,2024-01-06 23:36:00,7,100,0,signup,0
8618,Norway,Organic,Basic,Desktop,2024-01-06 23:37:00,1,100,0,form_started,0
8619,Norway,Direct,Pro,Mobile,2024-01-06 23:38:00,1,500,1,completed,500
8620,Denmark,Direct,Pro,Mobile,2024-01-06 23:39:00,6,500,1,completed,500
8621,Norway,Paid,Basic,Desktop,2024-01-06 23:40:00,1,100,0,form_started,0
8622,Sweden,Direct,Premium,Desktop,2024-01-06 23:41:00,16,300,0,form_started,0
8623,Denmark,Paid,Basic,Tablet,2024-01-06 23:42:00,3,100,1,completed,100
8624,Denmark,Organic,Premium,Desktop,2024-01-06 23:43:00,13,300,1,completed,300
8625,Sweden,Direct,Basic,Mobile,2024-01-06 23:44:00,4,100,0,form_started,0
8626,Sweden,Direct,Basic,Desktop,2024-01-06 23:45:00,17,100,0,signup,0
8627,Sweden,Paid,Pro,Desktop,2024-01-06 23:46:00,10,500,0,form_started,0
8628,Norway,Organic,Pro,Mobile,2024-01-06 23:47:00,4,500,0,signup,0
8629,Denmark,Organic,Premium,Mobile,2024-01-06 23:48:00,12,300,1,completed,300
8630,Norway,Paid,Premium,Desktop,2024-01-06 23:49:00,13,300,0,signup,0
8631,Sweden,Organic,Basic,Tablet,2024-01-06 23:50:00,4,100,1,completed,100
8632,Norway,Organic,Pro,Tablet,2024-01-06 23:51:00,16,500,0,form_started,0
8633,Sweden,Organic,Premium,Tablet,2024-01-06 23:52:00,19,300,0,form_started,0
8634,Norway,Organic,Premium,Mobile,2024-01-06 23:53:00,7,300,0,form_started,0
8635,Norway,Organic,Premium,Mobile,2024-01-06 23:54:00,1,300,0,form_started,0
8636,Sweden,Organic,Basic,Tablet,2024-01-06 23:55:00,16,100,0,form_started,0
8637,Norway,Organic,Premium,Desktop,2024-01-06 23:56:00,2,300,0,signup,0
8638,Denmark,Organic,Premium,Desktop,2024-01-06 23:57:00,1,300,1,completed,300
8639,Norway,Direct,Pro,Desktop,2024-01-06 23:58:00,14,500,0,signup,0
8640,Norway,Paid,Pro,Mobile,2024-01-06 23:59:00,5,500,0,form_started,0
8641,Denmark,Organic,Pro,Mobile,2024-01-07 00:00:00,15,500,0,form_started,0
8642,Sweden,Paid,Basic,Tablet,2024-01-07 00:01:00,10,100,0,form_started,0
8643,Denmark,Organic,Pro,Desktop,2024-01-07 00:02:00,2,500,0,form_started,0
8644,Norway,Organic,Pro,Mobile,2024-01-07 00:03:00,11,500,0,form_started,0
8645,Sweden,Direct,Pro,Mobile,2024-01-07 00:04:00,16,500,0,form_started,0
8646,Norway,Paid,Pro,Tablet,2024-01-07 00:05:00,19,500,1,completed,500
8647,Norway,Paid,Premium,Desktop,2024-01-07 00:06:00,4,300,0,signup,0
8648,Denmark,Direct,Basic,Mobile,2024-01-07 00:07:00,10,100,0,signup,0
8649,Denmark,Direct,Premium,Mobile,2024-01-07 00:08:00,12,300,0,form_started,0
8650,Sweden,Paid,Premium,Mobile,2024-01-07 00:09:00,2,300,0,form_started,0
8651,Sweden,Organic,Basic,Mobile,2024-01-07 00:10:00,2,100,0,form_started,0
8652,Sweden,Organic,Premium,Desktop,2024-01-07 00:11:00,9,300,0,form_started,0
8653,Norway,Paid,Pro,Tablet,2024-01-07 00:12:00,12,500,0,signup,0
8654,Denmark,Organic,Basic,Desktop,2024-01-07 00:13:00,2,100,0,signup,0
8655,Denmark,Direct,Premium,Tablet,2024-01-07 00:14:00,18,300,1,completed,300
8656,Denmark,Direct,Premium,Mobile,2024-01-07 00:15:00,16,300,0,form_started,0
8657,Sweden,Direct,Pro,Desktop,2024-01-07 00:16:00,19,500,0,signup,0
8658,Denmark,Paid,Premium,Tablet,2024-01-07 00:17:00,15,300,0,form_started,0
8659,Denmark,Paid,Premium,Tablet,2024-01-07 00:18:00,16,300,0,signup,0
8660,Denmark,Paid,Premium,Mobile,2024-01-07 00:19:00,6,300,0,signup,0
8661,Sweden,Organic,Basic,Tablet,2024-01-07 00:20:00,15,100,1,completed,100
8662,Denmark,Paid,Basic,Tablet,2024-01-07 00:21:00,12,100,1,completed,100
8663,Sweden,Paid,Premium,Tablet,2024-01-07 00:22:00,12,300,0,form_started,0
8664,Denmark,Direct,Premium,Mobile,2024-01-07 00:23:00,10,300,0,form_started,0
8665,Denmark,Organic,Pro,Desktop,2024-01-07 00:24:00,15,500,0,signup,0
8666,Denmark,Organic,Basic,Mobile,2024-01-07 00:25:00,4,100,0,signup,0
8667,Sweden,Direct,Basic,Tablet,2024-01-07 00:26:00,10,100,0,signup,0
8668,Sweden,Organic,Basic,Tablet,2024-01-07 00:27:00,19,100,1,completed,100
8669,Denmark,Paid,Premium,Desktop,2024-01-07 00:28:00,14,300,1,completed,300
8670,Norway,Organic,Pro,Tablet,2024-01-07 00:29:00,10,500,1,completed,500
8671,Sweden,Direct,Pro,Desktop,2024-01-07 00:30:00,17,500,0,signup,0
8672,Sweden,Organic,Premium,Tablet,2024-01-07 00:31:00,11,300,0,signup,0
8673,Denmark,Direct,Premium,Tablet,2024-01-07 00:32:00,18,300,1,completed,300
8674,Norway,Paid,Pro,Mobile,2024-01-07 00:33:00,2,500,1,completed,500
8675,Denmark,Paid,Pro,Mobile,2024-01-07 00:34:00,11,500,0,form_started,0
8676,Sweden,Direct,Basic,Desktop,2024-01-07 00:35:00,8,100,1,completed,100
8677,Sweden,Paid,Premium,Mobile,2024-01-07 00:36:00,19,300,1,completed,300
8678,Denmark,Paid,Basic,Desktop,2024-01-07 00:37:00,16,100,0,form_started,0
8679,Denmark,Organic,Pro,Mobile,2024-01-07 00:38:00,4,500,0,signup,0
8680,Norway,Paid,Basic,Desktop,2024-01-07 00:39:00,14,100,0,signup,0
8681,Norway,Direct,Pro,Tablet,2024-01-07 00:40:00,17,500,1,completed,500
8682,Sweden,Paid,Pro,Desktop,2024-01-07 00:41:00,11,500,1,completed,500
8683,Norway,Organic,Basic,Mobile,2024-01-07 00:42:00,3,100,0,signup,0
8684,Norway,Direct,Premium,Desktop,2024-01-07 00:43:00,4,300,0,form_started,0
8685,Sweden,Paid,Basic,Mobile,2024-01-07 00:44:00,13,100,0,form_started,0
8686,Sweden,Paid,Basic,Tablet,2024-01-07 00:45:00,17,100,0,form_started,0
8687,Sweden,Paid,Premium,Mobile,2024-01-07 00:46:00,10,300,0,signup,0
8688,Sweden,Direct,Premium,Tablet,2024-01-07 00:47:00,12,300,0,signup,0
8689,Denmark,Organic,Basic,Tablet,2024-01-07 00:48:00,8,100,1,completed,100
8690,Sweden,Direct,Pro,Mobile,2024-01-07 00:49:00,3,500,0,form_started,0
8691,Sweden,Direct,Basic,Tablet,2024-01-07 00:50:00,10,100,0,form_started,0
8692,Sweden,Organic,Pro,Mobile,2024-01-07 00:51:00,7,500,0,form_started,0
8693,Norway,Direct,Premium,Desktop,2024-01-07 00:52:00,10,300,0,form_started,0
8694,Sweden,Direct,Premium,Tablet,2024-01-07 00:53:00,7,300,1,completed,300
8695,Denmark,Paid,Pro,Desktop,2024-01-07 00:54:00,18,500,0,signup,0
8696,Denmark,Direct,Basic,Desktop,2024-01-07 00:55:00,14,100,0,form_started,0
8697,Sweden,Paid,Premium,Mobile,2024-01-07 00:56:00,12,300,0,signup,0
8698,Denmark,Direct,Pro,Mobile,2024-01-07 00:57:00,8,500,0,signup,0
8699,Norway,Paid,Pro,Tablet,2024-01-07 00:58:00,7,500,1,completed,500
8700,Sweden,Paid,Basic,Mobile,2024-01-07 00:59:00,5,100,0,signup,0
8701,Denmark,Paid,Pro,Desktop,2024-01-07 01:00:00,1,500,0,signup,0
8702,Denmark,Organic,Pro,Desktop,2024-01-07 01:01:00,15,500,1,completed,500
8703,Sweden,Direct,Basic,Desktop,2024-01-07 01:02:00,9,100,0,signup,0
8704,Denmark,Direct,Premium,Tablet,2024-01-07 01:03:00,12,300,0,signup,0
8705,Sweden,Direct,Premium,Mobile,2024-01-07 01:04:00,18,300,0,signup,0
8706,Denmark,Organic,Premium,Desktop,2024-01-07 01:05:00,11,300,1,completed,300
8707,Norway,Paid,Pro,Tablet,2024-01-07 01:06:00,10,500,1,completed,500
8708,Denmark,Direct,Pro,Mobile,2024-01-07 01:07:00,10,500,0,form_started,0
8709,Denmark,Organic,Basic,Mobile,2024-01-07 01:08:00,18,100,1,completed,100
8710,Sweden,Organic,Pro,Desktop,2024-01-07 01:09:00,1,500,0,form_started,0
8711,Denmark,Direct,Pro,Tablet,2024-01-07 01:10:00,11,500,0,form_started,0
8712,Sweden,Paid,Premium,Desktop,2024-01-07 01:11:00,2,300,1,completed,300
8713,Norway,Organic,Pro,Desktop,2024-01-07 01:12:00,11,500,0,form_started,0
8714,Sweden,Direct,Pro,Tablet,2024-01-07 01:13:00,2,500,0,signup,0
8715,Sweden,Paid,Pro,Desktop,2024-01-07 01:14:00,9,500,0,signup,0
8716,Denmark,Organic,Basic,Tablet,2024-01-07 01:15:00,1,100,0,signup,0
8717,Norway,Organic,Pro,Tablet,2024-01-07 01:16:00,6,500,0,signup,0
8718,Sweden,Direct,Basic,Desktop,2024-01-07 01:17:00,2,100,0,form_started,0
8719,Denmark,Direct,Premium,Desktop,2024-01-07 01:18:00,15,300,0,signup,0
8720,Denmark,Paid,Pro,Mobile,2024-01-07 01:19:00,1,500,0,form_started,0
8721,Sweden,Direct,Basic,Mobile,2024-01-07 01:20:00,18,100,0,signup,0
8722,Denmark,Direct,Premium,Tablet,2024-01-07 01:21:00,4,300,0,form_started,0
8723,Sweden,Paid,Pro,Tablet,2024-01-07 01:22:00,13,500,0,form_started,0
8724,Sweden,Direct,Basic,Tablet,2024-01-07 01:23:00,4,100,0,form_started,0
8725,Sweden,Paid,Basic,Mobile,2024-01-07 01:24:00,15,100,0,signup,0
8726,Norway,Paid,Premium,Desktop,2024-01-07 01:25:00,2,300,1,completed,300
8727,Sweden,Paid,Pro,Desktop,2024-01-07 01:26:00,9,500,0,form_started,0
8728,Denmark,Direct,Pro,Mobile,2024-01-07 01:27:00,12,500,1,completed,500
8729,Norway,Paid,Pro,Desktop,2024-01-07 01:28:00,14,500,1,completed,500
8730,Denmark,Direct,Basic,Desktop,2024-01-07 01:29:00,4,100,0,form_started,0
8731,Norway,Paid,Pro,Desktop,2024-01-07 01:30:00,15,500,1,completed,500
8732,Norway,Direct,Basic,Mobile,2024-01-07 01:31:00,4,100,1,completed,100
8733,Norway,Paid,Basic,Tablet,2024-01-07 01:32:00,5,100,1,completed,100
8734,Norway,Organic,Premium,Desktop,2024-01-07 01:33:00,10,300,0,signup,0
8735,Denmark,Organic,Basic,Desktop,2024-01-07 01:34:00,12,100,0,signup,0
8736,Sweden,Organic,Premium,Tablet,2024-01-07 01:35:00,12,300,0,form_started,0
8737,Denmark,Paid,Premium,Desktop,2024-01-07 01:36:00,8,300,0,signup,0
8738,Sweden,Direct,Pro,Desktop,2024-01-07 01:37:00,4,500,1,completed,500
8739,Denmark,Paid,Premium,Tablet,2024-01-07 01:38:00,3,300,1,completed,300
8740,Norway,Paid,Pro,Mobile,2024-01-07 01:39:00,1,500,0,form_started,0
8741,Norway,Paid,Premium,Mobile,2024-01-07 01:40:00,18,300,1,completed,300
8742,Sweden,Paid,Basic,Desktop,2024-01-07 01:41:00,14,100,1,completed,100
8743,Sweden,Direct,Pro,Desktop,2024-01-07 01:42:00,17,500,0,signup,0
8744,Denmark,Paid,Basic,Tablet,2024-01-07 01:43:00,6,100,1,completed,100
8745,Sweden,Organic,Pro,Tablet,2024-01-07 01:44:00,6,500,0,form_started,0
8746,Denmark,Organic,Basic,Desktop,2024-01-07 01:45:00,10,100,0,signup,0
8747,Sweden,Organic,Premium,Desktop,2024-01-07 01:46:00,19,300,1,completed,300
8748,Sweden,Paid,Pro,Mobile,2024-01-07 01:47:00,10,500,1,completed,500
8749,Sweden,Direct,Pro,Mobile,2024-01-07 01:48:00,3,500,1,completed,500
8750,Norway,Direct,Pro,Mobile,2024-01-07 01:49:00,1,500,0,signup,0
8751,Norway,Direct,Premium,Mobile,2024-01-07 01:50:00,18,300,1,completed,300
8752,Denmark,Paid,Basic,Tablet,2024-01-07 01:51:00,15,100,0,form_started,0
8753,Sweden,Direct,Premium,Mobile,2024-01-07 01:52:00,4,300,0,form_started,0
8754,Denmark,Organic,Premium,Mobile,2024-01-07 01:53:00,18,300,0,signup,0
8755,Sweden,Direct,Premium,Desktop,2024-01-07 01:54:00,10,300,0,signup,0
8756,Norway,Paid,Basic,Mobile,2024-01-07 01:55:00,19,100,0,form_started,0
8757,Norway,Paid,Premium,Desktop,2024-01-07 01:56:00,17,300,1,completed,300
8758,Sweden,Direct,Pro,Desktop,2024-01-07 01:57:00,10,500,0,signup,0
8759,Sweden,Paid,Premium,Mobile,2024-01-07 01:58:00,4,300,1,completed,300
8760,Norway,Direct,Basic,Mobile,2024-01-07 01:59:00,5,100,0,signup,0
8761,Norway,Direct,Pro,Desktop,2024-01-07 02:00:00,7,500,0,form_started,0
8762,Denmark,Organic,Basic,Tablet,2024-01-07 02:01:00,19,100,0,signup,0
8763,Norway,Paid,Premium,Desktop,2024-01-07 02:02:00,19,300,1,completed,300
8764,Sweden,Organic,Basic,Tablet,2024-01-07 02:03:00,8,100,1,completed,100
8765,Denmark,Paid,Pro,Tablet,2024-01-07 02:04:00,1,500,0,signup,0
8766,Sweden,Direct,Basic,Mobile,2024-01-07 02:05:00,8,100,0,form_started,0
8767,Denmark,Paid,Pro,Mobile,2024-01-07 02:06:00,19,500,1,completed,500
8768,Sweden,Direct,Pro,Mobile,2024-01-07 02:07:00,17,500,0,form_started,0
8769,Norway,Paid,Premium,Mobile,2024-01-07 02:08:00,9,300,0,signup,0
8770,Sweden,Organic,Premium,Desktop,2024-01-07 02:09:00,16,300,0,signup,0
8771,Denmark,Organic,Pro,Tablet,2024-01-07 02:10:00,9,500,0,form_started,0
8772,Sweden,Direct,Basic,Desktop,2024-01-07 02:11:00,19,100,0,form_started,0
8773,Denmark,Organic,Pro,Tablet,2024-01-07 02:12:00,16,500,0,form_started,0
8774,Sweden,Direct,Premium,Desktop,2024-01-07 02:13:00,13,300,0,form_started,0
8775,Norway,Direct,Basic,Tablet,2024-01-07 02:14:00,19,100,0,form_started,0
8776,Norway,Direct,Pro,Mobile,2024-01-07 02:15:00,5,500,0,signup,0
8777,Sweden,Paid,Premium,Tablet,2024-01-07 02:16:00,2,300,1,completed,300
8778,Sweden,Direct,Pro,Mobile,2024-01-07 02:17:00,4,500,0,signup,0
8779,Sweden,Organic,Pro,Tablet,2024-01-07 02:18:00,12,500,0,signup,0
8780,Denmark,Paid,Pro,Desktop,2024-01-07 02:19:00,18,500,0,form_started,0
8781,Sweden,Organic,Basic,Tablet,2024-01-07 02:20:00,3,100,0,form_started,0
8782,Sweden,Direct,Premium,Desktop,2024-01-07 02:21:00,19,300,0,form_started,0
8783,Denmark,Direct,Premium,Desktop,2024-01-07 02:22:00,4,300,0,signup,0
8784,Norway,Organic,Pro,Mobile,2024-01-07 02:23:00,4,500,1,completed,500
8785,Sweden,Paid,Pro,Tablet,2024-01-07 02:24:00,16,500,1,completed,500
8786,Sweden,Organic,Pro,Desktop,2024-01-07 02:25:00,11,500,1,completed,500
8787,Norway,Direct,Basic,Tablet,2024-01-07 02:26:00,13,100,0,signup,0
8788,Norway,Paid,Premium,Mobile,2024-01-07 02:27:00,11,300,0,form_started,0
8789,Denmark,Direct,Pro,Mobile,2024-01-07 02:28:00,7,500,0,signup,0
8790,Sweden,Direct,Premium,Tablet,2024-01-07 02:29:00,14,300,1,completed,300
8791,Sweden,Organic,Pro,Desktop,2024-01-07 02:30:00,4,500,0,form_started,0
8792,Denmark,Direct,Premium,Desktop,2024-01-07 02:31:00,8,300,1,completed,300
8793,Norway,Organic,Pro,Desktop,2024-01-07 02:32:00,12,500,0,signup,0
8794,Denmark,Paid,Basic,Tablet,2024-01-07 02:33:00,13,100,0,signup,0
8795,Norway,Direct,Pro,Desktop,2024-01-07 02:34:00,9,500,0,form_started,0
8796,Denmark,Direct,Pro,Desktop,2024-01-07 02:35:00,9,500,0,form_started,0
8797,Norway,Paid,Pro,Desktop,2024-01-07 02:36:00,2,500,0,form_started,0
8798,Denmark,Organic,Pro,Mobile,2024-01-07 02:37:00,3,500,0,form_started,0
8799,Norway,Direct,Pro,Desktop,2024-01-07 02:38:00,12,500,0,form_started,0
8800,Norway,Paid,Premium,Tablet,2024-01-07 02:39:00,17,300,1,completed,300
8801,Norway,Direct,Premium,Tablet,2024-01-07 02:40:00,4,300,0,signup,0
8802,Norway,Organic,Basic,Desktop,2024-01-07 02:41:00,14,100,0,signup,0
8803,Norway,Organic,Pro,Tablet,2024-01-07 02:42:00,9,500,0,signup,0
8804,Sweden,Organic,Premium,Tablet,2024-01-07 02:43:00,8,300,1,completed,300
8805,Norway,Organic,Premium,Desktop,2024-01-07 02:44:00,1,300,0,form_started,0
8806,Sweden,Paid,Pro,Mobile,2024-01-07 02:45:00,13,500,1,completed,500
8807,Norway,Direct,Pro,Desktop,2024-01-07 02:46:00,3,500,0,form_started,0
8808,Sweden,Paid,Basic,Tablet,2024-01-07 02:47:00,14,100,1,completed,100
8809,Sweden,Organic,Basic,Tablet,2024-01-07 02:48:00,19,100,0,form_started,0
8810,Denmark,Organic,Premium,Desktop,2024-01-07 02:49:00,6,300,0,signup,0
8811,Norway,Organic,Basic,Tablet,2024-01-07 02:50:00,4,100,1,completed,100
8812,Denmark,Organic,Premium,Mobile,2024-01-07 02:51:00,1,300,1,completed,300
8813,Denmark,Direct,Basic,Desktop,2024-01-07 02:52:00,10,100,1,completed,100
8814,Norway,Organic,Pro,Tablet,2024-01-07 02:53:00,13,500,0,form_started,0
8815,Denmark,Direct,Basic,Mobile,2024-01-07 02:54:00,12,100,0,form_started,0
8816,Norway,Organic,Premium,Tablet,2024-01-07 02:55:00,11,300,0,signup,0
8817,Denmark,Direct,Basic,Mobile,2024-01-07 02:56:00,4,100,0,signup,0
8818,Norway,Direct,Premium,Tablet,2024-01-07 02:57:00,17,300,0,form_started,0
8819,Norway,Organic,Premium,Desktop,2024-01-07 02:58:00,15,300,0,signup,0
8820,Norway,Paid,Basic,Tablet,2024-01-07 02:59:00,3,100,0,signup,0
8821,Sweden,Paid,Basic,Desktop,2024-01-07 03:00:00,10,100,1,completed,100
8822,Denmark,Paid,Premium,Mobile,2024-01-07 03:01:00,14,300,0,form_started,0
8823,Sweden,Paid,Pro,Mobile,2024-01-07 03:02:00,19,500,0,signup,0
8824,Denmark,Paid,Basic,Tablet,2024-01-07 03:03:00,4,100,0,signup,0
8825,Denmark,Organic,Premium,Desktop,2024-01-07 03:04:00,14,300,0,form_started,0
8826,Denmark,Organic,Pro,Desktop,2024-01-07 03:05:00,6,500,0,signup,0
8827,Sweden,Organic,Premium,Mobile,2024-01-07 03:06:00,12,300,0,signup,0
8828,Denmark,Organic,Basic,Mobile,2024-01-07 03:07:00,2,100,1,completed,100
8829,Sweden,Organic,Premium,Tablet,2024-01-07 03:08:00,17,300,0,signup,0
8830,Norway,Organic,Premium,Mobile,2024-01-07 03:09:00,1,300,0,form_started,0
8831,Denmark,Direct,Premium,Mobile,2024-01-07 03:10:00,17,300,0,form_started,0
8832,Denmark,Direct,Basic,Desktop,2024-01-07 03:11:00,5,100,0,signup,0
8833,Norway,Organic,Pro,Desktop,2024-01-07 03:12:00,16,500,0,form_started,0
8834,Norway,Organic,Pro,Desktop,2024-01-07 03:13:00,14,500,0,signup,0
8835,Denmark,Direct,Pro,Mobile,2024-01-07 03:14:00,10,500,0,signup,0
8836,Norway,Direct,Pro,Tablet,2024-01-07 03:15:00,3,500,1,completed,500
8837,Sweden,Organic,Basic,Tablet,2024-01-07 03:16:00,3,100,1,completed,100
8838,Sweden,Direct,Premium,Mobile,2024-01-07 03:17:00,18,300,0,form_started,0
8839,Denmark,Paid,Pro,Tablet,2024-01-07 03:18:00,18,500,1,completed,500
8840,Sweden,Paid,Pro,Mobile,2024-01-07 03:19:00,4,500,0,form_started,0
8841,Sweden,Paid,Basic,Tablet,2024-01-07 03:20:00,7,100,0,form_started,0
8842,Denmark,Direct,Premium,Mobile,2024-01-07 03:21:00,1,300,0,form_started,0
8843,Norway,Organic,Premium,Desktop,2024-01-07 03:22:00,16,300,0,signup,0
8844,Denmark,Organic,Pro,Tablet,2024-01-07 03:23:00,17,500,0,signup,0
8845,Sweden,Organic,Pro,Desktop,2024-01-07 03:24:00,8,500,1,completed,500
8846,Denmark,Direct,Premium,Desktop,2024-01-07 03:25:00,6,300,1,completed,300
8847,Denmark,Direct,Basic,Tablet,2024-01-07 03:26:00,2,100,1,completed,100
8848,Sweden,Paid,Premium,Mobile,2024-01-07 03:27:00,10,300,0,signup,0
8849,Sweden,Direct,Premium,Desktop,2024-01-07 03:28:00,17,300,0,form_started,0
8850,Denmark,Paid,Pro,Desktop,2024-01-07 03:29:00,19,500,0,form_started,0
8851,Sweden,Paid,Basic,Mobile,2024-01-07 03:30:00,4,100,1,completed,100
8852,Sweden,Organic,Basic,Mobile,2024-01-07 03:31:00,13,100,1,completed,100
8853,Sweden,Direct,Basic,Tablet,2024-01-07 03:32:00,19,100,1,completed,100
8854,Sweden,Organic,Pro,Tablet,2024-01-07 03:33:00,16,500,0,form_started,0
8855,Sweden,Organic,Basic,Mobile,2024-01-07 03:34:00,13,100,0,form_started,0
8856,Sweden,Direct,Basic,Desktop,2024-01-07 03:35:00,5,100,0,signup,0
8857,Norway,Direct,Pro,Mobile,2024-01-07 03:36:00,12,500,1,completed,500
8858,Denmark,Paid,Premium,Tablet,2024-01-07 03:37:00,7,300,1,completed,300
8859,Sweden,Paid,Basic,Desktop,2024-01-07 03:38:00,9,100,0,signup,0
8860,Denmark,Paid,Premium,Desktop,2024-01-07 03:39:00,5,300,0,form_started,0
8861,Norway,Paid,Basic,Tablet,2024-01-07 03:40:00,4,100,1,completed,100
8862,Sweden,Organic,Premium,Desktop,2024-01-07 03:41:00,10,300,0,form_started,0
8863,Denmark,Organic,Premium,Mobile,2024-01-07 03:42:00,16,300,1,completed,300
8864,Sweden,Direct,Pro,Tablet,2024-01-07 03:43:00,11,500,0,signup,0
8865,Sweden,Paid,Pro,Desktop,2024-01-07 03:44:00,9,500,0,form_started,0
8866,Sweden,Paid,Basic,Tablet,2024-01-07 03:45:00,5,100,1,completed,100
8867,Sweden,Paid,Basic,Desktop,2024-01-07 03:46:00,11,100,0,form_started,0
8868,Sweden,Organic,Pro,Mobile,2024-01-07 03:47:00,9,500,0,signup,0
8869,Sweden,Direct,Basic,Tablet,2024-01-07 03:48:00,17,100,1,completed,100
8870,Sweden,Organic,Basic,Desktop,2024-01-07 03:49:00,11,100,1,completed,100
8871,Norway,Direct,Pro,Mobile,2024-01-07 03:50:00,6,500,0,signup,0
8872,Norway,Direct,Premium,Mobile,2024-01-07 03:51:00,16,300,0,signup,0
8873,Sweden,Organic,Basic,Mobile,2024-01-07 03:52:00,19,100,0,form_started,0
8874,Sweden,Organic,Pro,Desktop,2024-01-07 03:53:00,14,500,0,form_started,0
8875,Norway,Direct,Basic,Desktop,2024-01-07 03:54:00,3,100,1,completed,100
8876,Norway,Organic,Basic,Mobile,2024-01-07 03:55:00,10,100,0,form_started,0
8877,Norway,Organic,Pro,Mobile,2024-01-07 03:56:00,4,500,0,form_started,0
8878,Sweden,Direct,Pro,Mobile,2024-01-07 03:57:00,2,500,1,completed,500
8879,Denmark,Direct,Basic,Mobile,2024-01-07 03:58:00,13,100,0,form_started,0
8880,Denmark,Paid,Basic,Mobile,2024-01-07 03:59:00,11,100,1,completed,100
8881,Denmark,Organic,Premium,Desktop,2024-01-07 04:00:00,12,300,0,signup,0
8882,Denmark,Direct,Premium,Tablet,2024-01-07 04:01:00,1,300,1,completed,300
8883,Sweden,Organic,Pro,Tablet,2024-01-07 04:02:00,9,500,1,completed,500
8884,Denmark,Organic,Basic,Tablet,2024-01-07 04:03:00,12,100,1,completed,100
8885,Norway,Direct,Pro,Desktop,2024-01-07 04:04:00,7,500,1,completed,500
8886,Norway,Paid,Pro,Tablet,2024-01-07 04:05:00,17,500,0,signup,0
8887,Denmark,Direct,Basic,Tablet,2024-01-07 04:06:00,10,100,0,signup,0
8888,Norway,Direct,Premium,Tablet,2024-01-07 04:07:00,6,300,0,signup,0
8889,Sweden,Organic,Pro,Tablet,2024-01-07 04:08:00,7,500,1,completed,500
8890,Denmark,Paid,Pro,Mobile,2024-01-07 04:09:00,19,500,0,form_started,0
8891,Denmark,Direct,Basic,Desktop,2024-01-07 04:10:00,14,100,1,completed,100
8892,Sweden,Organic,Premium,Tablet,2024-01-07 04:11:00,11,300,0,signup,0
8893,Norway,Direct,Premium,Mobile,2024-01-07 04:12:00,2,300,1,completed,300
8894,Sweden,Organic,Basic,Tablet,2024-01-07 04:13:00,1,100,0,signup,0
8895,Sweden,Direct,Pro,Tablet,2024-01-07 04:14:00,10,500,0,signup,0
8896,Norway,Paid,Basic,Tablet,2024-01-07 04:15:00,12,100,0,signup,0
8897,Sweden,Direct,Basic,Tablet,2024-01-07 04:16:00,9,100,0,form_started,0
8898,Norway,Organic,Premium,Tablet,2024-01-07 04:17:00,11,300,0,form_started,0
8899,Norway,Direct,Pro,Mobile,2024-01-07 04:18:00,1,500,0,signup,0
8900,Sweden,Paid,Pro,Tablet,2024-01-07 04:19:00,10,500,0,form_started,0
8901,Norway,Paid,Premium,Mobile,2024-01-07 04:20:00,19,300,1,completed,300
8902,Sweden,Paid,Pro,Tablet,2024-01-07 04:21:00,11,500,0,signup,0
8903,Norway,Paid,Pro,Desktop,2024-01-07 04:22:00,3,500,0,signup,0
8904,Denmark,Organic,Basic,Mobile,2024-01-07 04:23:00,16,100,1,completed,100
8905,Norway,Direct,Basic,Tablet,2024-01-07 04:24:00,10,100,1,completed,100
8906,Norway,Paid,Basic,Mobile,2024-01-07 04:25:00,2,100,0,signup,0
8907,Sweden,Direct,Pro,Tablet,2024-01-07 04:26:00,19,500,1,completed,500
8908,Norway,Organic,Pro,Tablet,2024-01-07 04:27:00,4,500,1,completed,500
8909,Denmark,Direct,Pro,Mobile,2024-01-07 04:28:00,16,500,1,completed,500
8910,Denmark,Direct,Pro,Tablet,2024-01-07 04:29:00,6,500,1,completed,500
8911,Norway,Paid,Premium,Tablet,2024-01-07 04:30:00,11,300,0,form_started,0
8912,Norway,Paid,Premium,Tablet,2024-01-07 04:31:00,17,300,0,signup,0
8913,Denmark,Organic,Pro,Tablet,2024-01-07 04:32:00,15,500,1,completed,500
8914,Sweden,Direct,Basic,Tablet,2024-01-07 04:33:00,4,100,1,completed,100
8915,Denmark,Organic,Basic,Tablet,2024-01-07 04:34:00,8,100,0,form_started,0
8916,Denmark,Organic,Premium,Mobile,2024-01-07 04:35:00,18,300,0,form_started,0
8917,Norway,Organic,Premium,Desktop,2024-01-07 04:36:00,14,300,0,form_started,0
8918,Norway,Paid,Pro,Tablet,2024-01-07 04:37:00,2,500,0,form_started,0
8919,Denmark,Paid,Pro,Mobile,2024-01-07 04:38:00,16,500,0,signup,0
8920,Sweden,Direct,Pro,Desktop,2024-01-07 04:39:00,15,500,0,form_started,0
8921,Denmark,Direct,Pro,Mobile,2024-01-07 04:40:00,6,500,1,completed,500
8922,Denmark,Direct,Pro,Desktop,2024-01-07 04:41:00,9,500,0,signup,0
8923,Sweden,Paid,Basic,Desktop,2024-01-07 04:42:00,12,100,1,completed,100
8924,Denmark,Paid,Basic,Desktop,2024-01-07 04:43:00,10,100,0,signup,0
8925,Denmark,Organic,Pro,Mobile,2024-01-07 04:44:00,7,500,0,form_started,0
8926,Norway,Paid,Basic,Desktop,2024-01-07 04:45:00,5,100,0,signup,0
8927,Sweden,Organic,Pro,Tablet,2024-01-07 04:46:00,8,500,0,signup,0
8928,Norway,Organic,Pro,Tablet,2024-01-07 04:47:00,12,500,0,form_started,0
8929,Norway,Paid,Premium,Desktop,2024-01-07 04:48:00,1,300,1,completed,300
8930,Sweden,Organic,Basic,Desktop,2024-01-07 04:49:00,10,100,1,completed,100
8931,Sweden,Organic,Basic,Tablet,2024-01-07 04:50:00,11,100,1,completed,100
8932,Denmark,Direct,Premium,Mobile,2024-01-07 04:51:00,5,300,0,form_started,0
8933,Norway,Organic,Basic,Mobile,2024-01-07 04:52:00,13,100,0,form_started,0
8934,Sweden,Paid,Premium,Tablet,2024-01-07 04:53:00,18,300,0,form_started,0
8935,Norway,Paid,Basic,Mobile,2024-01-07 04:54:00,10,100,0,signup,0
8936,Norway,Organic,Pro,Mobile,2024-01-07 04:55:00,17,500,0,signup,0
8937,Sweden,Direct,Premium,Desktop,2024-01-07 04:56:00,19,300,0,form_started,0
8938,Denmark,Paid,Pro,Mobile,2024-01-07 04:57:00,4,500,1,completed,500
8939,Norway,Paid,Pro,Tablet,2024-01-07 04:58:00,9,500,0,form_started,0
8940,Sweden,Direct,Basic,Mobile,2024-01-07 04:59:00,18,100,1,completed,100
8941,Denmark,Organic,Premium,Desktop,2024-01-07 05:00:00,16,300,0,signup,0
8942,Norway,Paid,Pro,Tablet,2024-01-07 05:01:00,7,500,0,signup,0
8943,Sweden,Organic,Pro,Tablet,2024-01-07 05:02:00,12,500,1,completed,500
8944,Norway,Organic,Premium,Tablet,2024-01-07 05:03:00,4,300,0,form_started,0
8945,Sweden,Organic,Basic,Desktop,2024-01-07 05:04:00,12,100,0,form_started,0
8946,Sweden,Organic,Pro,Tablet,2024-01-07 05:05:00,12,500,0,form_started,0
8947,Norway,Paid,Basic,Desktop,2024-01-07 05:06:00,4,100,0,form_started,0
8948,Norway,Direct,Premium,Desktop,2024-01-07 05:07:00,12,300,0,form_started,0
8949,Sweden,Paid,Basic,Mobile,2024-01-07 05:08:00,8,100,0,form_started,0
8950,Denmark,Direct,Premium,Tablet,2024-01-07 05:09:00,3,300,0,form_started,0
8951,Norway,Organic,Basic,Mobile,2024-01-07 05:10:00,16,100,1,completed,100
8952,Sweden,Direct,Basic,Mobile,2024-01-07 05:11:00,2,100,0,signup,0
8953,Sweden,Organic,Pro,Desktop,2024-01-07 05:12:00,6,500,0,signup,0
8954,Denmark,Paid,Basic,Mobile,2024-01-07 05:13:00,17,100,0,signup,0
8955,Denmark,Paid,Pro,Mobile,2024-01-07 05:14:00,12,500,1,completed,500
8956,Denmark,Direct,Premium,Mobile,2024-01-07 05:15:00,9,300,0,signup,0
8957,Norway,Organic,Premium,Tablet,2024-01-07 05:16:00,16,300,0,signup,0
8958,Sweden,Organic,Pro,Mobile,2024-01-07 05:17:00,7,500,0,signup,0
8959,Sweden,Direct,Basic,Desktop,2024-01-07 05:18:00,8,100,1,completed,100
8960,Sweden,Organic,Premium,Tablet,2024-01-07 05:19:00,7,300,0,form_started,0
8961,Denmark,Organic,Premium,Desktop,2024-01-07 05:20:00,5,300,0,form_started,0
8962,Sweden,Organic,Premium,Tablet,2024-01-07 05:21:00,7,300,0,form_started,0
8963,Norway,Paid,Pro,Tablet,2024-01-07 05:22:00,18,500,0,form_started,0
8964,Denmark,Paid,Premium,Tablet,2024-01-07 05:23:00,18,300,0,form_started,0
8965,Denmark,Paid,Premium,Desktop,2024-01-07 05:24:00,16,300,1,completed,300
8966,Denmark,Organic,Premium,Mobile,2024-01-07 05:25:00,7,300,0,signup,0
8967,Denmark,Paid,Premium,Tablet,2024-01-07 05:26:00,2,300,0,signup,0
8968,Norway,Organic,Pro,Desktop,2024-01-07 05:27:00,17,500,0,signup,0
8969,Sweden,Organic,Pro,Tablet,2024-01-07 05:28:00,8,500,1,completed,500
8970,Norway,Direct,Basic,Mobile,2024-01-07 05:29:00,2,100,0,signup,0
8971,Sweden,Organic,Premium,Tablet,2024-01-07 05:30:00,18,300,0,signup,0
8972,Norway,Paid,Pro,Desktop,2024-01-07 05:31:00,19,500,1,completed,500
8973,Denmark,Paid,Basic,Tablet,2024-01-07 05:32:00,9,100,0,signup,0
8974,Denmark,Organic,Basic,Desktop,2024-01-07 05:33:00,12,100,0,signup,0
8975,Norway,Paid,Premium,Mobile,2024-01-07 05:34:00,19,300,0,signup,0
8976,Norway,Organic,Basic,Mobile,2024-01-07 05:35:00,8,100,1,completed,100
8977,Sweden,Direct,Pro,Tablet,2024-01-07 05:36:00,8,500,1,completed,500
8978,Norway,Organic,Basic,Mobile,2024-01-07 05:37:00,10,100,1,completed,100
8979,Norway,Organic,Basic,Desktop,2024-01-07 05:38:00,18,100,0,form_started,0
8980,Sweden,Direct,Pro,Tablet,2024-01-07 05:39:00,15,500,0,signup,0
8981,Sweden,Paid,Basic,Desktop,2024-01-07 05:40:00,11,100,0,form_started,0
8982,Sweden,Direct,Basic,Tablet,2024-01-07 05:41:00,14,100,0,form_started,0
8983,Norway,Direct,Basic,Desktop,2024-01-07 05:42:00,15,100,0,form_started,0
8984,Sweden,Organic,Basic,Tablet,2024-01-07 05:43:00,14,100,1,completed,100
8985,Denmark,Organic,Premium,Desktop,2024-01-07 05:44:00,12,300,0,signup,0
8986,Denmark,Direct,Premium,Desktop,2024-01-07 05:45:00,4,300,0,signup,0
8987,Denmark,Paid,Pro,Tablet,2024-01-07 05:46:00,3,500,0,signup,0
8988,Norway,Direct,Basic,Desktop,2024-01-07 05:47:00,12,100,1,completed,100
8989,Denmark,Paid,Pro,Mobile,2024-01-07 05:48:00,7,500,0,signup,0
8990,Norway,Direct,Premium,Desktop,2024-01-07 05:49:00,7,300,0,signup,0
8991,Norway,Direct,Basic,Tablet,2024-01-07 05:50:00,19,100,0,signup,0
8992,Denmark,Paid,Basic,Mobile,2024-01-07 05:51:00,14,100,1,completed,100
8993,Sweden,Direct,Premium,Mobile,2024-01-07 05:52:00,1,300,1,completed,300
8994,Norway,Organic,Basic,Desktop,2024-01-07 05:53:00,7,100,0,form_started,0
8995,Denmark,Direct,Basic,Desktop,2024-01-07 05:54:00,10,100,0,signup,0
8996,Norway,Organic,Premium,Desktop,2024-01-07 05:55:00,18,300,0,signup,0
8997,Sweden,Paid,Pro,Mobile,2024-01-07 05:56:00,13,500,0,signup,0
8998,Sweden,Paid,Pro,Mobile,2024-01-07 05:57:00,8,500,1,completed,500
8999,Denmark,Organic,Basic,Mobile,2024-01-07 05:58:00,9,100,0,signup,0
9000,Norway,Direct,Premium,Tablet,2024-01-07 05:59:00,15,300,0,signup,0
9001,Norway,Organic,Pro,Tablet,2024-01-07 06:00:00,8,500,0,signup,0
9002,Norway,Organic,Pro,Desktop,2024-01-07 06:01:00,1,500,0,form_started,0
9003,Norway,Paid,Basic,Tablet,2024-01-07 06:02:00,3,100,1,completed,100
9004,Denmark,Organic,Pro,Tablet,2024-01-07 06:03:00,19,500,0,signup,0
9005,Sweden,Direct,Premium,Desktop,2024-01-07 06:04:00,9,300,1,completed,300
9006,Denmark,Organic,Pro,Desktop,2024-01-07 06:05:00,19,500,0,signup,0
9007,Norway,Paid,Premium,Mobile,2024-01-07 06:06:00,15,300,0,signup,0
9008,Norway,Direct,Premium,Mobile,2024-01-07 06:07:00,14,300,1,completed,300
9009,Sweden,Paid,Basic,Desktop,2024-01-07 06:08:00,1,100,0,form_started,0
9010,Norway,Organic,Pro,Desktop,2024-01-07 06:09:00,3,500,1,completed,500
9011,Denmark,Organic,Basic,Tablet,2024-01-07 06:10:00,2,100,1,completed,100
9012,Denmark,Paid,Pro,Tablet,2024-01-07 06:11:00,1,500,1,completed,500
9013,Sweden,Paid,Basic,Tablet,2024-01-07 06:12:00,18,100,0,form_started,0
9014,Denmark,Direct,Basic,Desktop,2024-01-07 06:13:00,1,100,0,form_started,0
9015,Denmark,Paid,Basic,Desktop,2024-01-07 06:14:00,9,100,1,completed,100
9016,Denmark,Paid,Pro,Mobile,2024-01-07 06:15:00,7,500,1,completed,500
9017,Denmark,Organic,Basic,Tablet,2024-01-07 06:16:00,13,100,0,form_started,0
9018,Norway,Organic,Premium,Mobile,2024-01-07 06:17:00,17,300,0,signup,0
9019,Denmark,Paid,Pro,Desktop,2024-01-07 06:18:00,13,500,1,completed,500
9020,Sweden,Paid,Premium,Tablet,2024-01-07 06:19:00,13,300,0,signup,0
9021,Sweden,Organic,Basic,Mobile,2024-01-07 06:20:00,10,100,0,signup,0
9022,Denmark,Direct,Basic,Desktop,2024-01-07 06:21:00,6,100,0,form_started,0
9023,Sweden,Direct,Premium,Mobile,2024-01-07 06:22:00,5,300,0,signup,0
9024,Denmark,Direct,Basic,Tablet,2024-01-07 06:23:00,10,100,0,signup,0
9025,Sweden,Direct,Pro,Mobile,2024-01-07 06:24:00,14,500,1,completed,500
9026,Sweden,Organic,Premium,Mobile,2024-01-07 06:25:00,11,300,1,completed,300
9027,Denmark,Paid,Pro,Desktop,2024-01-07 06:26:00,5,500,1,completed,500
9028,Denmark,Direct,Pro,Tablet,2024-01-07 06:27:00,4,500,0,form_started,0
9029,Norway,Organic,Pro,Mobile,2024-01-07 06:28:00,3,500,0,signup,0
9030,Denmark,Paid,Basic,Desktop,2024-01-07 06:29:00,14,100,0,form_started,0
9031,Denmark,Direct,Basic,Tablet,2024-01-07 06:30:00,13,100,0,signup,0
9032,Norway,Paid,Premium,Desktop,2024-01-07 06:31:00,5,300,0,form_started,0
9033,Denmark,Direct,Premium,Tablet,2024-01-07 06:32:00,12,300,0,signup,0
9034,Denmark,Paid,Pro,Desktop,2024-01-07 06:33:00,10,500,0,form_started,0
9035,Norway,Direct,Basic,Desktop,2024-01-07 06:34:00,2,100,0,form_started,0
9036,Denmark,Direct,Basic,Desktop,2024-01-07 06:35:00,7,100,0,form_started,0
9037,Denmark,Paid,Basic,Mobile,2024-01-07 06:36:00,7,100,1,completed,100
9038,Norway,Paid,Premium,Mobile,2024-01-07 06:37:00,4,300,1,completed,300
9039,Norway,Paid,Basic,Desktop,2024-01-07 06:38:00,12,100,1,completed,100
9040,Sweden,Organic,Pro,Tablet,2024-01-07 06:39:00,4,500,1,completed,500
9041,Denmark,Organic,Pro,Desktop,2024-01-07 06:40:00,7,500,0,form_started,0
9042,Sweden,Paid,Pro,Mobile,2024-01-07 06:41:00,13,500,1,completed,500
9043,Sweden,Organic,Basic,Tablet,2024-01-07 06:42:00,8,100,1,completed,100
9044,Norway,Direct,Pro,Mobile,2024-01-07 06:43:00,14,500,0,form_started,0
9045,Denmark,Paid,Pro,Desktop,2024-01-07 06:44:00,3,500,1,completed,500
9046,Denmark,Organic,Premium,Mobile,2024-01-07 06:45:00,2,300,0,signup,0
9047,Norway,Paid,Premium,Mobile,2024-01-07 06:46:00,10,300,0,signup,0
9048,Sweden,Direct,Basic,Mobile,2024-01-07 06:47:00,6,100,0,signup,0
9049,Norway,Direct,Basic,Desktop,2024-01-07 06:48:00,7,100,1,completed,100
9050,Denmark,Organic,Basic,Mobile,2024-01-07 06:49:00,16,100,0,form_started,0
9051,Norway,Direct,Basic,Desktop,2024-01-07 06:50:00,6,100,0,form_started,0
9052,Denmark,Paid,Basic,Desktop,2024-01-07 06:51:00,16,100,0,signup,0
9053,Sweden,Organic,Premium,Mobile,2024-01-07 06:52:00,12,300,0,form_started,0
9054,Denmark,Paid,Premium,Tablet,2024-01-07 06:53:00,15,300,1,completed,300
9055,Sweden,Paid,Premium,Mobile,2024-01-07 06:54:00,3,300,1,completed,300
9056,Sweden,Paid,Pro,Mobile,2024-01-07 06:55:00,16,500,1,completed,500
9057,Denmark,Direct,Pro,Mobile,2024-01-07 06:56:00,18,500,0,signup,0
9058,Denmark,Paid,Premium,Tablet,2024-01-07 06:57:00,15,300,0,signup,0
9059,Sweden,Direct,Premium,Tablet,2024-01-07 06:58:00,6,300,0,form_started,0
9060,Norway,Paid,Basic,Desktop,2024-01-07 06:59:00,17,100,0,signup,0
9061,Denmark,Direct,Premium,Tablet,2024-01-07 07:00:00,2,300,0,form_started,0
9062,Sweden,Direct,Basic,Tablet,2024-01-07 07:01:00,2,100,0,form_started,0
9063,Sweden,Direct,Premium,Mobile,2024-01-07 07:02:00,17,300,0,form_started,0
9064,Norway,Paid,Basic,Desktop,2024-01-07 07:03:00,19,100,0,signup,0
9065,Denmark,Paid,Premium,Desktop,2024-01-07 07:04:00,5,300,0,signup,0
9066,Sweden,Direct,Basic,Tablet,2024-01-07 07:05:00,4,100,0,form_started,0
9067,Norway,Paid,Pro,Tablet,2024-01-07 07:06:00,18,500,1,completed,500
9068,Sweden,Direct,Pro,Mobile,2024-01-07 07:07:00,8,500,0,signup,0
9069,Denmark,Paid,Basic,Tablet,2024-01-07 07:08:00,9,100,1,completed,100
9070,Norway,Direct,Basic,Tablet,2024-01-07 07:09:00,18,100,1,completed,100
9071,Sweden,Direct,Pro,Desktop,2024-01-07 07:10:00,11,500,1,completed,500
9072,Norway,Organic,Premium,Tablet,2024-01-07 07:11:00,16,300,0,form_started,0
9073,Denmark,Paid,Basic,Mobile,2024-01-07 07:12:00,16,100,0,signup,0
9074,Norway,Paid,Premium,Desktop,2024-01-07 07:13:00,4,300,0,form_started,0
9075,Denmark,Organic,Pro,Desktop,2024-01-07 07:14:00,9,500,1,completed,500
9076,Sweden,Direct,Pro,Tablet,2024-01-07 07:15:00,13,500,1,completed,500
9077,Denmark,Direct,Basic,Mobile,2024-01-07 07:16:00,8,100,0,form_started,0
9078,Sweden,Organic,Premium,Desktop,2024-01-07 07:17:00,11,300,0,signup,0
9079,Sweden,Organic,Pro,Mobile,2024-01-07 07:18:00,9,500,0,signup,0
9080,Denmark,Direct,Premium,Mobile,2024-01-07 07:19:00,18,300,0,form_started,0
9081,Sweden,Paid,Pro,Tablet,2024-01-07 07:20:00,3,500,1,completed,500
9082,Norway,Organic,Basic,Mobile,2024-01-07 07:21:00,18,100,0,signup,0
9083,Sweden,Organic,Premium,Desktop,2024-01-07 07:22:00,19,300,0,form_started,0
9084,Denmark,Organic,Premium,Tablet,2024-01-07 07:23:00,9,300,0,signup,0
9085,Norway,Organic,Basic,Desktop,2024-01-07 07:24:00,18,100,0,signup,0
9086,Norway,Organic,Basic,Mobile,2024-01-07 07:25:00,16,100,0,form_started,0
9087,Sweden,Organic,Basic,Mobile,2024-01-07 07:26:00,14,100,0,signup,0
9088,Sweden,Direct,Basic,Tablet,2024-01-07 07:27:00,19,100,0,signup,0
9089,Denmark,Direct,Pro,Tablet,2024-01-07 07:28:00,15,500,1,completed,500
9090,Norway,Organic,Premium,Desktop,2024-01-07 07:29:00,4,300,0,signup,0
9091,Denmark,Direct,Pro,Desktop,2024-01-07 07:30:00,12,500,0,signup,0
9092,Sweden,Paid,Basic,Mobile,2024-01-07 07:31:00,7,100,1,completed,100
9093,Norway,Paid,Pro,Tablet,2024-01-07 07:32:00,11,500,0,signup,0
9094,Denmark,Organic,Pro,Mobile,2024-01-07 07:33:00,7,500,0,signup,0
9095,Denmark,Paid,Premium,Mobile,2024-01-07 07:34:00,3,300,0,form_started,0
9096,Denmark,Paid,Premium,Desktop,2024-01-07 07:35:00,4,300,0,signup,0
9097,Denmark,Direct,Premium,Desktop,2024-01-07 07:36:00,2,300,0,signup,0
9098,Denmark,Direct,Basic,Desktop,2024-01-07 07:37:00,15,100,0,form_started,0
9099,Norway,Direct,Basic,Tablet,2024-01-07 07:38:00,12,100,0,signup,0
9100,Denmark,Direct,Premium,Desktop,2024-01-07 07:39:00,17,300,1,completed,300
9101,Norway,Paid,Pro,Tablet,2024-01-07 07:40:00,18,500,0,form_started,0
9102,Denmark,Organic,Premium,Mobile,2024-01-07 07:41:00,8,300,1,completed,300
9103,Sweden,Direct,Basic,Tablet,2024-01-07 07:42:00,8,100,1,completed,100
9104,Sweden,Paid,Pro,Desktop,2024-01-07 07:43:00,5,500,1,completed,500
9105,Denmark,Direct,Basic,Tablet,2024-01-07 07:44:00,9,100,1,completed,100
9106,Sweden,Paid,Premium,Tablet,2024-01-07 07:45:00,5,300,0,signup,0
9107,Norway,Direct,Premium,Desktop,2024-01-07 07:46:00,10,300,0,signup,0
9108,Denmark,Organic,Pro,Desktop,2024-01-07 07:47:00,1,500,1,completed,500
9109,Norway,Direct,Premium,Mobile,2024-01-07 07:48:00,4,300,0,signup,0
9110,Denmark,Organic,Basic,Tablet,2024-01-07 07:49:00,16,100,0,form_started,0
9111,Sweden,Direct,Basic,Mobile,2024-01-07 07:50:00,18,100,0,signup,0
9112,Norway,Direct,Basic,Mobile,2024-01-07 07:51:00,12,100,0,form_started,0
9113,Sweden,Direct,Pro,Tablet,2024-01-07 07:52:00,15,500,0,signup,0
9114,Sweden,Paid,Basic,Mobile,2024-01-07 07:53:00,18,100,0,signup,0
9115,Denmark,Paid,Premium,Tablet,2024-01-07 07:54:00,5,300,1,completed,300
9116,Norway,Organic,Pro,Mobile,2024-01-07 07:55:00,14,500,0,form_started,0
9117,Sweden,Organic,Basic,Mobile,2024-01-07 07:56:00,7,100,1,completed,100
9118,Denmark,Paid,Basic,Tablet,2024-01-07 07:57:00,11,100,0,signup,0
9119,Denmark,Organic,Premium,Desktop,2024-01-07 07:58:00,15,300,0,form_started,0
9120,Denmark,Organic,Premium,Tablet,2024-01-07 07:59:00,11,300,0,signup,0
9121,Sweden,Paid,Pro,Desktop,2024-01-07 08:00:00,7,500,1,completed,500
9122,Denmark,Paid,Basic,Tablet,2024-01-07 08:01:00,4,100,1,completed,100
9123,Norway,Paid,Basic,Tablet,2024-01-07 08:02:00,1,100,0,form_started,0
9124,Norway,Paid,Premium,Desktop,2024-01-07 08:03:00,2,300,0,form_started,0
9125,Sweden,Direct,Pro,Desktop,2024-01-07 08:04:00,4,500,1,completed,500
9126,Norway,Paid,Premium,Tablet,2024-01-07 08:05:00,5,300,0,form_started,0
9127,Denmark,Organic,Premium,Tablet,2024-01-07 08:06:00,2,300,0,signup,0
9128,Sweden,Direct,Pro,Tablet,2024-01-07 08:07:00,2,500,0,form_started,0
9129,Denmark,Direct,Basic,Desktop,2024-01-07 08:08:00,18,100,1,completed,100
9130,Sweden,Organic,Basic,Tablet,2024-01-07 08:09:00,14,100,0,form_started,0
9131,Sweden,Direct,Basic,Desktop,2024-01-07 08:10:00,3,100,0,signup,0
9132,Denmark,Organic,Pro,Mobile,2024-01-07 08:11:00,18,500,0,form_started,0
9133,Norway,Direct,Pro,Desktop,2024-01-07 08:12:00,10,500,1,completed,500
9134,Norway,Direct,Pro,Mobile,2024-01-07 08:13:00,6,500,0,signup,0
9135,Sweden,Organic,Pro,Tablet,2024-01-07 08:14:00,2,500,1,completed,500
9136,Denmark,Organic,Pro,Tablet,2024-01-07 08:15:00,11,500,1,completed,500
9137,Denmark,Organic,Premium,Desktop,2024-01-07 08:16:00,18,300,0,form_started,0
9138,Sweden,Organic,Basic,Mobile,2024-01-07 08:17:00,14,100,0,form_started,0
9139,Norway,Paid,Pro,Tablet,2024-01-07 08:18:00,13,500,1,completed,500
9140,Denmark,Paid,Basic,Tablet,2024-01-07 08:19:00,7,100,0,form_started,0
9141,Norway,Organic,Pro,Mobile,2024-01-07 08:20:00,10,500,0,form_started,0
9142,Norway,Paid,Basic,Tablet,2024-01-07 08:21:00,19,100,1,completed,100
9143,Sweden,Organic,Premium,Tablet,2024-01-07 08:22:00,13,300,1,completed,300
9144,Sweden,Organic,Basic,Desktop,2024-01-07 08:23:00,2,100,0,form_started,0
9145,Norway,Direct,Basic,Tablet,2024-01-07 08:24:00,12,100,0,form_started,0
9146,Denmark,Organic,Pro,Mobile,2024-01-07 08:25:00,8,500,0,signup,0
9147,Denmark,Organic,Basic,Tablet,2024-01-07 08:26:00,18,100,1,completed,100
9148,Sweden,Organic,Premium,Desktop,2024-01-07 08:27:00,2,300,1,completed,300
9149,Norway,Organic,Premium,Tablet,2024-01-07 08:28:00,16,300,0,signup,0
9150,Denmark,Direct,Premium,Mobile,2024-01-07 08:29:00,8,300,1,completed,300
9151,Denmark,Organic,Pro,Tablet,2024-01-07 08:30:00,16,500,1,completed,500
9152,Sweden,Direct,Pro,Mobile,2024-01-07 08:31:00,8,500,0,signup,0
9153,Norway,Organic,Pro,Desktop,2024-01-07 08:32:00,13,500,0,signup,0
9154,Denmark,Direct,Pro,Tablet,2024-01-07 08:33:00,6,500,0,signup,0
9155,Sweden,Paid,Pro,Tablet,2024-01-07 08:34:00,1,500,1,completed,500
9156,Denmark,Direct,Premium,Desktop,2024-01-07 08:35:00,2,300,0,signup,0
9157,Denmark,Direct,Basic,Mobile,2024-01-07 08:36:00,7,100,1,completed,100
9158,Denmark,Organic,Premium,Mobile,2024-01-07 08:37:00,13,300,0,form_started,0
9159,Sweden,Direct,Pro,Tablet,2024-01-07 08:38:00,4,500,0,form_started,0
9160,Norway,Direct,Premium,Mobile,2024-01-07 08:39:00,9,300,0,form_started,0
9161,Sweden,Organic,Basic,Mobile,2024-01-07 08:40:00,19,100,1,completed,100
9162,Norway,Paid,Pro,Tablet,2024-01-07 08:41:00,3,500,0,signup,0
9163,Denmark,Paid,Premium,Mobile,2024-01-07 08:42:00,2,300,0,signup,0
9164,Norway,Paid,Premium,Mobile,2024-01-07 08:43:00,16,300,0,form_started,0
9165,Denmark,Direct,Basic,Tablet,2024-01-07 08:44:00,10,100,1,completed,100
9166,Denmark,Organic,Pro,Tablet,2024-01-07 08:45:00,12,500,0,form_started,0
9167,Sweden,Paid,Pro,Mobile,2024-01-07 08:46:00,18,500,0,signup,0
9168,Denmark,Paid,Basic,Tablet,2024-01-07 08:47:00,2,100,0,signup,0
9169,Sweden,Paid,Basic,Mobile,2024-01-07 08:48:00,14,100,0,form_started,0
9170,Norway,Paid,Basic,Mobile,2024-01-07 08:49:00,12,100,0,signup,0
9171,Norway,Organic,Basic,Mobile,2024-01-07 08:50:00,8,100,1,completed,100
9172,Denmark,Paid,Pro,Mobile,2024-01-07 08:51:00,7,500,0,signup,0
9173,Sweden,Direct,Pro,Tablet,2024-01-07 08:52:00,13,500,1,completed,500
9174,Denmark,Direct,Premium,Tablet,2024-01-07 08:53:00,15,300,0,signup,0
9175,Sweden,Organic,Premium,Desktop,2024-01-07 08:54:00,14,300,0,form_started,0
9176,Sweden,Paid,Premium,Tablet,2024-01-07 08:55:00,5,300,0,signup,0
9177,Sweden,Paid,Pro,Desktop,2024-01-07 08:56:00,8,500,0,form_started,0
9178,Norway,Direct,Pro,Mobile,2024-01-07 08:57:00,18,500,1,completed,500
9179,Sweden,Organic,Pro,Tablet,2024-01-07 08:58:00,5,500,1,completed,500
9180,Norway,Direct,Premium,Mobile,2024-01-07 08:59:00,9,300,0,form_started,0
9181,Sweden,Organic,Basic,Desktop,2024-01-07 09:00:00,10,100,0,signup,0
9182,Norway,Organic,Basic,Tablet,2024-01-07 09:01:00,17,100,1,completed,100
9183,Norway,Organic,Basic,Tablet,2024-01-07 09:02:00,3,100,0,form_started,0
9184,Norway,Direct,Basic,Tablet,2024-01-07 09:03:00,1,100,0,form_started,0
9185,Denmark,Organic,Basic,Tablet,2024-01-07 09:04:00,7,100,0,form_started,0
9186,Sweden,Direct,Pro,Mobile,2024-01-07 09:05:00,15,500,0,form_started,0
9187,Denmark,Direct,Premium,Tablet,2024-01-07 09:06:00,19,300,1,completed,300
9188,Sweden,Paid,Basic,Desktop,2024-01-07 09:07:00,8,100,1,completed,100
9189,Sweden,Direct,Basic,Tablet,2024-01-07 09:08:00,11,100,0,form_started,0
9190,Denmark,Direct,Basic,Desktop,2024-01-07 09:09:00,2,100,1,completed,100
9191,Norway,Paid,Pro,Desktop,2024-01-07 09:10:00,2,500,0,form_started,0
9192,Sweden,Paid,Basic,Mobile,2024-01-07 09:11:00,11,100,1,completed,100
9193,Norway,Paid,Premium,Tablet,2024-01-07 09:12:00,17,300,0,signup,0
9194,Denmark,Organic,Pro,Desktop,2024-01-07 09:13:00,10,500,0,signup,0
9195,Norway,Organic,Pro,Tablet,2024-01-07 09:14:00,5,500,1,completed,500
9196,Sweden,Paid,Pro,Mobile,2024-01-07 09:15:00,3,500,1,completed,500
9197,Sweden,Organic,Basic,Mobile,2024-01-07 09:16:00,9,100,1,completed,100
9198,Sweden,Paid,Basic,Tablet,2024-01-07 09:17:00,2,100,0,signup,0
9199,Denmark,Organic,Basic,Desktop,2024-01-07 09:18:00,19,100,1,completed,100
9200,Sweden,Direct,Basic,Mobile,2024-01-07 09:19:00,17,100,0,form_started,0
9201,Denmark,Organic,Premium,Desktop,2024-01-07 09:20:00,12,300,1,completed,300
9202,Norway,Organic,Pro,Desktop,2024-01-07 09:21:00,9,500,1,completed,500
9203,Sweden,Direct,Basic,Tablet,2024-01-07 09:22:00,4,100,0,signup,0
9204,Sweden,Paid,Premium,Mobile,2024-01-07 09:23:00,18,300,0,signup,0
9205,Sweden,Organic,Pro,Tablet,2024-01-07 09:24:00,16,500,1,completed,500
9206,Norway,Organic,Pro,Tablet,2024-01-07 09:25:00,10,500,0,form_started,0
9207,Sweden,Direct,Pro,Tablet,2024-01-07 09:26:00,12,500,0,form_started,0
9208,Denmark,Direct,Basic,Desktop,2024-01-07 09:27:00,11,100,0,signup,0
9209,Norway,Direct,Pro,Tablet,2024-01-07 09:28:00,5,500,0,signup,0
9210,Norway,Direct,Basic,Mobile,2024-01-07 09:29:00,11,100,0,signup,0
9211,Norway,Paid,Premium,Desktop,2024-01-07 09:30:00,16,300,0,form_started,0
9212,Norway,Organic,Pro,Tablet,2024-01-07 09:31:00,15,500,0,signup,0
9213,Norway,Organic,Premium,Mobile,2024-01-07 09:32:00,6,300,0,signup,0
9214,Denmark,Organic,Basic,Tablet,2024-01-07 09:33:00,13,100,0,form_started,0
9215,Norway,Organic,Basic,Tablet,2024-01-07 09:34:00,16,100,0,form_started,0
9216,Sweden,Paid,Basic,Tablet,2024-01-07 09:35:00,3,100,1,completed,100
9217,Norway,Organic,Pro,Desktop,2024-01-07 09:36:00,18,500,0,form_started,0
9218,Norway,Paid,Pro,Tablet,2024-01-07 09:37:00,1,500,1,completed,500
9219,Norway,Paid,Premium,Mobile,2024-01-07 09:38:00,17,300,1,completed,300
9220,Norway,Direct,Basic,Tablet,2024-01-07 09:39:00,6,100,0,signup,0
9221,Norway,Direct,Premium,Tablet,2024-01-07 09:40:00,9,300,0,form_started,0
9222,Denmark,Organic,Basic,Desktop,2024-01-07 09:41:00,4,100,1,completed,100
9223,Denmark,Paid,Basic,Tablet,2024-01-07 09:42:00,7,100,0,form_started,0
9224,Norway,Direct,Premium,Mobile,2024-01-07 09:43:00,11,300,0,form_started,0
9225,Denmark,Paid,Basic,Mobile,2024-01-07 09:44:00,3,100,0,form_started,0
9226,Sweden,Direct,Premium,Tablet,2024-01-07 09:45:00,16,300,0,form_started,0
9227,Norway,Paid,Pro,Mobile,2024-01-07 09:46:00,6,500,0,signup,0
9228,Sweden,Organic,Premium,Mobile,2024-01-07 09:47:00,7,300,0,signup,0
9229,Sweden,Organic,Premium,Tablet,2024-01-07 09:48:00,12,300,0,signup,0
9230,Norway,Paid,Basic,Mobile,2024-01-07 09:49:00,7,100,1,completed,100
9231,Sweden,Direct,Premium,Mobile,2024-01-07 09:50:00,19,300,1,completed,300
9232,Sweden,Direct,Pro,Tablet,2024-01-07 09:51:00,16,500,0,signup,0
9233,Sweden,Organic,Pro,Desktop,2024-01-07 09:52:00,18,500,0,signup,0
9234,Norway,Organic,Pro,Desktop,2024-01-07 09:53:00,10,500,1,completed,500
9235,Norway,Organic,Pro,Tablet,2024-01-07 09:54:00,1,500,0,form_started,0
9236,Sweden,Direct,Premium,Desktop,2024-01-07 09:55:00,8,300,0,signup,0
9237,Norway,Direct,Pro,Desktop,2024-01-07 09:56:00,3,500,1,completed,500
9238,Norway,Organic,Premium,Desktop,2024-01-07 09:57:00,16,300,1,completed,300
9239,Sweden,Paid,Premium,Desktop,2024-01-07 09:58:00,3,300,0,form_started,0
9240,Norway,Direct,Basic,Tablet,2024-01-07 09:59:00,2,100,0,signup,0
9241,Denmark,Organic,Premium,Desktop,2024-01-07 10:00:00,12,300,0,signup,0
9242,Norway,Paid,Premium,Desktop,2024-01-07 10:01:00,8,300,0,signup,0
9243,Denmark,Direct,Basic,Tablet,2024-01-07 10:02:00,19,100,0,form_started,0
9244,Sweden,Paid,Pro,Tablet,2024-01-07 10:03:00,18,500,0,signup,0
9245,Norway,Paid,Pro,Desktop,2024-01-07 10:04:00,15,500,0,form_started,0
9246,Sweden,Direct,Premium,Mobile,2024-01-07 10:05:00,17,300,0,signup,0
9247,Sweden,Organic,Basic,Tablet,2024-01-07 10:06:00,18,100,0,form_started,0
9248,Sweden,Paid,Premium,Tablet,2024-01-07 10:07:00,18,300,1,completed,300
9249,Sweden,Organic,Premium,Desktop,2024-01-07 10:08:00,9,300,1,completed,300
9250,Sweden,Direct,Pro,Mobile,2024-01-07 10:09:00,5,500,1,completed,500
9251,Norway,Paid,Basic,Tablet,2024-01-07 10:10:00,11,100,0,signup,0
9252,Denmark,Paid,Premium,Tablet,2024-01-07 10:11:00,4,300,0,form_started,0
9253,Norway,Paid,Pro,Tablet,2024-01-07 10:12:00,10,500,1,completed,500
9254,Norway,Paid,Premium,Mobile,2024-01-07 10:13:00,4,300,0,form_started,0
9255,Norway,Paid,Pro,Tablet,2024-01-07 10:14:00,3,500,0,signup,0
9256,Norway,Direct,Basic,Tablet,2024-01-07 10:15:00,16,100,0,signup,0
9257,Denmark,Paid,Premium,Mobile,2024-01-07 10:16:00,11,300,0,signup,0
9258,Norway,Direct,Basic,Tablet,2024-01-07 10:17:00,9,100,1,completed,100
9259,Sweden,Organic,Pro,Mobile,2024-01-07 10:18:00,1,500,0,signup,0
9260,Norway,Direct,Basic,Mobile,2024-01-07 10:19:00,10,100,0,signup,0
9261,Norway,Paid,Basic,Mobile,2024-01-07 10:20:00,12,100,0,form_started,0
9262,Denmark,Organic,Basic,Desktop,2024-01-07 10:21:00,2,100,1,completed,100
9263,Denmark,Direct,Premium,Tablet,2024-01-07 10:22:00,15,300,0,signup,0
9264,Sweden,Direct,Pro,Tablet,2024-01-07 10:23:00,16,500,1,completed,500
9265,Norway,Direct,Basic,Tablet,2024-01-07 10:24:00,2,100,0,signup,0
9266,Norway,Paid,Premium,Mobile,2024-01-07 10:25:00,13,300,1,completed,300
9267,Norway,Paid,Pro,Desktop,2024-01-07 10:26:00,18,500,0,signup,0
9268,Sweden,Direct,Pro,Mobile,2024-01-07 10:27:00,19,500,0,signup,0
9269,Denmark,Direct,Pro,Tablet,2024-01-07 10:28:00,11,500,1,completed,500
9270,Sweden,Organic,Basic,Mobile,2024-01-07 10:29:00,14,100,1,completed,100
9271,Norway,Paid,Basic,Desktop,2024-01-07 10:30:00,3,100,1,completed,100
9272,Denmark,Paid,Basic,Tablet,2024-01-07 10:31:00,9,100,0,form_started,0
9273,Denmark,Organic,Pro,Mobile,2024-01-07 10:32:00,5,500,0,form_started,0
9274,Sweden,Direct,Pro,Desktop,2024-01-07 10:33:00,14,500,0,form_started,0
9275,Denmark,Direct,Basic,Mobile,2024-01-07 10:34:00,7,100,0,form_started,0
9276,Denmark,Organic,Basic,Mobile,2024-01-07 10:35:00,12,100,0,form_started,0
9277,Norway,Direct,Pro,Tablet,2024-01-07 10:36:00,18,500,0,form_started,0
9278,Norway,Direct,Pro,Desktop,2024-01-07 10:37:00,11,500,1,completed,500
9279,Denmark,Organic,Premium,Mobile,2024-01-07 10:38:00,9,300,0,form_started,0
9280,Denmark,Organic,Premium,Desktop,2024-01-07 10:39:00,11,300,0,form_started,0
9281,Sweden,Organic,Basic,Tablet,2024-01-07 10:40:00,18,100,0,signup,0
9282,Sweden,Direct,Pro,Tablet,2024-01-07 10:41:00,2,500,0,signup,0
9283,Denmark,Organic,Pro,Tablet,2024-01-07 10:42:00,13,500,1,completed,500
9284,Norway,Direct,Premium,Desktop,2024-01-07 10:43:00,15,300,0,signup,0
9285,Denmark,Paid,Pro,Desktop,2024-01-07 10:44:00,8,500,1,completed,500
9286,Denmark,Paid,Basic,Mobile,2024-01-07 10:45:00,5,100,1,completed,100
9287,Norway,Organic,Premium,Desktop,2024-01-07 10:46:00,5,300,1,completed,300
9288,Norway,Direct,Pro,Tablet,2024-01-07 10:47:00,7,500,1,completed,500
9289,Sweden,Direct,Pro,Mobile,2024-01-07 10:48:00,12,500,0,form_started,0
9290,Sweden,Direct,Basic,Desktop,2024-01-07 10:49:00,12,100,0,form_started,0
9291,Sweden,Organic,Pro,Tablet,2024-01-07 10:50:00,9,500,0,signup,0
9292,Sweden,Direct,Premium,Tablet,2024-01-07 10:51:00,4,300,0,signup,0
9293,Norway,Direct,Premium,Mobile,2024-01-07 10:52:00,8,300,1,completed,300
9294,Denmark,Direct,Pro,Tablet,2024-01-07 10:53:00,19,500,1,completed,500
9295,Sweden,Paid,Pro,Desktop,2024-01-07 10:54:00,1,500,0,signup,0
9296,Sweden,Direct,Pro,Tablet,2024-01-07 10:55:00,11,500,0,form_started,0
9297,Norway,Paid,Pro,Mobile,2024-01-07 10:56:00,13,500,0,form_started,0
9298,Norway,Direct,Premium,Tablet,2024-01-07 10:57:00,18,300,0,form_started,0
9299,Denmark,Direct,Basic,Tablet,2024-01-07 10:58:00,10,100,0,form_started,0
9300,Denmark,Direct,Premium,Desktop,2024-01-07 10:59:00,13,300,1,completed,300
9301,Norway,Paid,Pro,Desktop,2024-01-07 11:00:00,12,500,1,completed,500
9302,Sweden,Direct,Pro,Desktop,2024-01-07 11:01:00,13,500,0,form_started,0
9303,Sweden,Organic,Premium,Desktop,2024-01-07 11:02:00,2,300,0,signup,0
9304,Sweden,Direct,Premium,Tablet,2024-01-07 11:03:00,3,300,0,form_started,0
9305,Denmark,Paid,Pro,Desktop,2024-01-07 11:04:00,17,500,0,form_started,0
9306,Sweden,Paid,Premium,Tablet,2024-01-07 11:05:00,19,300,1,completed,300
9307,Sweden,Organic,Pro,Desktop,2024-01-07 11:06:00,12,500,0,form_started,0
9308,Norway,Organic,Premium,Desktop,2024-01-07 11:07:00,16,300,0,form_started,0
9309,Sweden,Organic,Pro,Desktop,2024-01-07 11:08:00,10,500,1,completed,500
9310,Norway,Paid,Premium,Tablet,2024-01-07 11:09:00,15,300,0,signup,0
9311,Sweden,Direct,Pro,Desktop,2024-01-07 11:10:00,8,500,0,form_started,0
9312,Denmark,Direct,Basic,Tablet,2024-01-07 11:11:00,19,100,1,completed,100
9313,Sweden,Organic,Basic,Desktop,2024-01-07 11:12:00,5,100,1,completed,100
9314,Sweden,Organic,Premium,Desktop,2024-01-07 11:13:00,12,300,0,signup,0
9315,Norway,Direct,Basic,Mobile,2024-01-07 11:14:00,10,100,0,signup,0
9316,Norway,Organic,Pro,Desktop,2024-01-07 11:15:00,14,500,0,signup,0
9317,Norway,Direct,Premium,Tablet,2024-01-07 11:16:00,12,300,0,form_started,0
9318,Sweden,Direct,Premium,Mobile,2024-01-07 11:17:00,13,300,0,signup,0
9319,Sweden,Direct,Pro,Tablet,2024-01-07 11:18:00,17,500,1,completed,500
9320,Denmark,Direct,Pro,Tablet,2024-01-07 11:19:00,1,500,1,completed,500
9321,Sweden,Paid,Pro,Mobile,2024-01-07 11:20:00,10,500,0,signup,0
9322,Denmark,Direct,Premium,Desktop,2024-01-07 11:21:00,5,300,0,form_started,0
9323,Norway,Organic,Pro,Mobile,2024-01-07 11:22:00,11,500,0,signup,0
9324,Norway,Organic,Basic,Tablet,2024-01-07 11:23:00,10,100,0,form_started,0
9325,Norway,Organic,Premium,Desktop,2024-01-07 11:24:00,6,300,1,completed,300
9326,Denmark,Organic,Pro,Mobile,2024-01-07 11:25:00,15,500,0,signup,0
9327,Sweden,Paid,Premium,Tablet,2024-01-07 11:26:00,9,300,0,signup,0
9328,Norway,Direct,Basic,Desktop,2024-01-07 11:27:00,8,100,1,completed,100
9329,Sweden,Direct,Basic,Tablet,2024-01-07 11:28:00,6,100,0,form_started,0
9330,Sweden,Organic,Pro,Desktop,2024-01-07 11:29:00,6,500,0,form_started,0
9331,Norway,Organic,Premium,Desktop,2024-01-07 11:30:00,17,300,0,form_started,0
9332,Denmark,Organic,Pro,Mobile,2024-01-07 11:31:00,12,500,0,form_started,0
9333,Sweden,Direct,Premium,Desktop,2024-01-07 11:32:00,7,300,0,signup,0
9334,Norway,Paid,Pro,Tablet,2024-01-07 11:33:00,5,500,1,completed,500
9335,Sweden,Paid,Pro,Desktop,2024-01-07 11:34:00,16,500,0,signup,0
9336,Sweden,Paid,Premium,Tablet,2024-01-07 11:35:00,6,300,1,completed,300
9337,Sweden,Paid,Premium,Desktop,2024-01-07 11:36:00,8,300,0,signup,0
9338,Sweden,Organic,Basic,Desktop,2024-01-07 11:37:00,3,100,1,completed,100
9339,Sweden,Direct,Basic,Mobile,2024-01-07 11:38:00,8,100,1,completed,100
9340,Denmark,Organic,Premium,Desktop,2024-01-07 11:39:00,7,300,0,form_started,0
9341,Denmark,Paid,Basic,Desktop,2024-01-07 11:40:00,17,100,0,form_started,0
9342,Norway,Organic,Basic,Tablet,2024-01-07 11:41:00,19,100,0,form_started,0
9343,Denmark,Paid,Premium,Tablet,2024-01-07 11:42:00,14,300,1,completed,300
9344,Denmark,Direct,Premium,Tablet,2024-01-07 11:43:00,6,300,0,signup,0
9345,Denmark,Paid,Premium,Desktop,2024-01-07 11:44:00,7,300,0,signup,0
9346,Sweden,Organic,Pro,Tablet,2024-01-07 11:45:00,5,500,1,completed,500
9347,Sweden,Direct,Premium,Tablet,2024-01-07 11:46:00,19,300,0,form_started,0
9348,Norway,Paid,Premium,Desktop,2024-01-07 11:47:00,7,300,0,signup,0
9349,Norway,Paid,Premium,Tablet,2024-01-07 11:48:00,9,300,0,form_started,0
9350,Norway,Direct,Basic,Mobile,2024-01-07 11:49:00,12,100,0,form_started,0
9351,Sweden,Organic,Premium,Mobile,2024-01-07 11:50:00,15,300,1,completed,300
9352,Denmark,Direct,Basic,Tablet,2024-01-07 11:51:00,15,100,1,completed,100
9353,Denmark,Organic,Pro,Tablet,2024-01-07 11:52:00,16,500,1,completed,500
9354,Sweden,Paid,Premium,Tablet,2024-01-07 11:53:00,15,300,0,form_started,0
9355,Norway,Paid,Premium,Desktop,2024-01-07 11:54:00,5,300,0,signup,0
9356,Norway,Direct,Basic,Mobile,2024-01-07 11:55:00,12,100,1,completed,100
9357,Norway,Paid,Pro,Mobile,2024-01-07 11:56:00,4,500,0,signup,0
9358,Sweden,Direct,Premium,Tablet,2024-01-07 11:57:00,3,300,0,signup,0
9359,Norway,Paid,Pro,Tablet,2024-01-07 11:58:00,1,500,0,form_started,0
9360,Norway,Paid,Pro,Desktop,2024-01-07 11:59:00,13,500,0,signup,0
9361,Sweden,Organic,Premium,Desktop,2024-01-07 12:00:00,5,300,1,completed,300
9362,Denmark,Direct,Pro,Mobile,2024-01-07 12:01:00,12,500,0,signup,0
9363,Sweden,Direct,Pro,Desktop,2024-01-07 12:02:00,2,500,1,completed,500
9364,Sweden,Paid,Premium,Mobile,2024-01-07 12:03:00,6,300,1,completed,300
9365,Sweden,Organic,Basic,Tablet,2024-01-07 12:04:00,5,100,0,form_started,0
9366,Sweden,Organic,Premium,Tablet,2024-01-07 12:05:00,18,300,1,completed,300
9367,Denmark,Direct,Pro,Mobile,2024-01-07 12:06:00,5,500,0,signup,0
9368,Norway,Direct,Premium,Tablet,2024-01-07 12:07:00,18,300,0,signup,0
9369,Sweden,Paid,Basic,Desktop,2024-01-07 12:08:00,16,100,1,completed,100
9370,Denmark,Direct,Pro,Tablet,2024-01-07 12:09:00,17,500,0,form_started,0
9371,Norway,Paid,Pro,Tablet,2024-01-07 12:10:00,2,500,0,signup,0
9372,Norway,Organic,Basic,Mobile,2024-01-07 12:11:00,17,100,0,signup,0
9373,Norway,Direct,Basic,Desktop,2024-01-07 12:12:00,10,100,0,form_started,0
9374,Sweden,Organic,Pro,Desktop,2024-01-07 12:13:00,3,500,0,signup,0
9375,Sweden,Organic,Basic,Tablet,2024-01-07 12:14:00,14,100,0,signup,0
9376,Norway,Paid,Premium,Tablet,2024-01-07 12:15:00,19,300,0,form_started,0
9377,Norway,Organic,Basic,Desktop,2024-01-07 12:16:00,12,100,1,completed,100
9378,Norway,Paid,Premium,Desktop,2024-01-07 12:17:00,1,300,0,signup,0
9379,Norway,Paid,Pro,Mobile,2024-01-07 12:18:00,7,500,0,signup,0
9380,Norway,Organic,Pro,Tablet,2024-01-07 12:19:00,7,500,0,signup,0
9381,Norway,Organic,Pro,Tablet,2024-01-07 12:20:00,13,500,1,completed,500
9382,Denmark,Paid,Pro,Desktop,2024-01-07 12:21:00,9,500,0,signup,0
9383,Norway,Paid,Pro,Mobile,2024-01-07 12:22:00,5,500,1,completed,500
9384,Sweden,Organic,Basic,Desktop,2024-01-07 12:23:00,4,100,1,completed,100
9385,Sweden,Paid,Basic,Tablet,2024-01-07 12:24:00,5,100,0,signup,0
9386,Sweden,Paid,Pro,Tablet,2024-01-07 12:25:00,12,500,0,signup,0
9387,Norway,Direct,Basic,Tablet,2024-01-07 12:26:00,8,100,0,form_started,0
9388,Sweden,Direct,Basic,Tablet,2024-01-07 12:27:00,13,100,1,completed,100
9389,Denmark,Direct,Pro,Mobile,2024-01-07 12:28:00,4,500,0,form_started,0
9390,Norway,Direct,Basic,Tablet,2024-01-07 12:29:00,11,100,0,signup,0
9391,Sweden,Direct,Pro,Desktop,2024-01-07 12:30:00,15,500,1,completed,500
9392,Denmark,Paid,Pro,Mobile,2024-01-07 12:31:00,14,500,1,completed,500
9393,Denmark,Paid,Pro,Mobile,2024-01-07 12:32:00,18,500,1,completed,500
9394,Sweden,Direct,Pro,Tablet,2024-01-07 12:33:00,1,500,1,completed,500
9395,Denmark,Organic,Basic,Mobile,2024-01-07 12:34:00,1,100,0,signup,0
9396,Sweden,Direct,Basic,Tablet,2024-01-07 12:35:00,11,100,0,signup,0
9397,Denmark,Organic,Premium,Mobile,2024-01-07 12:36:00,6,300,0,form_started,0
9398,Norway,Paid,Premium,Mobile,2024-01-07 12:37:00,5,300,0,signup,0
9399,Norway,Organic,Pro,Desktop,2024-01-07 12:38:00,13,500,1,completed,500
9400,Norway,Paid,Premium,Desktop,2024-01-07 12:39:00,10,300,0,form_started,0
9401,Norway,Organic,Basic,Desktop,2024-01-07 12:40:00,6,100,1,completed,100
9402,Norway,Paid,Basic,Mobile,2024-01-07 12:41:00,4,100,1,completed,100
9403,Sweden,Paid,Premium,Desktop,2024-01-07 12:42:00,4,300,0,signup,0
9404,Norway,Direct,Premium,Desktop,2024-01-07 12:43:00,7,300,0,form_started,0
9405,Norway,Paid,Basic,Desktop,2024-01-07 12:44:00,16,100,0,signup,0
9406,Norway,Direct,Premium,Mobile,2024-01-07 12:45:00,1,300,0,form_started,0
9407,Norway,Direct,Basic,Tablet,2024-01-07 12:46:00,9,100,1,completed,100
9408,Denmark,Direct,Basic,Desktop,2024-01-07 12:47:00,19,100,0,signup,0
9409,Norway,Organic,Premium,Mobile,2024-01-07 12:48:00,15,300,0,form_started,0
9410,Norway,Organic,Premium,Mobile,2024-01-07 12:49:00,9,300,0,signup,0
9411,Sweden,Paid,Pro,Tablet,2024-01-07 12:50:00,1,500,0,signup,0
9412,Denmark,Direct,Pro,Desktop,2024-01-07 12:51:00,1,500,0,signup,0
9413,Sweden,Direct,Pro,Mobile,2024-01-07 12:52:00,16,500,1,completed,500
9414,Norway,Paid,Pro,Mobile,2024-01-07 12:53:00,5,500,1,completed,500
9415,Sweden,Direct,Pro,Mobile,2024-01-07 12:54:00,9,500,1,completed,500
9416,Sweden,Paid,Basic,Tablet,2024-01-07 12:55:00,1,100,0,signup,0
9417,Norway,Direct,Premium,Desktop,2024-01-07 12:56:00,19,300,0,form_started,0
9418,Denmark,Organic,Basic,Mobile,2024-01-07 12:57:00,16,100,1,completed,100
9419,Denmark,Paid,Pro,Mobile,2024-01-07 12:58:00,3,500,1,completed,500
9420,Sweden,Paid,Pro,Mobile,2024-01-07 12:59:00,4,500,0,signup,0
9421,Norway,Organic,Premium,Mobile,2024-01-07 13:00:00,12,300,1,completed,300
9422,Sweden,Paid,Basic,Desktop,2024-01-07 13:01:00,7,100,1,completed,100
9423,Sweden,Organic,Pro,Desktop,2024-01-07 13:02:00,15,500,0,form_started,0
9424,Sweden,Direct,Pro,Mobile,2024-01-07 13:03:00,15,500,0,form_started,0
9425,Norway,Organic,Pro,Mobile,2024-01-07 13:04:00,5,500,0,form_started,0
9426,Norway,Organic,Pro,Mobile,2024-01-07 13:05:00,2,500,1,completed,500
9427,Denmark,Paid,Basic,Tablet,2024-01-07 13:06:00,12,100,0,signup,0
9428,Norway,Direct,Basic,Tablet,2024-01-07 13:07:00,19,100,0,signup,0
9429,Sweden,Organic,Pro,Tablet,2024-01-07 13:08:00,5,500,1,completed,500
9430,Sweden,Direct,Basic,Mobile,2024-01-07 13:09:00,3,100,0,form_started,0
9431,Denmark,Organic,Pro,Tablet,2024-01-07 13:10:00,6,500,0,signup,0
9432,Norway,Paid,Premium,Desktop,2024-01-07 13:11:00,13,300,0,form_started,0
9433,Sweden,Organic,Premium,Tablet,2024-01-07 13:12:00,15,300,1,completed,300
9434,Denmark,Organic,Premium,Mobile,2024-01-07 13:13:00,4,300,1,completed,300
9435,Denmark,Direct,Basic,Desktop,2024-01-07 13:14:00,7,100,1,completed,100
9436,Sweden,Organic,Pro,Mobile,2024-01-07 13:15:00,18,500,0,form_started,0
9437,Sweden,Paid,Premium,Desktop,2024-01-07 13:16:00,7,300,0,form_started,0
9438,Norway,Paid,Premium,Tablet,2024-01-07 13:17:00,12,300,1,completed,300
9439,Denmark,Organic,Basic,Tablet,2024-01-07 13:18:00,11,100,0,form_started,0
9440,Sweden,Organic,Basic,Desktop,2024-01-07 13:19:00,12,100,0,form_started,0
9441,Denmark,Direct,Premium,Desktop,2024-01-07 13:20:00,15,300,0,signup,0
9442,Norway,Direct,Pro,Mobile,2024-01-07 13:21:00,8,500,0,form_started,0
9443,Sweden,Paid,Pro,Desktop,2024-01-07 13:22:00,11,500,0,signup,0
9444,Norway,Direct,Pro,Mobile,2024-01-07 13:23:00,18,500,0,form_started,0
9445,Denmark,Organic,Premium,Desktop,2024-01-07 13:24:00,10,300,1,completed,300
9446,Norway,Paid,Basic,Desktop,2024-01-07 13:25:00,8,100,0,signup,0
9447,Norway,Direct,Pro,Tablet,2024-01-07 13:26:00,6,500,1,completed,500
9448,Denmark,Paid,Premium,Tablet,2024-01-07 13:27:00,3,300,0,form_started,0
9449,Norway,Organic,Premium,Mobile,2024-01-07 13:28:00,12,300,0,signup,0
9450,Denmark,Direct,Basic,Mobile,2024-01-07 13:29:00,17,100,0,signup,0
9451,Sweden,Organic,Pro,Mobile,2024-01-07 13:30:00,3,500,1,completed,500
9452,Denmark,Organic,Premium,Desktop,2024-01-07 13:31:00,18,300,1,completed,300
9453,Denmark,Paid,Pro,Desktop,2024-01-07 13:32:00,12,500,0,signup,0
9454,Sweden,Paid,Pro,Mobile,2024-01-07 13:33:00,16,500,0,form_started,0
9455,Denmark,Paid,Pro,Desktop,2024-01-07 13:34:00,10,500,0,form_started,0
9456,Sweden,Direct,Premium,Tablet,2024-01-07 13:35:00,19,300,1,completed,300
9457,Sweden,Direct,Pro,Desktop,2024-01-07 13:36:00,9,500,1,completed,500
9458,Denmark,Paid,Basic,Tablet,2024-01-07 13:37:00,14,100,1,completed,100
9459,Norway,Direct,Premium,Mobile,2024-01-07 13:38:00,14,300,0,form_started,0
9460,Norway,Direct,Premium,Desktop,2024-01-07 13:39:00,4,300,0,signup,0
9461,Sweden,Paid,Pro,Mobile,2024-01-07 13:40:00,15,500,1,completed,500
9462,Norway,Organic,Pro,Tablet,2024-01-07 13:41:00,2,500,1,completed,500
9463,Norway,Direct,Pro,Mobile,2024-01-07 13:42:00,18,500,0,signup,0
9464,Denmark,Direct,Premium,Tablet,2024-01-07 13:43:00,2,300,0,signup,0
9465,Sweden,Organic,Basic,Tablet,2024-01-07 13:44:00,18,100,1,completed,100
9466,Sweden,Organic,Basic,Mobile,2024-01-07 13:45:00,8,100,0,form_started,0
9467,Denmark,Organic,Premium,Tablet,2024-01-07 13:46:00,10,300,0,form_started,0
9468,Norway,Paid,Basic,Mobile,2024-01-07 13:47:00,4,100,0,form_started,0
9469,Sweden,Organic,Pro,Mobile,2024-01-07 13:48:00,10,500,0,form_started,0
9470,Norway,Paid,Premium,Mobile,2024-01-07 13:49:00,10,300,0,form_started,0
9471,Sweden,Organic,Basic,Tablet,2024-01-07 13:50:00,3,100,1,completed,100
9472,Sweden,Organic,Premium,Tablet,2024-01-07 13:51:00,4,300,0,form_started,0
9473,Sweden,Paid,Basic,Desktop,2024-01-07 13:52:00,10,100,0,form_started,0
9474,Sweden,Paid,Premium,Mobile,2024-01-07 13:53:00,7,300,1,completed,300
9475,Norway,Organic,Basic,Mobile,2024-01-07 13:54:00,12,100,1,completed,100
9476,Norway,Organic,Premium,Mobile,2024-01-07 13:55:00,7,300,1,completed,300
9477,Norway,Organic,Premium,Mobile,2024-01-07 13:56:00,13,300,1,completed,300
9478,Norway,Direct,Premium,Mobile,2024-01-07 13:57:00,8,300,1,completed,300
9479,Denmark,Organic,Premium,Mobile,2024-01-07 13:58:00,13,300,1,completed,300
9480,Sweden,Paid,Premium,Mobile,2024-01-07 13:59:00,1,300,1,completed,300
9481,Sweden,Direct,Pro,Desktop,2024-01-07 14:00:00,16,500,1,completed,500
9482,Sweden,Paid,Premium,Desktop,2024-01-07 14:01:00,19,300,1,completed,300
9483,Denmark,Direct,Premium,Mobile,2024-01-07 14:02:00,19,300,1,completed,300
9484,Norway,Direct,Premium,Mobile,2024-01-07 14:03:00,13,300,1,completed,300
9485,Sweden,Paid,Basic,Desktop,2024-01-07 14:04:00,7,100,1,completed,100
9486,Norway,Direct,Premium,Desktop,2024-01-07 14:05:00,15,300,1,completed,300
9487,Norway,Paid,Pro,Mobile,2024-01-07 14:06:00,6,500,0,form_started,0
9488,Denmark,Organic,Premium,Mobile,2024-01-07 14:07:00,4,300,1,completed,300
9489,Denmark,Direct,Basic,Desktop,2024-01-07 14:08:00,11,100,0,form_started,0
9490,Norway,Paid,Basic,Desktop,2024-01-07 14:09:00,19,100,0,signup,0
9491,Sweden,Direct,Premium,Mobile,2024-01-07 14:10:00,2,300,1,completed,300
9492,Sweden,Paid,Premium,Desktop,2024-01-07 14:11:00,17,300,0,signup,0
9493,Denmark,Organic,Premium,Mobile,2024-01-07 14:12:00,15,300,0,form_started,0
9494,Denmark,Organic,Premium,Tablet,2024-01-07 14:13:00,18,300,0,form_started,0
9495,Denmark,Direct,Basic,Mobile,2024-01-07 14:14:00,12,100,0,signup,0
9496,Denmark,Direct,Premium,Mobile,2024-01-07 14:15:00,3,300,0,form_started,0
9497,Denmark,Paid,Basic,Mobile,2024-01-07 14:16:00,17,100,0,signup,0
9498,Denmark,Paid,Basic,Desktop,2024-01-07 14:17:00,14,100,1,completed,100
9499,Denmark,Direct,Pro,Mobile,2024-01-07 14:18:00,6,500,0,signup,0
9500,Sweden,Paid,Basic,Mobile,2024-01-07 14:19:00,4,100,0,signup,0
9501,Denmark,Paid,Premium,Desktop,2024-01-07 14:20:00,8,300,1,completed,300
9502,Denmark,Paid,Premium,Tablet,2024-01-07 14:21:00,3,300,0,signup,0
9503,Sweden,Direct,Premium,Tablet,2024-01-07 14:22:00,8,300,1,completed,300
9504,Sweden,Organic,Premium,Desktop,2024-01-07 14:23:00,13,300,0,form_started,0
9505,Norway,Organic,Pro,Mobile,2024-01-07 14:24:00,19,500,0,form_started,0
9506,Denmark,Paid,Pro,Tablet,2024-01-07 14:25:00,15,500,0,form_started,0
9507,Denmark,Direct,Pro,Tablet,2024-01-07 14:26:00,7,500,1,completed,500
9508,Denmark,Paid,Pro,Desktop,2024-01-07 14:27:00,3,500,0,form_started,0
9509,Denmark,Organic,Basic,Tablet,2024-01-07 14:28:00,19,100,0,form_started,0
9510,Norway,Paid,Pro,Tablet,2024-01-07 14:29:00,10,500,0,form_started,0
9511,Sweden,Organic,Basic,Desktop,2024-01-07 14:30:00,16,100,0,form_started,0
9512,Sweden,Direct,Premium,Tablet,2024-01-07 14:31:00,14,300,0,signup,0
9513,Denmark,Paid,Basic,Mobile,2024-01-07 14:32:00,8,100,0,signup,0
9514,Denmark,Direct,Basic,Desktop,2024-01-07 14:33:00,11,100,0,signup,0
9515,Denmark,Paid,Pro,Mobile,2024-01-07 14:34:00,19,500,0,form_started,0
9516,Norway,Paid,Premium,Mobile,2024-01-07 14:35:00,2,300,1,completed,300
9517,Norway,Paid,Premium,Desktop,2024-01-07 14:36:00,5,300,0,signup,0
9518,Sweden,Paid,Pro,Tablet,2024-01-07 14:37:00,11,500,1,completed,500
9519,Denmark,Paid,Basic,Desktop,2024-01-07 14:38:00,7,100,0,form_started,0
9520,Denmark,Direct,Pro,Tablet,2024-01-07 14:39:00,8,500,0,form_started,0
9521,Denmark,Direct,Basic,Mobile,2024-01-07 14:40:00,17,100,0,form_started,0
9522,Denmark,Organic,Pro,Tablet,2024-01-07 14:41:00,12,500,1,completed,500
9523,Norway,Paid,Pro,Mobile,2024-01-07 14:42:00,18,500,0,signup,0
9524,Sweden,Organic,Premium,Mobile,2024-01-07 14:43:00,7,300,0,signup,0
9525,Sweden,Direct,Premium,Mobile,2024-01-07 14:44:00,9,300,1,completed,300
9526,Norway,Organic,Premium,Desktop,2024-01-07 14:45:00,19,300,1,completed,300
9527,Denmark,Direct,Pro,Tablet,2024-01-07 14:46:00,14,500,0,form_started,0
9528,Sweden,Paid,Premium,Tablet,2024-01-07 14:47:00,19,300,0,signup,0
9529,Sweden,Organic,Premium,Tablet,2024-01-07 14:48:00,18,300,0,signup,0
9530,Norway,Organic,Pro,Mobile,2024-01-07 14:49:00,15,500,0,signup,0
9531,Denmark,Organic,Premium,Desktop,2024-01-07 14:50:00,4,300,0,signup,0
9532,Sweden,Organic,Basic,Tablet,2024-01-07 14:51:00,13,100,1,completed,100
9533,Denmark,Paid,Premium,Tablet,2024-01-07 14:52:00,5,300,0,form_started,0
9534,Sweden,Direct,Basic,Desktop,2024-01-07 14:53:00,12,100,0,form_started,0
9535,Norway,Direct,Premium,Tablet,2024-01-07 14:54:00,17,300,0,signup,0
9536,Denmark,Paid,Pro,Desktop,2024-01-07 14:55:00,10,500,0,form_started,0
9537,Norway,Direct,Pro,Desktop,2024-01-07 14:56:00,12,500,0,form_started,0
9538,Sweden,Organic,Premium,Tablet,2024-01-07 14:57:00,6,300,0,form_started,0
9539,Norway,Paid,Basic,Desktop,2024-01-07 14:58:00,12,100,0,form_started,0
9540,Norway,Direct,Premium,Desktop,2024-01-07 14:59:00,13,300,1,completed,300
9541,Norway,Paid,Pro,Tablet,2024-01-07 15:00:00,17,500,0,form_started,0
9542,Sweden,Paid,Premium,Mobile,2024-01-07 15:01:00,10,300,0,form_started,0
9543,Denmark,Direct,Pro,Tablet,2024-01-07 15:02:00,19,500,0,signup,0
9544,Norway,Direct,Basic,Tablet,2024-01-07 15:03:00,5,100,1,completed,100
9545,Denmark,Paid,Basic,Mobile,2024-01-07 15:04:00,5,100,1,completed,100
9546,Sweden,Paid,Pro,Desktop,2024-01-07 15:05:00,8,500,0,form_started,0
9547,Denmark,Direct,Basic,Tablet,2024-01-07 15:06:00,17,100,1,completed,100
9548,Norway,Paid,Pro,Mobile,2024-01-07 15:07:00,3,500,0,form_started,0
9549,Norway,Direct,Pro,Mobile,2024-01-07 15:08:00,16,500,0,signup,0
9550,Norway,Paid,Pro,Tablet,2024-01-07 15:09:00,19,500,1,completed,500
9551,Norway,Paid,Premium,Tablet,2024-01-07 15:10:00,6,300,0,signup,0
9552,Norway,Paid,Basic,Mobile,2024-01-07 15:11:00,10,100,0,signup,0
9553,Norway,Direct,Premium,Tablet,2024-01-07 15:12:00,16,300,0,form_started,0
9554,Sweden,Organic,Premium,Mobile,2024-01-07 15:13:00,13,300,0,signup,0
9555,Sweden,Direct,Basic,Tablet,2024-01-07 15:14:00,3,100,1,completed,100
9556,Sweden,Paid,Premium,Mobile,2024-01-07 15:15:00,8,300,0,form_started,0
9557,Denmark,Organic,Pro,Tablet,2024-01-07 15:16:00,8,500,0,form_started,0
9558,Denmark,Organic,Premium,Tablet,2024-01-07 15:17:00,7,300,0,form_started,0
9559,Sweden,Paid,Pro,Tablet,2024-01-07 15:18:00,11,500,0,signup,0
9560,Denmark,Direct,Basic,Desktop,2024-01-07 15:19:00,3,100,0,form_started,0
9561,Denmark,Organic,Premium,Tablet,2024-01-07 15:20:00,7,300,0,signup,0
9562,Norway,Organic,Basic,Mobile,2024-01-07 15:21:00,11,100,0,form_started,0
9563,Norway,Direct,Pro,Mobile,2024-01-07 15:22:00,17,500,1,completed,500
9564,Denmark,Direct,Premium,Desktop,2024-01-07 15:23:00,18,300,0,form_started,0
9565,Denmark,Organic,Pro,Desktop,2024-01-07 15:24:00,9,500,0,signup,0
9566,Sweden,Direct,Pro,Desktop,2024-01-07 15:25:00,13,500,1,completed,500
9567,Denmark,Organic,Pro,Tablet,2024-01-07 15:26:00,15,500,1,completed,500
9568,Norway,Paid,Basic,Tablet,2024-01-07 15:27:00,19,100,1,completed,100
9569,Denmark,Direct,Basic,Mobile,2024-01-07 15:28:00,15,100,0,form_started,0
9570,Sweden,Organic,Basic,Mobile,2024-01-07 15:29:00,7,100,0,form_started,0
9571,Norway,Direct,Premium,Tablet,2024-01-07 15:30:00,3,300,0,form_started,0
9572,Norway,Direct,Pro,Mobile,2024-01-07 15:31:00,8,500,0,form_started,0
9573,Norway,Organic,Basic,Tablet,2024-01-07 15:32:00,13,100,1,completed,100
9574,Norway,Paid,Pro,Desktop,2024-01-07 15:33:00,16,500,0,signup,0
9575,Denmark,Organic,Basic,Tablet,2024-01-07 15:34:00,3,100,1,completed,100
9576,Sweden,Direct,Pro,Tablet,2024-01-07 15:35:00,1,500,0,form_started,0
9577,Denmark,Organic,Basic,Tablet,2024-01-07 15:36:00,3,100,0,signup,0
9578,Denmark,Direct,Basic,Mobile,2024-01-07 15:37:00,16,100,0,form_started,0
9579,Norway,Organic,Basic,Tablet,2024-01-07 15:38:00,1,100,0,form_started,0
9580,Sweden,Paid,Basic,Tablet,2024-01-07 15:39:00,18,100,1,completed,100
9581,Norway,Paid,Pro,Tablet,2024-01-07 15:40:00,14,500,0,signup,0
9582,Denmark,Paid,Basic,Desktop,2024-01-07 15:41:00,7,100,0,signup,0
9583,Denmark,Paid,Basic,Tablet,2024-01-07 15:42:00,3,100,1,completed,100
9584,Norway,Organic,Basic,Tablet,2024-01-07 15:43:00,16,100,1,completed,100
9585,Denmark,Paid,Pro,Tablet,2024-01-07 15:44:00,6,500,1,completed,500
9586,Denmark,Organic,Basic,Mobile,2024-01-07 15:45:00,18,100,0,form_started,0
9587,Norway,Direct,Pro,Desktop,2024-01-07 15:46:00,13,500,1,completed,500
9588,Denmark,Direct,Premium,Desktop,2024-01-07 15:47:00,2,300,1,completed,300
9589,Sweden,Direct,Pro,Tablet,2024-01-07 15:48:00,12,500,0,signup,0
9590,Norway,Paid,Premium,Tablet,2024-01-07 15:49:00,4,300,0,signup,0
9591,Sweden,Paid,Basic,Mobile,2024-01-07 15:50:00,9,100,1,completed,100
9592,Denmark,Paid,Basic,Tablet,2024-01-07 15:51:00,5,100,1,completed,100
9593,Denmark,Direct,Pro,Mobile,2024-01-07 15:52:00,10,500,1,completed,500
9594,Norway,Direct,Basic,Tablet,2024-01-07 15:53:00,6,100,0,form_started,0
9595,Denmark,Direct,Basic,Mobile,2024-01-07 15:54:00,1,100,0,form_started,0
9596,Norway,Direct,Pro,Desktop,2024-01-07 15:55:00,5,500,0,signup,0
9597,Norway,Organic,Basic,Tablet,2024-01-07 15:56:00,6,100,0,signup,0
9598,Norway,Organic,Premium,Mobile,2024-01-07 15:57:00,19,300,1,completed,300
9599,Norway,Paid,Premium,Mobile,2024-01-07 15:58:00,11,300,0,signup,0
9600,Norway,Paid,Basic,Tablet,2024-01-07 15:59:00,15,100,0,signup,0
9601,Sweden,Direct,Basic,Mobile,2024-01-07 16:00:00,2,100,0,form_started,0
9602,Norway,Organic,Premium,Tablet,2024-01-07 16:01:00,15,300,0,form_started,0
9603,Sweden,Organic,Basic,Tablet,2024-01-07 16:02:00,7,100,0,form_started,0
9604,Denmark,Paid,Premium,Mobile,2024-01-07 16:03:00,17,300,0,form_started,0
9605,Norway,Organic,Pro,Mobile,2024-01-07 16:04:00,12,500,1,completed,500
9606,Denmark,Paid,Premium,Mobile,2024-01-07 16:05:00,12,300,1,completed,300
9607,Norway,Direct,Basic,Desktop,2024-01-07 16:06:00,5,100,0,form_started,0
9608,Sweden,Direct,Basic,Tablet,2024-01-07 16:07:00,7,100,1,completed,100
9609,Sweden,Paid,Premium,Tablet,2024-01-07 16:08:00,2,300,1,completed,300
9610,Sweden,Direct,Premium,Desktop,2024-01-07 16:09:00,13,300,0,form_started,0
9611,Denmark,Direct,Basic,Desktop,2024-01-07 16:10:00,9,100,1,completed,100
9612,Norway,Organic,Basic,Mobile,2024-01-07 16:11:00,15,100,0,signup,0
9613,Denmark,Organic,Basic,Tablet,2024-01-07 16:12:00,15,100,0,signup,0
9614,Sweden,Organic,Pro,Desktop,2024-01-07 16:13:00,1,500,0,form_started,0
9615,Denmark,Organic,Pro,Desktop,2024-01-07 16:14:00,3,500,0,form_started,0
9616,Sweden,Organic,Premium,Tablet,2024-01-07 16:15:00,1,300,0,form_started,0
9617,Sweden,Paid,Premium,Tablet,2024-01-07 16:16:00,19,300,0,signup,0
9618,Sweden,Paid,Pro,Tablet,2024-01-07 16:17:00,13,500,0,signup,0
9619,Norway,Organic,Pro,Mobile,2024-01-07 16:18:00,15,500,0,signup,0
9620,Norway,Direct,Premium,Desktop,2024-01-07 16:19:00,13,300,0,signup,0
9621,Sweden,Direct,Pro,Mobile,2024-01-07 16:20:00,18,500,0,signup,0
9622,Denmark,Paid,Premium,Tablet,2024-01-07 16:21:00,17,300,1,completed,300
9623,Denmark,Paid,Basic,Tablet,2024-01-07 16:22:00,1,100,1,completed,100
9624,Norway,Paid,Premium,Desktop,2024-01-07 16:23:00,15,300,0,form_started,0
9625,Sweden,Direct,Pro,Mobile,2024-01-07 16:24:00,4,500,0,form_started,0
9626,Denmark,Paid,Pro,Mobile,2024-01-07 16:25:00,2,500,0,form_started,0
9627,Sweden,Direct,Pro,Mobile,2024-01-07 16:26:00,19,500,1,completed,500
9628,Denmark,Paid,Premium,Tablet,2024-01-07 16:27:00,8,300,1,completed,300
9629,Norway,Direct,Pro,Desktop,2024-01-07 16:28:00,16,500,0,signup,0
9630,Sweden,Paid,Premium,Mobile,2024-01-07 16:29:00,8,300,1,completed,300
9631,Sweden,Paid,Basic,Tablet,2024-01-07 16:30:00,10,100,1,completed,100
9632,Denmark,Direct,Basic,Tablet,2024-01-07 16:31:00,16,100,0,signup,0
9633,Denmark,Paid,Pro,Mobile,2024-01-07 16:32:00,5,500,1,completed,500
9634,Denmark,Organic,Premium,Desktop,2024-01-07 16:33:00,19,300,0,signup,0
9635,Sweden,Direct,Premium,Desktop,2024-01-07 16:34:00,6,300,1,completed,300
9636,Norway,Paid,Pro,Mobile,2024-01-07 16:35:00,10,500,0,signup,0
9637,Norway,Direct,Premium,Tablet,2024-01-07 16:36:00,5,300,0,signup,0
9638,Denmark,Paid,Pro,Tablet,2024-01-07 16:37:00,19,500,1,completed,500
9639,Norway,Organic,Pro,Mobile,2024-01-07 16:38:00,19,500,0,form_started,0
9640,Denmark,Paid,Basic,Tablet,2024-01-07 16:39:00,13,100,1,completed,100
9641,Norway,Paid,Pro,Tablet,2024-01-07 16:40:00,15,500,0,form_started,0
9642,Sweden,Organic,Premium,Mobile,2024-01-07 16:41:00,8,300,1,completed,300
9643,Denmark,Direct,Pro,Tablet,2024-01-07 16:42:00,11,500,0,signup,0
9644,Norway,Paid,Basic,Mobile,2024-01-07 16:43:00,1,100,1,completed,100
9645,Sweden,Paid,Basic,Mobile,2024-01-07 16:44:00,4,100,0,form_started,0
9646,Norway,Organic,Premium,Mobile,2024-01-07 16:45:00,13,300,0,signup,0
9647,Sweden,Direct,Pro,Tablet,2024-01-07 16:46:00,7,500,0,signup,0
9648,Sweden,Direct,Premium,Mobile,2024-01-07 16:47:00,7,300,1,completed,300
9649,Norway,Organic,Premium,Tablet,2024-01-07 16:48:00,6,300,0,signup,0
9650,Norway,Organic,Pro,Mobile,2024-01-07 16:49:00,8,500,0,signup,0
9651,Sweden,Paid,Basic,Desktop,2024-01-07 16:50:00,12,100,0,signup,0
9652,Sweden,Organic,Premium,Tablet,2024-01-07 16:51:00,18,300,0,form_started,0
9653,Sweden,Organic,Premium,Tablet,2024-01-07 16:52:00,15,300,1,completed,300
9654,Denmark,Organic,Basic,Tablet,2024-01-07 16:53:00,16,100,0,form_started,0
9655,Sweden,Direct,Pro,Desktop,2024-01-07 16:54:00,1,500,1,completed,500
9656,Denmark,Organic,Pro,Mobile,2024-01-07 16:55:00,10,500,0,form_started,0
9657,Sweden,Paid,Pro,Desktop,2024-01-07 16:56:00,15,500,0,form_started,0
9658,Denmark,Paid,Basic,Mobile,2024-01-07 16:57:00,13,100,0,signup,0
9659,Sweden,Paid,Premium,Mobile,2024-01-07 16:58:00,19,300,1,completed,300
9660,Sweden,Organic,Basic,Mobile,2024-01-07 16:59:00,13,100,0,form_started,0
9661,Sweden,Direct,Premium,Mobile,2024-01-07 17:00:00,9,300,0,signup,0
9662,Norway,Organic,Premium,Mobile,2024-01-07 17:01:00,16,300,0,signup,0
9663,Norway,Organic,Pro,Desktop,2024-01-07 17:02:00,14,500,1,completed,500
9664,Sweden,Paid,Pro,Tablet,2024-01-07 17:03:00,9,500,0,signup,0
9665,Denmark,Organic,Pro,Desktop,2024-01-07 17:04:00,18,500,1,completed,500
9666,Denmark,Direct,Basic,Tablet,2024-01-07 17:05:00,4,100,0,form_started,0
9667,Sweden,Paid,Pro,Tablet,2024-01-07 17:06:00,12,500,0,signup,0
9668,Norway,Direct,Basic,Tablet,2024-01-07 17:07:00,5,100,0,form_started,0
9669,Denmark,Direct,Pro,Desktop,2024-01-07 17:08:00,11,500,0,signup,0
9670,Norway,Direct,Pro,Mobile,2024-01-07 17:09:00,5,500,1,completed,500
9671,Denmark,Organic,Pro,Mobile,2024-01-07 17:10:00,19,500,0,signup,0
9672,Sweden,Organic,Basic,Tablet,2024-01-07 17:11:00,7,100,0,signup,0
9673,Norway,Organic,Premium,Mobile,2024-01-07 17:12:00,4,300,0,form_started,0
9674,Denmark,Organic,Basic,Mobile,2024-01-07 17:13:00,8,100,0,signup,0
9675,Sweden,Paid,Basic,Desktop,2024-01-07 17:14:00,6,100,1,completed,100
9676,Sweden,Organic,Basic,Mobile,2024-01-07 17:15:00,6,100,1,completed,100
9677,Sweden,Paid,Premium,Mobile,2024-01-07 17:16:00,4,300,0,form_started,0
9678,Norway,Direct,Basic,Desktop,2024-01-07 17:17:00,14,100,0,form_started,0
9679,Norway,Paid,Pro,Mobile,2024-01-07 17:18:00,3,500,0,signup,0
9680,Sweden,Organic,Premium,Tablet,2024-01-07 17:19:00,10,300,1,completed,300
9681,Norway,Paid,Basic,Desktop,2024-01-07 17:20:00,6,100,1,completed,100
9682,Denmark,Organic,Basic,Mobile,2024-01-07 17:21:00,18,100,1,completed,100
9683,Sweden,Organic,Premium,Mobile,2024-01-07 17:22:00,10,300,0,signup,0
9684,Sweden,Paid,Basic,Desktop,2024-01-07 17:23:00,9,100,0,form_started,0
9685,Norway,Paid,Premium,Tablet,2024-01-07 17:24:00,16,300,0,form_started,0
9686,Sweden,Direct,Pro,Desktop,2024-01-07 17:25:00,4,500,0,signup,0
9687,Denmark,Direct,Basic,Tablet,2024-01-07 17:26:00,11,100,0,form_started,0
9688,Norway,Direct,Basic,Desktop,2024-01-07 17:27:00,12,100,0,signup,0
9689,Norway,Direct,Pro,Mobile,2024-01-07 17:28:00,19,500,0,signup,0
9690,Sweden,Direct,Basic,Desktop,2024-01-07 17:29:00,10,100,0,signup,0
9691,Sweden,Paid,Basic,Desktop,2024-01-07 17:30:00,7,100,0,signup,0
9692,Sweden,Direct,Premium,Tablet,2024-01-07 17:31:00,7,300,0,signup,0
9693,Norway,Paid,Basic,Desktop,2024-01-07 17:32:00,18,100,1,completed,100
9694,Sweden,Direct,Pro,Tablet,2024-01-07 17:33:00,3,500,0,form_started,0
9695,Denmark,Organic,Basic,Desktop,2024-01-07 17:34:00,12,100,1,completed,100
9696,Sweden,Direct,Premium,Mobile,2024-01-07 17:35:00,14,300,0,signup,0
9697,Sweden,Organic,Pro,Desktop,2024-01-07 17:36:00,2,500,1,completed,500
9698,Norway,Paid,Pro,Mobile,2024-01-07 17:37:00,9,500,0,form_started,0
9699,Sweden,Direct,Pro,Tablet,2024-01-07 17:38:00,10,500,0,signup,0
9700,Norway,Paid,Pro,Tablet,2024-01-07 17:39:00,6,500,1,completed,500
9701,Sweden,Direct,Premium,Tablet,2024-01-07 17:40:00,17,300,1,completed,300
9702,Denmark,Paid,Premium,Tablet,2024-01-07 17:41:00,15,300,0,signup,0
9703,Denmark,Direct,Premium,Desktop,2024-01-07 17:42:00,1,300,0,form_started,0
9704,Norway,Direct,Premium,Desktop,2024-01-07 17:43:00,13,300,1,completed,300
9705,Norway,Organic,Basic,Desktop,2024-01-07 17:44:00,10,100,0,form_started,0
9706,Sweden,Paid,Premium,Mobile,2024-01-07 17:45:00,12,300,0,form_started,0
9707,Sweden,Paid,Basic,Desktop,2024-01-07 17:46:00,16,100,1,completed,100
9708,Denmark,Paid,Pro,Mobile,2024-01-07 17:47:00,2,500,1,completed,500
9709,Sweden,Paid,Basic,Mobile,2024-01-07 17:48:00,3,100,0,signup,0
9710,Denmark,Paid,Basic,Desktop,2024-01-07 17:49:00,8,100,1,completed,100
9711,Norway,Organic,Basic,Mobile,2024-01-07 17:50:00,15,100,0,form_started,0
9712,Sweden,Direct,Premium,Tablet,2024-01-07 17:51:00,19,300,0,form_started,0
9713,Norway,Organic,Premium,Desktop,2024-01-07 17:52:00,18,300,1,completed,300
9714,Sweden,Paid,Pro,Desktop,2024-01-07 17:53:00,1,500,0,form_started,0
9715,Denmark,Paid,Premium,Mobile,2024-01-07 17:54:00,19,300,0,form_started,0
9716,Norway,Direct,Basic,Desktop,2024-01-07 17:55:00,2,100,1,completed,100
9717,Norway,Organic,Premium,Desktop,2024-01-07 17:56:00,5,300,0,form_started,0
9718,Sweden,Direct,Premium,Mobile,2024-01-07 17:57:00,18,300,1,completed,300
9719,Norway,Direct,Basic,Desktop,2024-01-07 17:58:00,16,100,0,signup,0
9720,Denmark,Organic,Pro,Desktop,2024-01-07 17:59:00,10,500,0,form_started,0
9721,Norway,Direct,Premium,Desktop,2024-01-07 18:00:00,3,300,1,completed,300
9722,Norway,Organic,Pro,Mobile,2024-01-07 18:01:00,10,500,1,completed,500
9723,Sweden,Organic,Basic,Desktop,2024-01-07 18:02:00,13,100,1,completed,100
9724,Norway,Paid,Premium,Desktop,2024-01-07 18:03:00,10,300,1,completed,300
9725,Sweden,Direct,Pro,Desktop,2024-01-07 18:04:00,11,500,0,signup,0
9726,Sweden,Paid,Pro,Tablet,2024-01-07 18:05:00,7,500,0,signup,0
9727,Norway,Direct,Basic,Desktop,2024-01-07 18:06:00,2,100,0,form_started,0
9728,Denmark,Direct,Premium,Mobile,2024-01-07 18:07:00,19,300,0,form_started,0
9729,Sweden,Paid,Pro,Tablet,2024-01-07 18:08:00,18,500,0,signup,0
9730,Norway,Paid,Pro,Mobile,2024-01-07 18:09:00,11,500,0,signup,0
9731,Sweden,Paid,Pro,Desktop,2024-01-07 18:10:00,17,500,1,completed,500
9732,Denmark,Organic,Pro,Desktop,2024-01-07 18:11:00,3,500,0,form_started,0
9733,Denmark,Direct,Pro,Desktop,2024-01-07 18:12:00,12,500,1,completed,500
9734,Sweden,Organic,Pro,Tablet,2024-01-07 18:13:00,2,500,0,signup,0
9735,Denmark,Direct,Pro,Desktop,2024-01-07 18:14:00,1,500,0,signup,0
9736,Norway,Direct,Pro,Mobile,2024-01-07 18:15:00,9,500,1,completed,500
9737,Norway,Organic,Pro,Tablet,2024-01-07 18:16:00,19,500,0,signup,0
9738,Sweden,Organic,Pro,Mobile,2024-01-07 18:17:00,8,500,0,signup,0
9739,Denmark,Direct,Premium,Mobile,2024-01-07 18:18:00,9,300,0,signup,0
9740,Norway,Paid,Basic,Mobile,2024-01-07 18:19:00,7,100,0,form_started,0
9741,Norway,Paid,Basic,Mobile,2024-01-07 18:20:00,4,100,1,completed,100
9742,Norway,Paid,Basic,Mobile,2024-01-07 18:21:00,16,100,1,completed,100
9743,Sweden,Paid,Pro,Desktop,2024-01-07 18:22:00,6,500,0,signup,0
9744,Sweden,Direct,Basic,Mobile,2024-01-07 18:23:00,18,100,0,signup,0
9745,Norway,Paid,Pro,Mobile,2024-01-07 18:24:00,2,500,0,form_started,0
9746,Norway,Paid,Premium,Desktop,2024-01-07 18:25:00,11,300,0,form_started,0
9747,Denmark,Paid,Basic,Tablet,2024-01-07 18:26:00,5,100,0,signup,0
9748,Denmark,Direct,Premium,Desktop,2024-01-07 18:27:00,17,300,0,signup,0
9749,Denmark,Organic,Premium,Tablet,2024-01-07 18:28:00,5,300,0,signup,0
9750,Sweden,Paid,Pro,Mobile,2024-01-07 18:29:00,3,500,0,form_started,0
9751,Norway,Direct,Basic,Desktop,2024-01-07 18:30:00,19,100,0,signup,0
9752,Sweden,Direct,Premium,Tablet,2024-01-07 18:31:00,8,300,0,signup,0
9753,Norway,Paid,Basic,Tablet,2024-01-07 18:32:00,11,100,1,completed,100
9754,Denmark,Organic,Premium,Desktop,2024-01-07 18:33:00,3,300,1,completed,300
9755,Denmark,Organic,Premium,Desktop,2024-01-07 18:34:00,3,300,0,signup,0
9756,Denmark,Organic,Pro,Desktop,2024-01-07 18:35:00,1,500,0,form_started,0
9757,Denmark,Direct,Basic,Desktop,2024-01-07 18:36:00,13,100,0,form_started,0
9758,Norway,Paid,Pro,Desktop,2024-01-07 18:37:00,10,500,0,form_started,0
9759,Denmark,Paid,Pro,Mobile,2024-01-07 18:38:00,6,500,0,form_started,0
9760,Norway,Direct,Pro,Mobile,2024-01-07 18:39:00,11,500,0,form_started,0
9761,Norway,Paid,Pro,Desktop,2024-01-07 18:40:00,8,500,0,signup,0
9762,Sweden,Paid,Pro,Desktop,2024-01-07 18:41:00,19,500,0,form_started,0
9763,Denmark,Organic,Premium,Mobile,2024-01-07 18:42:00,11,300,1,completed,300
9764,Denmark,Paid,Basic,Tablet,2024-01-07 18:43:00,6,100,0,form_started,0
9765,Sweden,Paid,Basic,Mobile,2024-01-07 18:44:00,12,100,0,signup,0
9766,Norway,Direct,Pro,Desktop,2024-01-07 18:45:00,18,500,1,completed,500
9767,Denmark,Direct,Basic,Tablet,2024-01-07 18:46:00,3,100,0,signup,0
9768,Norway,Organic,Premium,Desktop,2024-01-07 18:47:00,13,300,1,completed,300
9769,Sweden,Direct,Pro,Tablet,2024-01-07 18:48:00,4,500,1,completed,500
9770,Norway,Organic,Premium,Desktop,2024-01-07 18:49:00,9,300,1,completed,300
9771,Denmark,Organic,Premium,Mobile,2024-01-07 18:50:00,16,300,0,signup,0
9772,Norway,Paid,Pro,Desktop,2024-01-07 18:51:00,12,500,0,signup,0
9773,Norway,Organic,Premium,Mobile,2024-01-07 18:52:00,7,300,0,signup,0
9774,Denmark,Paid,Pro,Tablet,2024-01-07 18:53:00,12,500,1,completed,500
9775,Denmark,Organic,Premium,Mobile,2024-01-07 18:54:00,8,300,1,completed,300
9776,Norway,Direct,Basic,Tablet,2024-01-07 18:55:00,15,100,0,signup,0
9777,Norway,Direct,Basic,Desktop,2024-01-07 18:56:00,2,100,1,completed,100
9778,Sweden,Direct,Basic,Mobile,2024-01-07 18:57:00,11,100,0,form_started,0
9779,Denmark,Organic,Pro,Tablet,2024-01-07 18:58:00,5,500,0,form_started,0
9780,Norway,Organic,Premium,Tablet,2024-01-07 18:59:00,6,300,0,form_started,0
9781,Denmark,Paid,Premium,Tablet,2024-01-07 19:00:00,19,300,0,signup,0
9782,Sweden,Paid,Basic,Tablet,2024-01-07 19:01:00,14,100,1,completed,100
9783,Norway,Paid,Basic,Desktop,2024-01-07 19:02:00,7,100,0,signup,0
9784,Norway,Paid,Pro,Desktop,2024-01-07 19:03:00,12,500,1,completed,500
9785,Norway,Organic,Pro,Desktop,2024-01-07 19:04:00,17,500,1,completed,500
9786,Denmark,Organic,Premium,Tablet,2024-01-07 19:05:00,4,300,1,completed,300
9787,Sweden,Paid,Pro,Desktop,2024-01-07 19:06:00,10,500,0,form_started,0
9788,Denmark,Organic,Pro,Tablet,2024-01-07 19:07:00,1,500,1,completed,500
9789,Norway,Organic,Pro,Tablet,2024-01-07 19:08:00,4,500,0,form_started,0
9790,Sweden,Organic,Basic,Tablet,2024-01-07 19:09:00,13,100,1,completed,100
9791,Norway,Organic,Basic,Mobile,2024-01-07 19:10:00,6,100,0,signup,0
9792,Norway,Paid,Premium,Desktop,2024-01-07 19:11:00,15,300,0,form_started,0
9793,Denmark,Paid,Pro,Desktop,2024-01-07 19:12:00,14,500,1,completed,500
9794,Norway,Organic,Basic,Mobile,2024-01-07 19:13:00,3,100,1,completed,100
9795,Sweden,Direct,Pro,Mobile,2024-01-07 19:14:00,19,500,1,completed,500
9796,Norway,Paid,Premium,Mobile,2024-01-07 19:15:00,6,300,0,signup,0
9797,Norway,Paid,Pro,Mobile,2024-01-07 19:16:00,2,500,0,signup,0
9798,Denmark,Direct,Premium,Tablet,2024-01-07 19:17:00,9,300,0,signup,0
9799,Sweden,Paid,Premium,Desktop,2024-01-07 19:18:00,13,300,0,signup,0
9800,Denmark,Direct,Basic,Desktop,2024-01-07 19:19:00,18,100,0,form_started,0
9801,Norway,Direct,Pro,Desktop,2024-01-07 19:20:00,12,500,0,form_started,0
9802,Denmark,Organic,Basic,Tablet,2024-01-07 19:21:00,4,100,1,completed,100
9803,Denmark,Paid,Pro,Desktop,2024-01-07 19:22:00,7,500,1,completed,500
9804,Denmark,Direct,Pro,Mobile,2024-01-07 19:23:00,12,500,0,form_started,0
9805,Denmark,Organic,Premium,Desktop,2024-01-07 19:24:00,11,300,0,form_started,0
9806,Norway,Paid,Premium,Desktop,2024-01-07 19:25:00,7,300,0,signup,0
9807,Norway,Organic,Pro,Tablet,2024-01-07 19:26:00,10,500,0,form_started,0
9808,Sweden,Organic,Basic,Mobile,2024-01-07 19:27:00,9,100,1,completed,100
9809,Denmark,Direct,Premium,Mobile,2024-01-07 19:28:00,2,300,0,form_started,0
9810,Denmark,Paid,Premium,Mobile,2024-01-07 19:29:00,5,300,0,signup,0
9811,Sweden,Organic,Pro,Desktop,2024-01-07 19:30:00,10,500,0,signup,0
9812,Denmark,Direct,Pro,Mobile,2024-01-07 19:31:00,14,500,1,completed,500
9813,Sweden,Direct,Premium,Mobile,2024-01-07 19:32:00,16,300,1,completed,300
9814,Norway,Organic,Basic,Desktop,2024-01-07 19:33:00,2,100,1,completed,100
9815,Sweden,Organic,Premium,Tablet,2024-01-07 19:34:00,19,300,0,form_started,0
9816,Denmark,Direct,Pro,Desktop,2024-01-07 19:35:00,9,500,0,signup,0
9817,Sweden,Organic,Premium,Tablet,2024-01-07 19:36:00,14,300,0,signup,0
9818,Norway,Organic,Pro,Tablet,2024-01-07 19:37:00,15,500,0,signup,0
9819,Denmark,Paid,Premium,Mobile,2024-01-07 19:38:00,19,300,0,signup,0
9820,Norway,Direct,Pro,Mobile,2024-01-07 19:39:00,8,500,1,completed,500
9821,Norway,Organic,Pro,Desktop,2024-01-07 19:40:00,15,500,0,signup,0
9822,Sweden,Direct,Basic,Tablet,2024-01-07 19:41:00,8,100,0,signup,0
9823,Norway,Paid,Pro,Desktop,2024-01-07 19:42:00,4,500,1,completed,500
9824,Denmark,Direct,Premium,Mobile,2024-01-07 19:43:00,6,300,0,signup,0
9825,Norway,Direct,Pro,Tablet,2024-01-07 19:44:00,11,500,0,signup,0
9826,Norway,Direct,Premium,Mobile,2024-01-07 19:45:00,12,300,0,form_started,0
9827,Sweden,Paid,Basic,Mobile,2024-01-07 19:46:00,9,100,1,completed,100
9828,Norway,Paid,Premium,Mobile,2024-01-07 19:47:00,18,300,0,form_started,0
9829,Sweden,Direct,Basic,Tablet,2024-01-07 19:48:00,17,100,0,signup,0
9830,Sweden,Direct,Basic,Tablet,2024-01-07 19:49:00,3,100,1,completed,100
9831,Denmark,Paid,Pro,Mobile,2024-01-07 19:50:00,13,500,0,form_started,0
9832,Denmark,Organic,Basic,Tablet,2024-01-07 19:51:00,6,100,1,completed,100
9833,Denmark,Paid,Premium,Mobile,2024-01-07 19:52:00,14,300,0,signup,0
9834,Denmark,Direct,Basic,Mobile,2024-01-07 19:53:00,1,100,0,signup,0
9835,Sweden,Organic,Basic,Mobile,2024-01-07 19:54:00,4,100,0,form_started,0
9836,Norway,Organic,Pro,Tablet,2024-01-07 19:55:00,18,500,0,form_started,0
9837,Denmark,Organic,Premium,Desktop,2024-01-07 19:56:00,11,300,0,signup,0
9838,Denmark,Paid,Basic,Desktop,2024-01-07 19:57:00,11,100,0,signup,0
9839,Denmark,Paid,Pro,Tablet,2024-01-07 19:58:00,8,500,0,signup,0
9840,Norway,Paid,Pro,Tablet,2024-01-07 19:59:00,4,500,0,signup,0
9841,Denmark,Paid,Premium,Mobile,2024-01-07 20:00:00,2,300,0,form_started,0
9842,Norway,Direct,Pro,Mobile,2024-01-07 20:01:00,1,500,1,completed,500
9843,Sweden,Organic,Basic,Desktop,2024-01-07 20:02:00,10,100,0,form_started,0
9844,Sweden,Direct,Pro,Mobile,2024-01-07 20:03:00,17,500,0,form_started,0
9845,Sweden,Paid,Premium,Desktop,2024-01-07 20:04:00,7,300,0,form_started,0
9846,Norway,Paid,Premium,Desktop,2024-01-07 20:05:00,7,300,0,signup,0
9847,Denmark,Direct,Pro,Tablet,2024-01-07 20:06:00,13,500,1,completed,500
9848,Denmark,Organic,Basic,Tablet,2024-01-07 20:07:00,1,100,1,completed,100
9849,Denmark,Organic,Pro,Tablet,2024-01-07 20:08:00,1,500,1,completed,500
9850,Denmark,Paid,Premium,Desktop,2024-01-07 20:09:00,13,300,0,form_started,0
9851,Denmark,Paid,Pro,Tablet,2024-01-07 20:10:00,1,500,0,form_started,0
9852,Norway,Paid,Pro,Desktop,2024-01-07 20:11:00,6,500,0,form_started,0
9853,Sweden,Paid,Basic,Tablet,2024-01-07 20:12:00,10,100,0,signup,0
9854,Denmark,Organic,Pro,Desktop,2024-01-07 20:13:00,1,500,1,completed,500
9855,Sweden,Direct,Basic,Mobile,2024-01-07 20:14:00,5,100,1,completed,100
9856,Norway,Organic,Pro,Mobile,2024-01-07 20:15:00,2,500,0,signup,0
9857,Norway,Direct,Pro,Desktop,2024-01-07 20:16:00,3,500,0,signup,0
9858,Denmark,Paid,Basic,Desktop,2024-01-07 20:17:00,3,100,0,signup,0
9859,Norway,Paid,Basic,Mobile,2024-01-07 20:18:00,18,100,1,completed,100
9860,Sweden,Direct,Premium,Desktop,2024-01-07 20:19:00,8,300,0,signup,0
9861,Denmark,Paid,Basic,Desktop,2024-01-07 20:20:00,9,100,0,form_started,0
9862,Denmark,Organic,Pro,Mobile,2024-01-07 20:21:00,2,500,1,completed,500
9863,Sweden,Paid,Premium,Desktop,2024-01-07 20:22:00,2,300,1,completed,300
9864,Denmark,Paid,Basic,Tablet,2024-01-07 20:23:00,16,100,0,form_started,0
9865,Denmark,Paid,Basic,Mobile,2024-01-07 20:24:00,7,100,0,form_started,0
9866,Sweden,Paid,Premium,Tablet,2024-01-07 20:25:00,4,300,1,completed,300
9867,Denmark,Organic,Pro,Desktop,2024-01-07 20:26:00,5,500,0,form_started,0
9868,Denmark,Direct,Pro,Desktop,2024-01-07 20:27:00,1,500,1,completed,500
9869,Sweden,Paid,Premium,Tablet,2024-01-07 20:28:00,10,300,0,signup,0
9870,Norway,Paid,Pro,Desktop,2024-01-07 20:29:00,13,500,1,completed,500
9871,Sweden,Organic,Basic,Desktop,2024-01-07 20:30:00,15,100,1,completed,100
9872,Denmark,Organic,Pro,Tablet,2024-01-07 20:31:00,1,500,1,completed,500
9873,Sweden,Organic,Basic,Desktop,2024-01-07 20:32:00,18,100,0,signup,0
9874,Denmark,Paid,Pro,Mobile,2024-01-07 20:33:00,14,500,0,signup,0
9875,Denmark,Direct,Basic,Tablet,2024-01-07 20:34:00,18,100,0,signup,0
9876,Sweden,Organic,Premium,Tablet,2024-01-07 20:35:00,12,300,1,completed,300
9877,Denmark,Organic,Basic,Tablet,2024-01-07 20:36:00,12,100,0,form_started,0
9878,Norway,Organic,Pro,Tablet,2024-01-07 20:37:00,5,500,0,signup,0
9879,Denmark,Direct,Basic,Mobile,2024-01-07 20:38:00,7,100,0,form_started,0
9880,Sweden,Paid,Pro,Tablet,2024-01-07 20:39:00,13,500,1,completed,500
9881,Norway,Paid,Pro,Tablet,2024-01-07 20:40:00,9,500,1,completed,500
9882,Norway,Paid,Basic,Desktop,2024-01-07 20:41:00,6,100,1,completed,100
9883,Denmark,Organic,Pro,Tablet,2024-01-07 20:42:00,7,500,0,signup,0
9884,Sweden,Paid,Premium,Desktop,2024-01-07 20:43:00,18,300,1,completed,300
9885,Denmark,Organic,Pro,Tablet,2024-01-07 20:44:00,15,500,0,form_started,0
9886,Denmark,Direct,Premium,Tablet,2024-01-07 20:45:00,8,300,1,completed,300
9887,Sweden,Direct,Premium,Mobile,2024-01-07 20:46:00,16,300,0,signup,0
9888,Sweden,Paid,Pro,Desktop,2024-01-07 20:47:00,17,500,0,form_started,0
9889,Denmark,Organic,Premium,Mobile,2024-01-07 20:48:00,3,300,0,form_started,0
9890,Norway,Organic,Premium,Desktop,2024-01-07 20:49:00,13,300,0,form_started,0
9891,Denmark,Paid,Basic,Tablet,2024-01-07 20:50:00,9,100,0,signup,0
9892,Norway,Direct,Premium,Mobile,2024-01-07 20:51:00,15,300,0,signup,0
9893,Denmark,Direct,Premium,Desktop,2024-01-07 20:52:00,16,300,0,signup,0
9894,Sweden,Direct,Premium,Desktop,2024-01-07 20:53:00,16,300,0,form_started,0
9895,Norway,Direct,Premium,Mobile,2024-01-07 20:54:00,19,300,0,form_started,0
9896,Sweden,Direct,Premium,Desktop,2024-01-07 20:55:00,4,300,1,completed,300
9897,Sweden,Paid,Pro,Tablet,2024-01-07 20:56:00,19,500,1,completed,500
9898,Sweden,Paid,Premium,Desktop,2024-01-07 20:57:00,19,300,1,completed,300
9899,Sweden,Paid,Pro,Tablet,2024-01-07 20:58:00,2,500,1,completed,500
9900,Sweden,Direct,Pro,Desktop,2024-01-07 20:59:00,6,500,1,completed,500
9901,Denmark,Direct,Pro,Mobile,2024-01-07 21:00:00,13,500,1,completed,500
9902,Norway,Paid,Basic,Tablet,2024-01-07 21:01:00,15,100,1,completed,100
9903,Denmark,Paid,Basic,Desktop,2024-01-07 21:02:00,10,100,0,form_started,0
9904,Denmark,Direct,Pro,Tablet,2024-01-07 21:03:00,10,500,0,form_started,0
9905,Denmark,Organic,Basic,Mobile,2024-01-07 21:04:00,4,100,0,signup,0
9906,Sweden,Paid,Premium,Desktop,2024-01-07 21:05:00,14,300,1,completed,300
9907,Denmark,Direct,Pro,Desktop,2024-01-07 21:06:00,8,500,1,completed,500
9908,Norway,Direct,Pro,Tablet,2024-01-07 21:07:00,6,500,0,form_started,0
9909,Denmark,Paid,Pro,Mobile,2024-01-07 21:08:00,12,500,0,signup,0
9910,Sweden,Organic,Basic,Mobile,2024-01-07 21:09:00,8,100,0,form_started,0
9911,Norway,Direct,Basic,Desktop,2024-01-07 21:10:00,6,100,1,completed,100
9912,Norway,Paid,Basic,Tablet,2024-01-07 21:11:00,15,100,0,signup,0
9913,Norway,Direct,Premium,Desktop,2024-01-07 21:12:00,19,300,0,form_started,0
9914,Norway,Direct,Basic,Desktop,2024-01-07 21:13:00,14,100,0,form_started,0
9915,Denmark,Direct,Pro,Tablet,2024-01-07 21:14:00,3,500,0,signup,0
9916,Sweden,Direct,Basic,Mobile,2024-01-07 21:15:00,18,100,1,completed,100
9917,Norway,Organic,Basic,Desktop,2024-01-07 21:16:00,10,100,1,completed,100
9918,Norway,Paid,Basic,Desktop,2024-01-07 21:17:00,14,100,0,signup,0
9919,Sweden,Paid,Basic,Tablet,2024-01-07 21:18:00,14,100,0,form_started,0
9920,Denmark,Paid,Pro,Tablet,2024-01-07 21:19:00,7,500,0,form_started,0
9921,Norway,Paid,Basic,Desktop,2024-01-07 21:20:00,7,100,0,form_started,0
9922,Denmark,Paid,Pro,Mobile,2024-01-07 21:21:00,11,500,0,signup,0
9923,Denmark,Organic,Basic,Tablet,2024-01-07 21:22:00,18,100,0,signup,0
9924,Denmark,Direct,Premium,Desktop,2024-01-07 21:23:00,10,300,1,completed,300
9925,Denmark,Direct,Premium,Mobile,2024-01-07 21:24:00,15,300,0,signup,0
9926,Norway,Paid,Pro,Tablet,2024-01-07 21:25:00,12,500,1,completed,500
9927,Norway,Direct,Pro,Tablet,2024-01-07 21:26:00,17,500,0,signup,0
9928,Denmark,Direct,Premium,Desktop,2024-01-07 21:27:00,17,300,0,signup,0
9929,Denmark,Direct,Premium,Tablet,2024-01-07 21:28:00,1,300,1,completed,300
9930,Sweden,Paid,Basic,Desktop,2024-01-07 21:29:00,6,100,1,completed,100
9931,Sweden,Paid,Premium,Tablet,2024-01-07 21:30:00,15,300,0,form_started,0
9932,Sweden,Organic,Pro,Mobile,2024-01-07 21:31:00,19,500,1,completed,500
9933,Norway,Paid,Pro,Mobile,2024-01-07 21:32:00,14,500,0,form_started,0
9934,Sweden,Organic,Premium,Tablet,2024-01-07 21:33:00,10,300,0,signup,0
9935,Norway,Paid,Pro,Desktop,2024-01-07 21:34:00,10,500,1,completed,500
9936,Norway,Direct,Basic,Tablet,2024-01-07 21:35:00,7,100,0,form_started,0
9937,Norway,Organic,Basic,Desktop,2024-01-07 21:36:00,7,100,0,signup,0
9938,Norway,Organic,Premium,Tablet,2024-01-07 21:37:00,14,300,1,completed,300
9939,Sweden,Organic,Pro,Mobile,2024-01-07 21:38:00,15,500,0,signup,0
9940,Denmark,Paid,Premium,Desktop,2024-01-07 21:39:00,9,300,0,signup,0
9941,Denmark,Organic,Pro,Mobile,2024-01-07 21:40:00,15,500,0,signup,0
9942,Denmark,Paid,Pro,Mobile,2024-01-07 21:41:00,9,500,0,signup,0
9943,Sweden,Organic,Pro,Mobile,2024-01-07 21:42:00,7,500,0,form_started,0
9944,Denmark,Paid,Basic,Tablet,2024-01-07 21:43:00,11,100,1,completed,100
9945,Sweden,Organic,Pro,Desktop,2024-01-07 21:44:00,5,500,0,form_started,0
9946,Sweden,Direct,Basic,Mobile,2024-01-07 21:45:00,9,100,0,form_started,0
9947,Sweden,Direct,Pro,Desktop,2024-01-07 21:46:00,6,500,0,form_started,0
9948,Denmark,Organic,Premium,Desktop,2024-01-07 21:47:00,7,300,1,completed,300
9949,Denmark,Paid,Basic,Mobile,2024-01-07 21:48:00,14,100,1,completed,100
9950,Denmark,Paid,Basic,Tablet,2024-01-07 21:49:00,19,100,0,signup,0
9951,Norway,Paid,Basic,Mobile,2024-01-07 21:50:00,11,100,1,completed,100
9952,Sweden,Direct,Premium,Mobile,2024-01-07 21:51:00,7,300,0,form_started,0
9953,Norway,Direct,Basic,Desktop,2024-01-07 21:52:00,6,100,0,form_started,0
9954,Sweden,Direct,Premium,Tablet,2024-01-07 21:53:00,4,300,1,completed,300
9955,Denmark,Paid,Pro,Desktop,2024-01-07 21:54:00,14,500,0,signup,0
9956,Sweden,Paid,Pro,Tablet,2024-01-07 21:55:00,3,500,1,completed,500
9957,Sweden,Paid,Premium,Mobile,2024-01-07 21:56:00,17,300,0,form_started,0
9958,Norway,Organic,Basic,Tablet,2024-01-07 21:57:00,15,100,1,completed,100
9959,Sweden,Organic,Basic,Desktop,2024-01-07 21:58:00,1,100,0,form_started,0
9960,Denmark,Organic,Premium,Mobile,2024-01-07 21:59:00,11,300,1,completed,300
9961,Sweden,Direct,Pro,Tablet,2024-01-07 22:00:00,13,500,1,completed,500
9962,Sweden,Direct,Premium,Tablet,2024-01-07 22:01:00,3,300,0,form_started,0
9963,Sweden,Paid,Basic,Desktop,2024-01-07 22:02:00,13,100,0,form_started,0
9964,Norway,Organic,Basic,Tablet,2024-01-07 22:03:00,18,100,1,completed,100
9965,Sweden,Paid,Basic,Mobile,2024-01-07 22:04:00,9,100,0,signup,0
9966,Sweden,Organic,Basic,Tablet,2024-01-07 22:05:00,2,100,0,signup,0
9967,Norway,Organic,Pro,Desktop,2024-01-07 22:06:00,8,500,1,completed,500
9968,Norway,Paid,Pro,Tablet,2024-01-07 22:07:00,2,500,0,form_started,0
9969,Norway,Paid,Pro,Mobile,2024-01-07 22:08:00,1,500,0,signup,0
9970,Norway,Organic,Basic,Mobile,2024-01-07 22:09:00,3,100,1,completed,100
9971,Denmark,Organic,Basic,Tablet,2024-01-07 22:10:00,17,100,0,form_started,0
9972,Denmark,Direct,Basic,Tablet,2024-01-07 22:11:00,7,100,1,completed,100
9973,Sweden,Paid,Premium,Mobile,2024-01-07 22:12:00,10,300,0,form_started,0
9974,Denmark,Paid,Basic,Desktop,2024-01-07 22:13:00,19,100,0,form_started,0
9975,Sweden,Paid,Pro,Mobile,2024-01-07 22:14:00,9,500,0,signup,0
9976,Denmark,Paid,Pro,Tablet,2024-01-07 22:15:00,18,500,1,completed,500
9977,Norway,Organic,Pro,Tablet,2024-01-07 22:16:00,15,500,1,completed,500
9978,Norway,Direct,Premium,Desktop,2024-01-07 22:17:00,17,300,0,signup,0
9979,Denmark,Paid,Pro,Mobile,2024-01-07 22:18:00,17,500,0,form_started,0
9980,Denmark,Organic,Premium,Mobile,2024-01-07 22:19:00,19,300,0,signup,0
9981,Sweden,Organic,Premium,Desktop,2024-01-07 22:20:00,9,300,1,completed,300
9982,Sweden,Organic,Premium,Mobile,2024-01-07 22:21:00,6,300,0,signup,0
9983,Sweden,Organic,Basic,Desktop,2024-01-07 22:22:00,19,100,0,signup,0
9984,Norway,Organic,Basic,Mobile,2024-01-07 22:23:00,8,100,1,completed,100
9985,Norway,Paid,Pro,Desktop,2024-01-07 22:24:00,6,500,1,completed,500
9986,Norway,Paid,Pro,Desktop,2024-01-07 22:25:00,17,500,0,signup,0
9987,Norway,Direct,Premium,Desktop,2024-01-07 22:26:00,6,300,1,completed,300
9988,Sweden,Paid,Basic,Tablet,2024-01-07 22:27:00,13,100,1,completed,100
9989,Norway,Organic,Pro,Tablet,2024-01-07 22:28:00,2,500,1,completed,500
9990,Norway,Direct,Pro,Tablet,2024-01-07 22:29:00,12,500,0,form_started,0
9991,Norway,Organic,Basic,Mobile,2024-01-07 22:30:00,7,100,0,form_started,0
9992,Norway,Organic,Premium,Desktop,2024-01-07 22:31:00,6,300,1,completed,300
9993,Denmark,Paid,Pro,Mobile,2024-01-07 22:32:00,17,500,0,form_started,0
9994,Sweden,Organic,Pro,Mobile,2024-01-07 22:33:00,8,500,0,form_started,0
9995,Sweden,Paid,Basic,Desktop,2024-01-07 22:34:00,6,100,0,form_started,0
9996,Norway,Organic,Basic,Tablet,2024-01-07 22:35:00,19,100,0,signup,0
9997,Denmark,Direct,Premium,Mobile,2024-01-07 22:36:00,9,300,0,signup,0
9998,Sweden,Organic,Premium,Mobile,2024-01-07 22:37:00,16,300,1,completed,300
9999,Sweden,Paid,Pro,Mobile,2024-01-07 22:38:00,18,500,0,form_started,0
10000,Norway,Organic,Premium,Tablet,2024-01-07 22:39:00,19,300,0,form_started,0
